time,FR_hip_joint,FR_thigh_joint,FR_calf_joint,FR_ik_error,FR_ik_success,FR_limit_violation,FL_hip_joint,FL_thigh_joint,FL_calf_joint,FL_ik_error,FL_ik_success,FL_limit_violation,RR_hip_joint,RR_thigh_joint,RR_calf_joint,RR_ik_error,RR_ik_success,RR_limit_violation,RL_hip_joint,RL_thigh_joint,RL_calf_joint,RL_ik_error,RL_ik_success,RL_limit_violation
0.0,1.0936499099547733e-05,0.7410738922026836,-1.7819756859034523,7.35671174379055e-06,True,False,-6.515256742755244e-06,0.9963620605392595,-1.791989295370857,4.65055884516874e-06,True,False,6.515256742758361e-06,0.9963620605392592,-1.791989295370857,4.6505588451706565e-06,True,False,-1.0936499099533856e-05,0.7410738922026834,-1.7819756859034526,7.3567117438257285e-06,True,False
0.01,-4.937935481437957e-06,0.7437885164628719,-1.7825039361502133,3.8073718274119648e-06,True,False,2.4652481867924584e-06,0.9986242482095924,-1.7915434210558625,1.8048270032287733e-06,True,False,-2.465248186888573e-06,0.9986242482095921,-1.7915434210558625,1.804827003250378e-06,True,False,4.9379354814451125e-06,0.7437885164628716,-1.7825039361502133,3.807371827398095e-06,True,False
0.02,-5.170181697002868e-06,0.7465451332406791,-1.78308923586001,3.955201642259838e-06,True,False,2.5929217928566837e-06,1.0009059957624806,-1.7911263185562176,1.8788662259216247e-06,True,False,-2.592921792859272e-06,1.0009059957624804,-1.7911263185562178,1.8788662258751122e-06,True,False,5.170181697010051e-06,0.7465451332406787,-1.7830892358600101,3.955201642246117e-06,True,False
0.03,-5.152507959177224e-06,0.7492992165474642,-1.7836656073078454,3.938086463812167e-06,True,False,2.5642736095752476e-06,1.0031818389487508,-1.7906998138991737,1.8578286954541395e-06,True,False,-2.5642736095785612e-06,1.0031818389487506,-1.790699813899174,1.8578286954188839e-06,True,False,5.1525079591845015e-06,0.7492992165474639,-1.7836656073078456,3.938086463849156e-06,True,False
0.04,-5.1309775211937916e-06,0.7520500804447449,-1.7842320420984528,3.918472863534152e-06,True,False,2.53305843171108e-06,1.0054513499388211,-1.79026332250301,1.8352706811073895e-06,True,False,-2.5330584316997433e-06,1.0054513499388205,-1.7902633225030098,1.8352706811764163e-06,True,False,5.130977521291126e-06,0.7520500804447446,-1.7842320420984525,3.918472863526093e-06,True,False
0.05,-5.109330162702931e-06,0.7547976850577524,-1.784788521560424,3.89881677495873e-06,True,False,2.501687346784194e-06,1.007714494246791,-1.7898168380670352,1.8126508714733637e-06,True,False,-2.501687346782832e-06,1.007714494246791,-1.7898168380670352,1.8126508714733637e-06,True,False,5.109330162600094e-06,0.7547976850577521,-1.7847885215604238,3.89881677494511e-06,True,False
0.06,-5.087621457831106e-06,0.7575420001720895,-1.7853350420353444,3.8791545850513005e-06,True,False,2.4701978637784504e-06,1.0099712436397608,-1.7893603633465573,1.7899922898846369e-06,True,False,-2.4701978637746693e-06,1.0099712436397605,-1.7893603633465573,1.7899922898959187e-06,True,False,5.087621457732728e-06,0.7575420001720892,-1.7853350420353444,3.8791545850513005e-06,True,False
0.07,-5.065851209700266e-06,0.7602829956220358,-1.7858716001358885,3.859486103766059e-06,True,False,2.4385904830273076e-06,1.012221570109388,-1.7888939012904426,1.7672956314505272e-06,True,False,-2.4385904830316512e-06,1.0122215701093877,-1.788893901290443,1.7672956314731167e-06,True,False,5.065851209708764e-06,0.7602829956220356,-1.7858716001358887,3.8594861037080706e-06,True,False
0.08,-5.044018385763995e-06,0.7630206411473751,-1.7863981925238483,3.839810595761405e-06,True,False,2.4068651344401646e-06,1.0144654457794835,-1.788417454902227,1.7445612773799555e-06,True,False,-2.4068651344385858e-06,1.0144654457794835,-1.788417454902227,1.7445612773799555e-06,True,False,5.044018385771273e-06,0.7630206411473749,-1.7863981925238486,3.839810595788447e-06,True,False
0.09,-5.0221219486836345e-06,0.7657549063934602,-1.7869148159076549,3.820127325900778e-06,True,False,2.375021746459888e-06,1.0167028429061142,-1.7879310272371747,1.721789640149459e-06,True,False,-2.3750217464576655e-06,1.0167028429061142,-1.787931027237175,1.7217896400916872e-06,True,False,5.022121948688771e-06,0.7657549063934603,-1.786914815907655,3.8201273258562774e-06,True,False
0.1,-5.0001608696697306e-06,0.7684857609134622,-1.787421467043206,3.800435566738536e-06,True,False,2.343060254032918e-06,1.0189337338791167,-1.7874346214014465,1.6989811712708663e-06,True,False,-2.3430602540225773e-06,1.0189337338791165,-1.7874346214014465,1.6989811712130918e-06,True,False,5.0001608696702185e-06,0.768485760913462,-1.7874214670432063,3.800435566738536e-06,True,False
0.11,-4.978134128323959e-06,0.7712131741706594,-1.7879181427347304,3.7807345992081244e-06,True,False,2.3109805989070365e-06,1.0211580912236096,-1.7869282405512787,1.6761363642045935e-06,True,False,-2.3109805988988507e-06,1.0211580912236098,-1.7869282405512787,1.6761363641354504e-06,True,False,4.978134128325829e-06,0.7712131741706593,-1.7879181427347306,3.7807345991769773e-06,True,False
0.12,-4.956040712637456e-06,0.7739371155407428,-1.7884048398356331,3.761023712210629e-06,True,False,2.2787827298693442e-06,1.0233758876014811,-1.7864118878921529,1.6532557572798087e-06,True,False,-2.278782729859505e-06,1.023375887601481,-1.786411887892153,1.6532557572675866e-06,True,False,4.956040712634935e-06,0.7739371155407428,-1.7884048398356331,3.761023712210629e-06,True,False
0.13,-4.93387961963775e-06,0.776657554314135,-1.788881555249331,3.7413022029413317e-06,True,False,2.246466601776014e-06,1.0255870958128444,-1.7858855666779507,1.6303399369679642e-06,True,False,-2.2464666017663106e-06,1.0255870958128441,-1.7858855666779507,1.630339936956549e-06,True,False,4.9338796196318275e-06,0.7766575543141347,-1.7888815552493307,3.7413022029859665e-06,True,False
0.14,-4.911649854718412e-06,0.7793744596983183,-1.7893482859300711,3.721569376362168e-06,True,False,2.214032176182213e-06,1.0277916887974698,-1.7853492802100894,1.6073895409629024e-06,True,False,-2.214032176171974e-06,1.0277916887974694,-1.7853492802100894,1.607389540985789e-06,True,False,4.911649854716854e-06,0.779374459698318,-1.7893482859300711,3.721569376388812e-06,True,False
0.15,-4.88935043183199e-06,0.7820878008201751,-1.7898050288837322,3.7018245458111927e-06,True,False,2.181479420679281e-06,1.0299896396361856,-1.7848030318366472,1.5844052625946509e-06,True,False,-2.18147942066953e-06,1.0299896396361854,-1.7848030318366472,1.5844052625831767e-06,True,False,4.8893504317339104e-06,0.7820878008201751,-1.7898050288837324,3.7018245457833613e-06,True,False
0.16,-4.866980374060691e-06,0.7847975467283435,-1.7902517811686147,3.682067032342322e-06,True,False,2.148808308641002e-06,1.0321809215522546,-1.7842468249514711,1.5613878546120901e-06,True,False,-2.148808308638888e-06,1.0321809215522546,-1.7842468249514714,1.5613878545890743e-06,True,False,4.866980374061355e-06,0.7847975467283432,-1.7902517811686147,3.6820670323290665e-06,True,False
0.17,-4.844538713649491e-06,0.7875036663955772,-1.7906885398962094,3.6622961653755897e-06,True,False,2.116018819720269e-06,1.0343655079127188,-1.783680662993272,1.538338133760259e-06,True,False,-2.116018819708458e-06,1.0343655079127185,-1.783680662993272,1.5383381337487146e-06,True,False,4.844538713650115e-06,0.787503666395577,-1.7906885398962094,3.6622961653308236e-06,True,False
0.18,-4.822024491015446e-06,0.7902061287211221,-1.7911153022319586,3.642511282057803e-06,True,False,2.083110938634371e-06,1.0365433722297162,-1.7831045494447026,1.5152569861902563e-06,True,False,-2.0831109386230547e-06,1.036543372229716,-1.7831045494447026,1.5152569861786724e-06,True,False,4.8220244910070166e-06,0.7902061287211215,-1.7911153022319581,3.6425112820709923e-06,True,False
0.19,-4.7994367561689976e-06,0.7929049025330986,-1.7915320653959925,3.6227117276047455e-06,True,False,2.05008465619252e-06,1.0387144881617725,-1.782518487831424,1.4921453727547465e-06,True,False,-2.050084656181156e-06,1.038714488161772,-1.782518487831424,1.492145372766373e-06,True,False,4.799436756169526e-06,0.7929049025330984,-1.7915320653959925,3.6227117276047455e-06,True,False
0.2,-4.77677456791405e-06,0.7955999565909005,-1.7919388266638607,3.602896855348671e-06,True,False,2.0169399679460375e-06,1.0408788295150586,-1.7819224817211559,1.4690043349388478e-06,True,False,-2.016939968042267e-06,1.0408788295150584,-1.781922481721156,1.4690043349027962e-06,True,False,4.776774567914483e-06,0.7955999565909003,-1.7919388266638607,3.602896855290684e-06,True,False
0.21,-4.75403699425815e-06,0.7982912595875933,-1.792335583367235,3.5830660263793245e-06,True,False,-1.6796569263445891e-06,1.037916151631143,-1.7832878262993657,1.4609715267259101e-06,True,False,1.6796569263549636e-06,1.0379161516311428,-1.7832878262993654,1.4609715267150575e-06,True,False,4.754036994257201e-06,0.798291259587593,-1.792335583367235,3.583066026392415e-06,True,False
0.22,-4.731223112386116e-06,0.8009787801523309,-1.7927223328946094,3.563218609750179e-06,True,False,1.4552459375927487e-06,1.0354538632134498,-1.7855205936721497,9.980693862155935e-07,True,False,-1.4552459375890963e-06,1.0354538632134496,-1.7855205936721499,9.980693862155935e-07,True,False,4.731223112385059e-06,0.8009787801523306,-1.7927223328946094,3.5632186097632365e-06,True,False
0.23,-4.708332008678223e-06,0.8036624868527785,-1.7930990726919736,3.543353982618619e-06,True,False,4.6652729281459684e-06,1.0335032546707104,-1.788638382960332,2.8910498437166547e-06,True,False,-4.665272928142838e-06,1.0335032546707101,-1.7886383829603323,2.8910498437166547e-06,True,False,4.708332008683088e-06,0.8036624868527782,-1.793099072691974,3.5433539825997086e-06,True,False
0.24,-4.685362778858752e-06,0.80634234819754,-1.7934658002634787,3.5234715298117775e-06,True,False,7.815199945049564e-06,1.03204996067867,-1.7926256203983875,4.871464269996208e-06,True,False,-7.815199945039223e-06,1.0320499606786695,-1.7926256203983872,4.871464270046511e-06,True,False,4.685362778849956e-06,0.8063423481975395,-1.7934658002634785,3.523471529837761e-06,True,False
0.25,-4.6623145280912386e-06,0.8090183326385987,-1.7938225131720795,3.5035706442053107e-06,True,False,1.088757564924788e-05,1.0310759085707857,-1.7974598730008293,6.793863877335345e-06,True,False,-1.0887575649244695e-05,1.0310759085707852,-1.7974598730008293,6.7938638773869725e-06,True,False,4.6623145280835e-06,0.8090183326385982,-1.7938225131720793,3.5035706442053107e-06,True,False
0.26,-4.639186370615332e-06,0.8116904085737632,-1.7941692090401653,3.4836507266406788e-06,True,False,1.386735990885594e-05,1.03055976792618,-1.8031125411235196,8.62981643949163e-06,True,False,-1.3867359908762062e-05,1.0305597679261802,-1.8031125411235198,8.6298164394277e-06,True,False,4.6391863706157115e-06,0.811690408573763,-1.7941692090401655,3.4836507266406788e-06,True,False
0.27,-4.615977430788958e-06,0.8143585443491212,-1.7945058855501759,3.4637111855997842e-06,True,False,2.132474288478235e-06,1.0305127111732606,-1.8096054922583933,1.283573632918296e-06,True,False,-2.1324742884754093e-06,1.0305127111732606,-1.8096054922583933,1.283573632918296e-06,True,False,4.6159774307822764e-06,0.8143585443491208,-1.7945058855501759,3.4637111855997842e-06,True,False
0.28,-4.592686842017912e-06,0.8170227082614981,-1.7948325404451941,3.4437514375240308e-06,True,False,2.4534332417832673e-06,1.030842252768516,-1.8167947567254128,1.463900257690493e-06,True,False,-2.4534332417804484e-06,1.030842252768516,-1.8167947567254128,1.463900257690493e-06,True,False,4.5926868420053215e-06,0.8170227082614977,-1.794832540445194,3.4437514375562866e-06,True,False
0.29,-4.569313747349813e-06,0.819682868560927,-1.79514917152953,3.423770906753654e-06,True,False,2.7797320493492075e-06,1.031547597958456,-1.8246822273379903,1.6417379740901391e-06,True,False,-2.7797320493463886e-06,1.031547597958456,-1.8246822273379903,1.6417379740901391e-06,True,False,4.569313747345314e-06,0.8196828685609268,-1.79514917152953,3.4237709067988023e-06,True,False
0.3,-4.54585729948656e-06,0.8223389934531184,-1.7954557766692836,3.4037690255769875e-06,True,False,3.086075911839129e-06,1.0325964660820146,-1.8332183197894023,1.8019229233734328e-06,True,False,-3.08607591183631e-06,1.0325964660820146,-1.8332183197894023,1.8019229233734328e-06,True,False,4.545857299479892e-06,0.8223389934531181,-1.7954557766692836,3.4037690255446046e-06,True,False
0.31,-4.522316661160464e-06,0.8249910511019399,-1.795752353792892,3.3837452336752233e-06,True,False,3.371148939952838e-06,1.0339543915378138,-1.842349222925436,1.9437923868286604e-06,True,False,-3.371148939950019e-06,1.0339543915378138,-1.842349222925436,1.9437923868286604e-06,True,False,4.522316661154812e-06,0.8249910511019397,-1.7957523537928923,3.3837452336496967e-06,True,False
0.32,-4.498691004483122e-06,0.8276390096319006,-1.7960389008916615,3.363698979104875e-06,True,False,3.6337841106872656e-06,1.0355850575569527,-1.8520174769918427,2.066951470975079e-06,True,False,-3.633784110689827e-06,1.0355850575569527,-1.852017476991843,2.0669514709161917e-06,True,False,4.49869100446362e-06,0.8276390096319002,-1.796038900891661,3.363698979140285e-06,True,False
0.33,-4.474979511601981e-06,0.8302828371306381,-1.79631541602028,3.3436297174377993e-06,True,False,3.872891292982351e-06,1.0374505796952882,-1.8621624767091047,2.1712201329583676e-06,True,False,-3.872891292872724e-06,1.0374505796952878,-1.8621624767091047,2.1712201329565385e-06,True,False,4.474979511496542e-06,0.8302828371306379,-1.7963154160202803,3.3436297173925292e-06,True,False
0.34,-4.451181374451823e-06,0.8329225016514125,-1.7965818972973178,3.3235369119957992e-06,True,False,4.08742894992616e-06,1.0395117949022994,-1.8727209776777891,2.256603412900471e-06,True,False,-4.087428949926038e-06,1.039511794902299,-1.8727209776777893,2.2566034128688697e-06,True,False,4.451181374340462e-06,0.8329225016514122,-1.7965818972973178,3.3235369119406553e-06,True,False
0.35,-4.4272957946980785e-06,0.8355579712156028,-1.7968383429057038,3.30342003403502e-06,True,False,4.276376103240902e-06,1.0417285536459713,-1.883627599871653,2.3232599303663777e-06,True,False,-4.276376103241349e-06,1.041728553645971,-1.883627599871653,2.3232599303663777e-06,True,False,4.427295794786753e-06,0.8355579712156026,-1.7968383429057038,3.303420034009751e-06,True,False
0.36,-4.403321984642729e-06,0.838189213815207,-1.797084751093193,3.283278562600895e-06,True,False,4.438706550811538e-06,1.0440600128462336,-1.8948153227618096,2.3714704072207376e-06,True,False,-4.438706550922262e-06,1.0440600128462332,-1.8948153227618096,2.371470407228471e-06,True,False,4.403321984524538e-06,0.8381892138152066,-1.7970847510931929,3.283278562588292e-06,True,False
0.37,-4.379259165711346e-06,0.8408161974153443,-1.7973211201728114,3.263111984310324e-06,True,False,4.573367381108403e-06,1.046464927742615,-1.9062159675995942,2.40160781036364e-06,True,False,-4.573367381225944e-06,1.046464927742615,-1.9062159675995944,2.4016078103169324e-06,True,False,4.3792591656922366e-06,0.8408161974153439,-1.7973211201728112,3.2631119843682844e-06,True,False
0.38,-4.355106570272133e-06,0.8434388899567637,-1.797547448523286,3.242919793928402e-06,True,False,4.679263722729649e-06,1.0489019411548546,-1.9177606633569886,2.414110435683114e-06,True,False,-4.679263722735016e-06,1.0489019411548544,-1.9177606633569886,2.414110435700498e-06,True,False,4.35510657025526e-06,0.8434388899567635,-1.7975474485232859,3.2429197939033234e-06,True,False
0.39,-4.330863439932231e-06,0.8460572593583499,-1.797763734589458,3.222701493806175e-06,True,False,4.7552515110098315e-06,1.0513298688644168,-1.9293802937402758,2.409458950835563e-06,True,False,-4.755251511007121e-06,1.0513298688644164,-1.9293802937402758,2.4094589508184857e-06,True,False,4.330863439918584e-06,0.8460572593583495,-1.797763734589458,3.2227014938186826e-06,True,False
0.4,-4.306529027299922e-06,0.8486712735196323,-1.797969976882678,3.202456593844193e-06,True,False,4.8001398191511654e-06,1.0537079800326885,-1.9410059235234534,2.3881581068137832e-06,True,False,-4.8001398191467744e-06,1.0537079800326883,-1.9410059235234536,2.3881581067903856e-06,True,False,4.306529027286248e-06,0.848671273519632,-1.797969976882678,3.202456593831717e-06,True,False
0.41,-4.2821025945958885e-06,0.8512809003233003,-1.7981661739811845,3.1821846120294504e-06,True,False,4.8127040053487215e-06,1.0559962716673834,-1.9525692031713564,2.350723530215707e-06,True,False,-4.8127040053399665e-06,1.055996271667383,-1.9525692031713564,2.3507235302225154e-06,True,False,4.282102594575194e-06,0.8512809003232998,-1.7981661739811843,3.182184612074955e-06,True,False
0.42,-4.2575834146088565e-06,0.853886107637709,-1.798352324530465,3.161885074078819e-06,True,False,4.7917105373542705e-06,1.058155736148698,-1.964002751325761,2.2976737284660287e-06,True,False,-4.791710537347481e-06,1.0581557361486977,-1.964002751325761,2.2976737284590457e-06,True,False,4.257583414595019e-06,0.8538861076377087,-1.798352324530465,3.161885074078819e-06,True,False
0.43,-4.232970770302682e-06,0.8564868633193977,-1.7985284272435995,3.1415575134029747e-06,True,False,4.735953879371786e-06,1.0601486207346116,-1.9752405152064447,2.2295271852446077e-06,True,False,-4.735953879365104e-06,1.0601486207346111,-1.9752405152064447,2.2295271852609635e-06,True,False,4.232970770296881e-06,0.8564868633193976,-1.7985284272435997,3.141557513357413e-06,True,False
0.44,-4.208263954974141e-06,0.859083135215598,-1.798694480901589,3.121201471109321e-06,True,False,4.6443052271414996e-06,1.0619386777909234,-1.9862181093351956,2.146804194546248e-06,True,False,-4.644305227133138e-06,1.061938677790923,-1.9862181093351956,2.1468041945624884e-06,True,False,4.208263954953202e-06,0.8590831352155975,-1.7986944809015888,3.121201471096969e-06,True,False
0.45,-4.1834622721690544e-06,0.8616748911667457,-1.798850484353661,3.1008164962517743e-06,True,False,4.515772186243272e-06,1.063491404253574,-1.9968731332313587,2.050032876081593e-06,True,False,-4.515772186232037e-06,1.0634914042535735,-1.9968731332313587,2.050032876081593e-06,True,False,4.183462272155217e-06,0.8616748911667454,-1.798850484353661,3.1008164962271325e-06,True,False
0.46,-4.158565036153388e-06,0.8642620990089951,-1.7989964365175652,3.080402145540496e-06,True,False,4.349567691682923e-06,1.0647742685518824,-2.0071454688635066,1.9397586392423484e-06,True,False,-4.349567691675991e-06,1.0647742685518822,-2.0071454688635066,1.939758639257332e-06,True,False,4.158565036138548e-06,0.8642620990089948,-1.7989964365175652,3.080402145540496e-06,True,False
0.47,-4.13357157133293e-06,0.866844726576724,-1.7991323363798462,3.0599579835934076e-06,True,False,4.145185616404634e-06,1.0657569229304193,-2.0169775586868917,1.816556224725994e-06,True,False,-4.145185616404735e-06,1.065756922930419,-2.0169775586868917,1.816556224733726e-06,True,False,4.133571571319147e-06,0.8668447265767237,-1.7991323363798462,3.059957983568888e-06,True,False
0.48,-4.108481212584153e-06,0.8694227417050429,-1.7992581829960994,3.039483582594714e-06,True,False,3.902479651881064e-06,1.066411398837049,-2.02631466506544,1.6810433607377166e-06,True,False,-3.9024796518873385e-06,1.0664113988370485,-2.02631466506544,1.681043360745554e-06,True,False,4.108481212567456e-06,0.8694227417050424,-1.7992581829960994,3.039483582642708e-06,True,False
0.49,-4.083293305387242e-06,0.8719961122323006,-1.7993739754912113,3.018978522978718e-06,True,False,3.621741251321755e-06,1.066712282830399,-2.035105111786159,1.5338950641277499e-06,True,False,-3.621741251316944e-06,1.0667122828303985,-2.0351051117861587,1.5338950642086476e-06,True,False,4.083293305465237e-06,0.8719961122323002,-1.799373975491211,3.018978522940674e-06,True,False
0.5,-4.0580072058321435e-06,0.8745648060025852,-1.7994797130595817,2.9984423925200744e-06,True,False,3.303771784636192e-06,1.066636870336729,-2.043300508238824,1.375857760179188e-06,True,False,-3.3037717846457938e-06,1.0666368703367288,-2.043300508238824,1.3758577601933112e-06,True,False,4.058007205916278e-06,0.874564806002585,-1.7994797130595817,2.998442392495735e-06,True,False
0.51,-4.032622280406299e-06,0.8771287908682235,-1.799575394965328,2.9778747870404586e-06,True,False,2.9499436824592987e-06,1.0661652945864777,-2.0508559566703295,1.2077628569296498e-06,True,False,-2.9499436824702017e-06,1.0661652945864775,-2.0508559566703295,1.2077628569296498e-06,True,False,4.032622280396853e-06,0.8771287908682233,-1.7995753949653281,2.9778747870068195e-06,True,False
0.52,-4.007137906049919e-06,0.8796880346922767,-1.7996610205424703,2.957275310250572e-06,True,False,2.0933086593808944e-05,1.0652523314330984,-2.0576859086812846,8.640275283858336e-06,True,False,-2.0933086593815015e-05,1.0652523314330982,-2.057685908681284,8.640275283942108e-06,True,False,4.0071379060334665e-06,0.8796880346922764,-1.7996610205424703,2.957275310216878e-06,True,False
0.53,-3.9815534705402335e-06,0.8822425053510293,-1.7997365891951016,2.936643573571086e-06,True,False,1.7985428684748518e-05,1.0639461850177765,-2.0638485970786933,7.241625513180438e-06,True,False,-1.7985428684767952e-05,1.0639461850177763,-2.0638485970786933,7.241625513180438e-06,True,False,3.981553470518468e-06,0.8822425053510291,-1.7997365891951014,2.9366435736627465e-06,True,False
0.54,-3.955868372197132e-06,0.8847921707364778,-1.7998021003975384,2.9159791967859704e-06,True,False,1.450822671165229e-05,1.0622029526117327,-2.0692603685458266,5.67944165202403e-06,True,False,-1.4508226711551514e-05,1.0622029526117325,-2.0692603685458266,5.679441652031603e-06,True,False,3.955868372186954e-06,0.8847921707364776,-1.7998021003975386,2.915979196670154e-06,True,False
0.55,-3.9300820196841874e-06,0.8873369987588109,-1.7998575536944568,2.8952818067643404e-06,True,False,1.0842588118930186e-05,1.0600142481954429,-2.0738913123959875,4.108488519472232e-06,True,False,-1.0842588118833068e-05,1.0600142481954427,-2.073891312395988,4.108488519387068e-06,True,False,3.930082019657516e-06,0.8873369987588103,-1.7998575536944563,2.8952818068440776e-06,True,False
0.56,-3.904193832705646e-06,0.8898769573488831,-1.799902948701003,2.8745510391848517e-06,True,False,7.0255834304891365e-06,1.057375252110445,-2.077716468499277,2.6184455445672853e-06,True,False,-7.025583430499138e-06,1.0573752521104447,-2.077716468499277,2.6184455445460244e-06,True,False,3.9041938327934525e-06,0.8898769573488827,-1.7999029487010032,2.8745510391629373e-06,True,False
0.5700000000000001,-3.87820324167637e-06,0.8924120144606865,-1.7999382851028982,2.8537865370345885e-06,True,False,3.0927098111140913e-06,1.054284132071432,-2.080715268656725,1.6071979977439184e-06,True,False,-3.092709811131791e-06,1.0542841320714318,-2.080715268656725,1.6071979977330391e-06,True,False,3.87820324176068e-06,0.8924120144606865,-1.7999382851028982,2.8537865370345885e-06,True,False
0.58,-3.852109686989204e-06,0.8949421380738128,-1.7999635626565131,2.832987951863118e-06,True,False,-9.183024329770319e-07,1.0507419500281847,-2.0828716139252776,2.079959612841291e-06,True,False,9.183024329486325e-07,1.0507419500281845,-2.082871613925278,2.0799596128457552e-06,True,False,3.852109687072443e-06,0.8949421380738127,-1.7999635626565131,2.832987951873112e-06,True,False
0.59,-3.825912620423458e-06,0.8974672961959091,-1.7999787811889356,2.8121549428399367e-06,True,False,-4.968210045642504e-06,1.0467525491911855,-2.0841739428559385,3.494993892570238e-06,True,False,4.968210045863065e-06,1.0467525491911855,-2.0841739428559385,3.494993892578716e-06,True,False,3.8259126205048e-06,0.8974672961959089,-1.7999787811889356,2.8121549428518485e-06,True,False
0.6,-3.7996115041743594e-06,0.8999874568651246,-1.7999839405980118,2.791287177429483e-06,True,False,-9.017113632858418e-06,1.042322417080047,-2.084615280789364,5.122533424112576e-06,True,False,9.01711363271699e-06,1.042322417080047,-2.084615280789364,5.122533424112576e-06,True,False,3.7996115041585707e-06,0.8999874568651246,-1.7999839405980118,2.791287177429483e-06,True,False
0.61,-3.773205810954304e-06,0.902502588152554,-1.799979040852376,2.7703843313336744e-06,True,False,-1.3025346460748604e-05,1.037460528697638,-2.0841932697336865,6.801319560904777e-06,True,False,1.3025346460851319e-05,1.0374605286976377,-2.0841932697336865,6.801319560915821e-06,True,False,3.7732058109377835e-06,0.9025025881525539,-1.799979040852376,2.7703843313118066e-06,True,False
0.62,-3.7466950242727546e-06,0.905012658164667,-1.799964081991458,2.7494460881955157e-06,True,False,-1.6954352236786058e-05,1.0321781746127656,-2.082910178598305,8.48498448828595e-06,True,False,1.6954352236893245e-05,1.0321781746127656,-2.082910178598305,8.484984488265492e-06,True,False,3.746695024253537e-06,0.9050126581646667,-1.7999640819914582,2.7494460881612994e-06,True,False
0.63,-3.7200786382162983e-06,0.9075176350457315,-1.7999390641254778,2.7284721400075347e-06,True,False,-2.8445406651027646e-06,1.026445335356688,-2.0807268986977605,1.2160647163753309e-06,True,False,2.8445406652199737e-06,1.0264453353566878,-2.0807268986977605,1.2160647163684502e-06,True,False,3.7200786382079093e-06,0.9075176350457316,-1.799939064125478,2.7284721400193394e-06,True,False
0.64,-3.6933561579344774e-06,0.9100174869802291,-1.7999039874354164,2.707462187222989e-06,True,False,-3.271305472569084e-06,1.0203580323363297,-2.0777386194281924,1.3980366816460187e-06,True,False,3.271305472565296e-06,1.0203580323363295,-2.0777386194281924,1.3980366816576848e-06,True,False,3.6933561579161273e-06,0.9100174869802288,-1.7999039874354164,2.707462187246546e-06,True,False
0.65,-3.666527098554218e-06,0.9125121821952572,-1.799858852172974,2.6864159385670553e-06,True,False,-3.7047295664814774e-06,1.013896487746002,-2.0739238786754934,1.5868088966191278e-06,True,False,3.7047295664877997e-06,1.0138964877460017,-2.0739238786754934,1.5868088966191278e-06,True,False,3.6665270985357596e-06,0.9125121821952569,-1.799858852172974,2.6864159385670553e-06,True,False
0.66,-3.6395909864348082e-06,0.9150016889629231,-1.7998036586605073,2.665333111154904e-06,True,False,-4.109161482347165e-06,1.0070793836658116,-2.0693031240582043,1.7685440418042394e-06,True,False,4.109161482354802e-06,1.0070793836658112,-2.0693031240582043,1.7685440418042394e-06,True,False,3.639590986417312e-06,0.9150016889629229,-1.7998036586605073,2.665333111131448e-06,True,False
0.67,-3.6125473580950928e-06,0.9174859756027275,-1.7997384072909517,2.644213430666874e-06,True,False,-4.481856784076032e-06,0.9999268617035997,-2.063901256418885,1.942457832809084e-06,True,False,4.481856784083432e-06,0.9999268617035993,-2.063901256418885,1.94245783282052e-06,True,False,3.612547358085728e-06,0.9174859756027275,-1.799738407290952,2.6442134306090157e-06,True,False
0.68,-3.585395760921878e-06,0.9199650104839364,-1.7996630985277229,2.623056631479493e-06,True,False,-4.820787355768472e-06,0.9924603047513126,-2.0577474549088746,2.107899349544641e-06,True,False,4.820787355653696e-06,0.9924603047513123,-2.0577474549088746,2.107899349528149e-06,True,False,3.5853957609036227e-06,0.9199650104839361,-1.7996630985277229,2.623056631479493e-06,True,False
0.6900000000000001,-3.55813575294191e-06,0.9224387620279402,-1.7995777329046028,2.6018624568216658e-06,True,False,-5.124567034335963e-06,0.9847021899592805,-2.050875054029143,2.2643178268995216e-06,True,False,5.124567034341072e-06,0.9847021899592803,-2.050875054029143,2.264317826878321e-06,True,False,3.5581357529229364e-06,0.9224387620279397,-1.7995777329046028,2.6018624568216658e-06,True,False
0.7000000000000001,-3.530766902622585e-06,0.9249071987106022,-1.7994823110256069,2.5806306583960315e-06,True,False,-5.3924115400153145e-06,0.9766759569678621,-2.0433214033962286,2.4112492515187996e-06,True,False,5.392411540018499e-06,0.9766759569678616,-2.043321403396228,2.4112492514449844e-06,True,False,3.5307669026126917e-06,0.9249071987106021,-1.7994823110256073,2.5806306583152313e-06,True,False
0.71,-3.5032887887806327e-06,0.9273702890645966,-1.7993768335648361,2.5593609970048834e-06,True,False,-5.624080392126494e-06,0.9684058914255279,-2.0351277104746948,2.548300556072582e-06,True,False,5.6240803921209784e-06,0.9684058914255275,-2.0351277104746948,2.548300556072582e-06,True,False,3.5032887888569877e-06,0.9273702890645963,-1.7993768335648357,2.559360997003336e-06,True,False
0.72,-3.4757010011498445e-06,0.9298280016817267,-1.7992613012663043,2.5380532427358267e-06,True,False,-5.819805738440276e-06,0.9599170230055275,-2.026338866532767,2.6751321478787144e-06,True,False,5.819805738440113e-06,0.9599170230055272,-2.026338866532767,2.675132147921609e-06,True,False,3.475701001130383e-06,0.9298280016817263,-1.7992613012663043,2.5380532427589973e-06,True,False
0.73,-3.4480031395349897e-06,0.932280305215238,-1.7991357149437595,2.516707174509358e-06,True,False,-5.980213228386601e-06,0.9512350363299629,-2.0170032559383513,2.791439687698442e-06,True,False,5.98021322826906e-06,0.9512350363299624,-2.0170032559383513,2.7914396876849597e-06,True,False,3.4480031395016776e-06,0.9322803052152372,-1.7991357149437588,2.5167071746149586e-06,True,False
0.74,-3.420194814474954e-06,0.9347271683821117,-1.799000075480474,2.4953225809381333e-06,True,False,-6.106239800045569e-06,0.9423861925505855,-2.0071725487493937,2.8969360665369498e-06,True,False,6.106239800155236e-06,0.9423861925505851,-2.0071725487493937,2.8969360665636804e-06,True,False,3.4201948143498508e-06,0.9347271683821111,-1.7990000754804738,2.4953225810221056e-06,True,False
0.75,-3.3922756466246094e-06,0.9371685599653468,-1.7988543838290298,2.4738992598179074e-06,True,False,-6.1990527150185206e-06,0.9333972588387198,-1.9969014763763342,2.991334493347254e-06,True,False,6.199052715015905e-06,0.9333972588387194,-1.996901476376334,2.9913344933583336e-06,True,False,3.392275646506716e-06,0.9371685599653463,-1.7988543838290298,2.4738992598423905e-06,True,False
0.76,-3.3642452672352497e-06,0.9396044488162254,-1.7986986410110772,2.4524370188539526e-06,True,False,-6.259973456913923e-06,0.9242954427081331,-1.9862475899176448,3.074333529445725e-06,True,False,6.2599734569030265e-06,0.9242954427081327,-1.986247589917645,3.074333529478348e-06,True,False,3.364245267218824e-06,0.9396044488162251,-1.7986986410110772,2.4524370188654524e-06,True,False
0.77,-3.336103317773238e-06,0.9420348038565663,-1.7985328481170795,2.4309356754545795e-06,True,False,-6.2904093123073915e-06,0.9151083279305232,-1.9752710006060383,3.145604816804413e-06,True,False,6.2904093123038e-06,0.9151083279305227,-1.975271000606038,3.145604816760555e-06,True,False,3.3361033177650387e-06,0.9420348038565662,-1.7985328481170797,2.43093567539676e-06,True,False
0.78,-3.3078494500101563e-06,0.9444595940809579,-1.7983570063060415,2.409395057058321e-06,True,False,-6.291794633367866e-06,0.9058638087911643,-1.9640341016676206,3.204784138457001e-06,True,False,6.291794633361361e-06,0.9058638087911639,-1.9640341016676206,3.2047841384899794e-06,True,False,3.3078494499946115e-06,0.9444595940809577,-1.7983570063060412,2.4093950570239396e-06,True,False
0.79,-3.2794833256524297e-06,0.9468787885589792,-1.7981711168052164,2.3878150014882306e-06,True,False,-6.265543029753551e-06,0.8965900195555794,-1.9526012708049152,3.251466347021855e-06,True,False,6.265543029748008e-06,0.896590019555579,-1.9526012708049152,3.2514663470661064e-06,True,False,3.279483325642794e-06,0.946878788558979,-1.7981711168052164,2.3878150015231592e-06,True,False
0.8,-3.2510046170852107e-06,0.9492923564374044,-1.7979751809098006,2.36619535706966e-06,True,False,-6.213011057106324e-06,0.8873152562572324,-1.941038552483027,3.285204585640934e-06,True,False,6.213011057104305e-06,0.887315256257232,-1.941038552483027,3.285204585640934e-06,True,False,3.2510046170845737e-06,0.9492923564374044,-1.7979751809098008,2.3661953570468124e-06,True,False
0.81,-3.2224130063454766e-06,0.9517002669423875,-1.7977691999826066,2.344535982649894e-06,True,False,-6.1354734186447215e-06,0.8780678882522048,-1.9294133192422962,3.30551411505875e-06,True,False,6.1354734186437864e-06,0.8780678882522044,-1.9294133192422962,3.3055141150702343e-06,True,False,3.222413006336654e-06,0.9517002669423872,-1.7977691999826069,2.3445359827191056e-06,True,False
0.8200000000000001,-3.193708185744159e-06,0.9541024893816318,-1.7975531754537215,2.3228367483867763e-06,True,False,-6.034109236890072e-06,0.8688762574014428,-1.9177939113954556,3.311880940109223e-06,True,False,6.03410923688602e-06,0.8688762574014426,-1.9177939113954559,3.3118809401324437e-06,True,False,3.193708185736895e-06,0.9541024893816317,-1.7975531754537215,2.322836748352608e-06,True,False
0.8300000000000001,-3.1648898573066817e-06,0.9564989931465436,-1.7973271088201452,2.3010975354489647e-06,True,False,-5.909998617830423e-06,0.8597685632194655,-1.906249254706127,3.3037752907386296e-06,True,False,5.9099986178302606e-06,0.8597685632194653,-1.906249254706127,3.303775290749391e-06,True,False,3.164889857291286e-06,0.9564989931465433,-1.797327108820145,2.301097535437591e-06,True,False
0.84,-3.1359577332251134e-06,0.9588897477143628,-1.7970910016454158,2.279318236893199e-06,True,False,-5.764128464250801e-06,0.8507727328574423,-1.8948484559992336,3.2806698561881723e-06,True,False,5.764128464249717e-06,0.8507727328574418,-1.8948484559992338,3.2806698562462627e-06,True,False,3.135957733216399e-06,0.9588897477143624,-1.797091001645416,2.279318236893199e-06,True,False
0.85,-3.1069115355323787e-06,0.9612747226502805,-1.796844855559214,2.2574987575431968e-06,True,False,-5.597406309267326e-06,0.8419162753583898,-1.8836603771297362,3.2420624856195686e-06,True,False,5.597406309270172e-06,0.8419162753583896,-1.883660377129736,3.2420624855969296e-06,True,False,3.10691153553246e-06,0.9612747226502805,-1.7968448555592147,2.2574987574616427e-06,True,False
0.86,-3.0777509957370718e-06,0.9636538876095347,-1.7965886722569524,2.2356390144474846e-06,True,False,-5.410680795338646e-06,0.8332261202240457,-1.8727531883358797,3.1875028533232943e-06,True,False,5.41068079533664e-06,0.8332261202240454,-1.8727531883358797,3.1875028533232943e-06,True,False,3.077750995729794e-06,0.9636538876095346,-1.7965886722569526,2.235639014401025e-06,True,False
0.87,-3.048475855304693e-06,0.9660272123394859,-1.7963224534993456,2.213738937593886e-06,True,False,-5.204767317870402e-06,0.8247284409587599,-1.8621939027223893,3.1166223466250344e-06,True,False,5.2047673178733025e-06,0.8247284409587596,-1.8621939027223888,3.1166223465901396e-06,True,False,3.0484758552893243e-06,0.9660272123394855,-1.7963224534993456,2.213738937595082e-06,True,False
0.88,-3.0190858651315123e-06,0.9683946666816765,-1.7960462011119651,2.1917984700703402e-06,True,False,-4.98047726276354e-06,0.8164484648966993,-1.852047894445321,3.02916617569029e-06,True,False,4.980477262761114e-06,0.816448464896699,-1.852047894445321,3.0291661756796257e-06,True,False,3.0190858652159175e-06,0.9683946666816762,-1.7960462011119651,2.1917984700703402e-06,True,False
0.89,-2.989580785865779e-06,0.9707562205738676,-1.7957599169847793,2.1698175684704816e-06,True,False,-4.73864920013772e-06,0.808410271263812,-1.8423784040821096,2.925026440378652e-06,True,False,4.738649200133736e-06,0.8084102712638118,-1.8423784040821096,2.925026440367139e-06,True,False,2.9895807858578913e-06,0.9707562205738675,-1.7957599169847798,2.1698175683775062e-06,True,False
0.9,-2.9599603873382965e-06,0.9731118440520552,-1.7954636030716713,2.1477962033612374e-06,True,False,-4.480180355731961e-06,0.8006365800618866,-1.833246035636836,2.8042746461210153e-06,True,False,4.4801803557215525e-06,0.8006365800618865,-1.833246035636836,2.804274646134144e-06,True,False,2.959960387323714e-06,0.9731118440520551,-1.7954636030716713,2.1477962033386703e-06,True,False
0.91,-2.930224448783819e-06,0.9754615072524692,-1.7951572613899438,2.125734360231161e-06,True,False,-4.20605666346436e-06,0.7931485349711828,-1.8247082506110972,2.6671919585274973e-06,True,False,4.206056663462679e-06,0.7931485349711824,-1.8247082506110968,2.667191958502902e-06,True,False,2.9302244487684504e-06,0.9754615072524689,-1.7951572613899438,2.1257343602086127e-06,True,False
0.92,-2.900372758769912e-06,0.9778051804135448,-1.7948408940198062,2.1036320394166584e-06,True,False,-3.917379745435845e-06,0.7859654840299025,-1.8168188655158373,2.5142953624679113e-06,True,False,3.917379745426236e-06,0.7859654840299024,-1.8168188655158373,2.514295362411192e-06,True,False,2.9003727587463985e-06,0.9778051804135443,-1.7948408940198057,2.1036320395209417e-06,True,False
0.93,-2.8704051148077664e-06,0.9801428338778785,-1.794514503103845,2.0814892575790273e-06,True,False,-3.6153892539811784e-06,0.7791047623391021,-1.8096275600527998,2.3463578676129688e-06,True,False,3.61538925398046e-06,0.7791047623391018,-1.8096275600527996,2.3463578675315782e-06,True,False,2.8704051147994045e-06,0.9801428338778783,-1.7945145031038452,2.0814892575790273e-06,True,False
0.94,-2.8403213237442032e-06,0.9824744380941617,-1.794178090846478,2.0593060473236555e-06,True,False,-3.3014791927499752e-06,0.7725814814348697,-1.8031794038960254,2.1644210146078043e-06,True,False,3.3014791927398244e-06,0.7725814814348696,-1.8031794038960254,2.1644210146078043e-06,True,False,2.840321323735123e-06,0.9824744380941614,-1.7941780908464782,2.0593060472771377e-06,True,False
0.95,-2.8101212012630644e-06,0.9847999636190871,-1.7938316595133916,2.0370824586211297e-06,True,False,-2.9772070796140176e-06,0.7664083302395779,-1.7975144104942082,1.9697981934678416e-06,True,False,2.9772070796071464e-06,0.7664083302395776,-1.797514410494208,1.9697981934325703e-06,True,False,2.8101212012477636e-06,0.9847999636190867,-1.7938316595133916,2.037082458632378e-06,True,False
0.96,-2.7798045717399153e-06,0.9871193811192374,-1.7934752114309604,2.0148185597255357e-06,True,False,-2.644295167819667e-06,0.7605953926270252,-1.7926671265392298,1.7640676999314703e-06,True,False,2.6442951678139006e-06,0.7605953926270248,-1.7926671265392295,1.7640676998853726e-06,True,False,2.7798045717247364e-06,0.987119381119237,-1.7934752114309604,2.0148185597255357e-06,True,False
0.97,-2.7493712683975463e-06,0.9894326613729508,-1.793108748985652,1.992514437525734e-06,True,False,-2.3046233530418496e-06,0.7551499865929121,-1.7886662656604615,1.5490550267704508e-06,True,False,2.3046233530352224e-06,0.7551499865929118,-1.7886662656604615,1.549055026735371e-06,True,False,2.7493712683810664e-06,0.9894326613729504,-1.7931087489856523,1.992514437512933e-06,True,False
0.98,-2.7188211331244914e-06,0.9917397752721611,-1.7927322746234173,1.9701701986029624e-06,True,False,-1.9602138717546923e-06,0.7500765298001723,-1.785534394479585,1.326804599290957e-06,True,False,1.9602138717412143e-06,0.750076529800172,-1.7855343944795852,1.3268045993258745e-06,True,False,2.718821133102428e-06,0.9917397752721607,-1.7927322746234173,1.9701701986254427e-06,True,False
0.99,-2.6881540161262537e-06,0.9940406938242147,-1.7923457908490583,1.94778597060544e-06,True,False,-1.2086288129044623e-05,0.7454094341833287,-1.7833351607331382,8.965331084464615e-06,True,False,1.2086288129038036e-05,0.7454094341833284,-1.783335160733138,8.96533108443172e-06,True,False,2.688154016204113e-06,0.9940406938242143,-1.7923457908490583,1.947785970614487e-06,True,False
1.0,-2.6573697762590767e-06,0.996335388153667,-1.7919493002255862,1.9253619027617536e-06,True,False,-9.53588098215048e-06,0.7410750304058867,-1.7819737432282936,7.219198334645702e-06,True,False,9.535880982139395e-06,0.7410750304058863,-1.7819737432282936,7.219198334645702e-06,True,False,2.657369776244535e-06,0.9963353881536667,-1.7919493002255864,1.9253619027152307e-06,True,False
1.01,-2.626468280282428e-06,0.9986238295040498,-1.7915428053735625,1.9028981673444335e-06,True,False,4.943488873227107e-06,0.7437885071254162,-1.782503918813524,3.8099931259383036e-06,True,False,-4.943488873239481e-06,0.7437885071254159,-1.782503918813524,3.8099931259521683e-06,True,False,2.6264682802545913e-06,0.9986238295040495,-1.791542805373562,1.90289816735942e-06,True,False
1.02,-2.5954494033973875e-06,1.0009059892396166,-1.7911263089704166,1.8803949611177595e-06,True,False,5.1702456841413725e-06,0.7465451330770321,-1.7830892356063703,3.955242487828943e-06,True,False,-5.170245684046993e-06,0.7465451330770316,-1.7830892356063701,3.955242487863597e-06,True,False,2.595449403383469e-06,1.0009059892396164,-1.7911263089704168,1.8803949611177595e-06,True,False
1.03,-2.5643130284277207e-06,1.0031818388470666,-1.7906998137497618,1.8578525062418073e-06,True,False,5.152508904418803e-06,0.7492992165449687,-1.7836656073040178,3.93808708251179e-06,True,False,-5.15250890442688e-06,0.7492992165449684,-1.7836656073040178,3.938087082525477e-06,True,False,2.5643130285061356e-06,1.0031818388470661,-1.7906998137497618,1.8578525062530616e-06,True,False
1.04,-2.5330590467068526e-06,1.0054513499372344,-1.790263322500679,1.8352710523269186e-06,True,False,5.130977535554537e-06,0.7520500804447071,-1.7842320420983948,3.918472872884679e-06,True,False,-5.130977535560216e-06,0.7520500804447067,-1.7842320420983948,3.918472872854e-06,True,False,2.533059046593716e-06,1.0054513499372344,-1.7902633225006794,1.835271052270271e-06,True,False
1.05,-2.501687356387386e-06,1.0077144942467664,-1.789816838066999,1.8126508772166634e-06,True,False,5.109330162801295e-06,0.7547976850577519,-1.7847885215604233,3.8988167750570945e-06,True,False,-5.109330162802623e-06,0.7547976850577515,-1.7847885215604231,3.8988167750979545e-06,True,False,2.5016873564675897e-06,1.0077144942467664,-1.7898168380669988,1.812650877251887e-06,True,False
1.06,-2.4701978639333897e-06,1.0099712436397605,-1.789360363346557,1.7899922899060617e-06,True,False,5.087621457843059e-06,0.7575420001720894,-1.7853350420353444,3.879154585064888e-06,True,False,-5.0876214578454715e-06,0.7575420001720891,-1.785335042035344,3.879154585060941e-06,True,False,2.4701978640182014e-06,1.0099712436397603,-1.789360363346557,1.7899922899514074e-06,True,False
1.07,-2.4385904830905166e-06,1.0122215701093877,-1.7888939012904426,1.767295631461822e-06,True,False,5.065851209613422e-06,0.7602829956220358,-1.7858716001358885,3.859486103756412e-06,True,False,-5.065851209731613e-06,0.7602829956220359,-1.7858716001358885,3.859486103752505e-06,True,False,2.4385904830825206e-06,1.0122215701093877,-1.788893901290443,1.7672956314266434e-06,True,False
1.08,-2.406865134504512e-06,1.0144654457794835,-1.7884174549022267,1.7445612774818472e-06,True,False,5.044018385777114e-06,0.7630206411473751,-1.7863981925238483,3.839810595761405e-06,True,False,-5.044018385697344e-06,0.763020641147375,-1.7863981925238486,3.83981059575175e-06,True,False,2.406865134489916e-06,1.0144654457794835,-1.788417454902227,1.7445612773900958e-06,True,False
1.09,-2.375021746432451e-06,1.0167028429061145,-1.7879310272371751,1.7217896400916872e-06,True,False,5.022121948696753e-06,0.7657549063934602,-1.7869148159076549,3.820127325910441e-06,True,False,-5.022121948718275e-06,0.7657549063934602,-1.786914815907655,3.820127325892915e-06,True,False,2.3750217465090567e-06,1.016702842906114,-1.787931027237175,1.721789640149459e-06,True,False
1.1,-2.3430602539902342e-06,1.0189337338791167,-1.7874346214014465,1.6989811712708663e-06,True,False,5.000160869682985e-06,0.7684857609134623,-1.7874214670432063,3.800435566738536e-06,True,False,-5.000160869700861e-06,0.768485760913462,-1.7874214670432063,3.8004355667482063e-06,True,False,2.343060253882966e-06,1.0189337338791165,-1.787434621401447,1.6989811711792167e-06,True,False
1.11,-2.310980598864346e-06,1.0211580912236096,-1.7869282405512787,1.6761363642045935e-06,True,False,4.978134128331548e-06,0.7712131741706595,-1.7879181427347302,3.7807345992392715e-06,True,False,-4.978134128345019e-06,0.7712131741706593,-1.7879181427347302,3.7807345992392715e-06,True,False,2.31098059885263e-06,1.0211580912236098,-1.7869282405512787,1.6761363641354504e-06,True,False
1.12,-2.2787827298266402e-06,1.0233758876014811,-1.7864118878921529,1.6532557572798087e-06,True,False,4.956040712649436e-06,0.7739371155407428,-1.7884048398356334,3.7610237122337024e-06,True,False,-4.95604071266532e-06,0.7739371155407428,-1.7884048398356334,3.7610237122337024e-06,True,False,2.2787827298132774e-06,1.023375887601481,-1.786411887892153,1.6532557572675866e-06,True,False
1.13,-2.2464666017333237e-06,1.0255870958128444,-1.7858855666779507,1.6303399369477093e-06,True,False,4.933879619650855e-06,0.7766575543141352,-1.7888815552493311,3.741302202883342e-06,True,False,-4.933879619656588e-06,0.7766575543141347,-1.7888815552493307,3.7413022029859665e-06,True,False,2.246466601720083e-06,1.0255870958128441,-1.7858855666779507,1.630339936936294e-06,True,False
1.14,-2.2140321761462107e-06,1.0277916887974698,-1.7853492802100897,1.6073895409756653e-06,True,False,4.911649854723494e-06,0.7793744596983183,-1.789348285930071,3.721569376393514e-06,True,False,-4.911649854641583e-06,0.779374459698318,-1.7893482859300713,3.721569376388812e-06,True,False,2.2140321761324346e-06,1.0277916887974694,-1.7853492802100897,1.6073895409871087e-06,True,False
1.15,-2.18147942063615e-06,1.0299896396361856,-1.7848030318366472,1.5844052625845314e-06,True,False,4.889350431746257e-06,0.7820878008201755,-1.7898050288837324,3.7018245457700727e-06,True,False,-4.889350431754131e-06,0.7820878008201753,-1.7898050288837324,3.701824545756784e-06,True,False,2.1814794206234583e-06,1.0299896396361854,-1.7848030318366472,1.584405262573057e-06,True,False
1.16,-2.148808308597817e-06,1.0321809215522546,-1.7842468249514714,1.561387854623598e-06,True,False,4.866980374066871e-06,0.7847975467283435,-1.7902517811686145,3.6820670323290665e-06,True,False,-4.866980374073498e-06,0.7847975467283431,-1.7902517811686145,3.682067032342322e-06,True,False,2.1488083085928025e-06,1.0321809215522546,-1.7842468249514716,1.5613878545658027e-06,True,False
1.17,-2.116018819669447e-06,1.0343655079127188,-1.783680662993272,1.538338133750149e-06,True,False,4.844538713662556e-06,0.7875036663955773,-1.7906885398962096,3.6622961653440458e-06,True,False,-4.844538713669061e-06,0.787503666395577,-1.7906885398962096,3.6622961653440458e-06,True,False,2.116018819655698e-06,1.0343655079127185,-1.783680662993272,1.5383381337386048e-06,True,False
1.18,-2.0831109386766685e-06,1.036543372229716,-1.7831045494447024,1.5152569862581652e-06,True,False,4.822024491011462e-06,0.7902061287211216,-1.7911153022319581,3.642511282031424e-06,True,False,-4.822024491017818e-06,0.7902061287211213,-1.7911153022319581,3.642511282057803e-06,True,False,2.0831109386700955e-06,1.036543372229716,-1.7831045494447026,1.5152569861887767e-06,True,False
1.19,-2.0500846562429556e-06,1.0387144881617725,-1.782518487831424,1.4921453727186612e-06,True,False,4.799436756176316e-06,0.7929049025330986,-1.7915320653959925,3.6227117276047455e-06,True,False,-4.799436756177983e-06,0.7929049025330984,-1.7915320653959923,3.622711727591589e-06,True,False,2.050084656228197e-06,1.038714488161772,-1.7825184878314237,1.4921453727547465e-06,True,False
1.2,-2.0169399680959284e-06,1.0408788295150586,-1.7819224817211559,1.4690043349128875e-06,True,False,4.776774567921368e-06,0.7955999565909005,-1.7919388266638607,3.602896855348671e-06,True,False,-4.776774567927751e-06,0.7955999565909002,-1.7919388266638607,3.602896855348671e-06,True,False,2.016939967989453e-06,1.0408788295150584,-1.781922481721156,1.4690043348927048e-06,True,False
1.21,1.6796569263943879e-06,1.0379161516311433,-1.7832878262993657,1.460971526773262e-06,True,False,4.754036994265252e-06,0.7982912595875933,-1.792335583367235,3.5830660263793245e-06,True,False,-4.75403699427173e-06,0.798291259587593,-1.792335583367235,3.583066026392415e-06,True,False,-1.6796569263078956e-06,1.0379161516311428,-1.7832878262993654,1.46097152670661e-06,True,False
1.22,-1.4552459376424018e-06,1.03545386321345,-1.7855205936721499,9.98069386231211e-07,True,False,4.731223112393218e-06,0.8009787801523309,-1.7927223328946094,3.563218609750179e-06,True,False,-4.7312231123995875e-06,0.8009787801523306,-1.7927223328946094,3.5632186097632365e-06,True,False,1.4552459376363303e-06,1.0354538632134496,-1.7855205936721499,9.980693862155935e-07,True,False
1.23,-4.665272928086656e-06,1.0335032546707104,-1.788638382960332,2.8910498437166547e-06,True,False,4.7083320086853246e-06,0.8036624868527785,-1.7930990726919736,3.543353982618619e-06,True,False,-4.708332008697617e-06,0.8036624868527782,-1.793099072691974,3.543353982609475e-06,True,False,4.665272928089963e-06,1.0335032546707104,-1.7886383829603323,2.891049843669313e-06,True,False
1.24,-7.81519994509054e-06,1.0320499606786697,-1.7926256203983872,4.871464270058404e-06,True,False,4.685362778865867e-06,0.80634234819754,-1.7934658002634787,3.5234715298117775e-06,True,False,-4.685362778864403e-06,0.8063423481975395,-1.7934658002634785,3.523471529837761e-06,True,False,7.81519994508539e-06,1.0320499606786695,-1.7926256203983872,4.871464270058248e-06,True,False
1.25,-1.0887575649189997e-05,1.0310759085707855,-1.7974598730008293,6.793863877377994e-06,True,False,4.662314528098245e-06,0.8090183326385987,-1.7938225131720795,3.5035706442150913e-06,True,False,-4.662314528097839e-06,0.8090183326385982,-1.7938225131720793,3.5035706442150913e-06,True,False,1.0887575649191759e-05,1.0310759085707855,-1.7974598730008295,6.793863877323651e-06,True,False
1.26,-1.3867359908799413e-05,1.03055976792618,-1.8031125411235194,8.629816439528056e-06,True,False,4.639186370722424e-06,0.8116904085737632,-1.7941692090401653,3.4836507266504666e-06,True,False,-4.639186370730041e-06,0.811690408573763,-1.7941692090401653,3.4836507266375405e-06,True,False,1.3867359908800524e-05,1.03055976792618,-1.8031125411235196,8.629816439479942e-06,True,False
1.27,-2.132474288521129e-06,1.0305127111732604,-1.809605492258393,1.2835736329838766e-06,True,False,4.615977430787941e-06,0.8143585443491211,-1.7945058855501759,3.4637111856126778e-06,True,False,-4.615977430801318e-06,0.8143585443491209,-1.7945058855501759,3.4637111855868907e-06,True,False,2.1324742885224976e-06,1.0305127111732606,-1.8096054922583933,1.283573632930337e-06,True,False
1.28,-2.453433241734153e-06,1.030842252768516,-1.8167947567254128,1.4639002576663012e-06,True,False,4.5926868420179796e-06,0.8170227082614981,-1.7948325404451941,3.4437514375240308e-06,True,False,-4.592686842023414e-06,0.8170227082614977,-1.794832540445194,3.4437514375562866e-06,True,False,2.4534332417255945e-06,1.030842252768516,-1.8167947567254128,1.4639002576663012e-06,True,False
1.29,-2.7797320494097805e-06,1.031547597958456,-1.8246822273379903,1.6417379741144653e-06,True,False,4.569313747349881e-06,0.819682868560927,-1.79514917152953,3.423770906753654e-06,True,False,-4.569313747263538e-06,0.8196828685609268,-1.79514917152953,3.4237709067988023e-06,True,False,2.7797320494012153e-06,1.031547597958456,-1.8246822273379903,1.6417379741144653e-06,True,False
1.3,-3.086075911807843e-06,1.0325964660820148,-1.8332183197894028,1.8019229232708548e-06,True,False,4.545857299487237e-06,0.8223389934531181,-1.7954557766692838,3.4037690254994256e-06,True,False,-4.545857299600821e-06,0.8223389934531178,-1.7954557766692838,3.4037690255092414e-06,True,False,3.0860759117992776e-06,1.0325964660820148,-1.8332183197894028,1.8019229232708548e-06,True,False
1.31,-3.3711489400164264e-06,1.0339543915378138,-1.842349222925436,1.9437923868533104e-06,True,False,4.52231666115839e-06,0.8249910511019399,-1.7957523537928923,3.3837452336427773e-06,True,False,-4.522316661172959e-06,0.8249910511019397,-1.7957523537928923,3.3837452336496967e-06,True,False,3.371148940007861e-06,1.0339543915378138,-1.842349222925436,1.9437923868533104e-06,True,False
1.32,-3.6337841107594057e-06,1.035585057556953,-1.8520174769918427,2.0669514709286105e-06,True,False,4.498691004475411e-06,0.8276390096319006,-1.7960389008916615,3.363698979104875e-06,True,False,-4.49869100448178e-06,0.8276390096319002,-1.796038900891661,3.363698979150115e-06,True,False,3.633784110741977e-06,1.0355850575569525,-1.8520174769918427,2.066951470933775e-06,True,False
1.33,-3.872891292949106e-06,1.0374505796952882,-1.8621624767091047,2.171220132945848e-06,True,False,4.474979511594269e-06,0.8302828371306381,-1.79631541602028,3.3436297174830694e-06,True,False,-4.474979511614679e-06,0.8302828371306379,-1.79631541602028,3.3436297174251006e-06,True,False,3.872891292933467e-06,1.037450579695288,-1.8621624767091047,2.171220132945848e-06,True,False
1.34,-4.087428949897659e-06,1.0395117949022994,-1.8727209776777893,2.2566034129059985e-06,True,False,4.451181374451159e-06,0.8329225016514126,-1.796581897297318,3.3235369119631656e-06,True,False,-4.451181374457583e-06,0.832922501651412,-1.7965818972973175,3.323536912008466e-06,True,False,4.08742894988122e-06,1.039511794902299,-1.8727209776777893,2.2566034128688697e-06,True,False
1.35,-4.276376103211764e-06,1.0417285536459715,-1.883627599871653,2.323259930354957e-06,True,False,4.42729579469755e-06,0.8355579712156029,-1.796838342905704,3.30342003403502e-06,True,False,-4.427295794711929e-06,0.8355579712156026,-1.7968383429057038,3.303420034009751e-06,True,False,4.276376103090225e-06,1.041728553645971,-1.883627599871653,2.3232599303648852e-06,True,False
1.36,-4.4387065509013775e-06,1.0440600128462338,-1.89481532276181,2.3714704072574773e-06,True,False,4.403321984635181e-06,0.838189213815207,-1.797084751093193,3.283278562600895e-06,True,False,-4.403321984649438e-06,0.8381892138152066,-1.7970847510931929,3.283278562588292e-06,True,False,4.438706550888855e-06,1.0440600128462336,-1.89481532276181,2.3714704072574773e-06,True,False
1.37,-4.57336738107547e-06,1.046464927742615,-1.906215967599594,2.4016078104050937e-06,True,False,4.379259165703797e-06,0.8408161974153443,-1.7973211201728114,3.263111984310324e-06,True,False,-4.3792591657172e-06,0.8408161974153439,-1.7973211201728112,3.2631119843682844e-06,True,False,4.573367381175474e-06,1.0464649277426148,-1.9062159675995944,2.4016078103161065e-06,True,False
1.38,-4.67926372270352e-06,1.0489019411548546,-1.9177606633569886,2.414110435683114e-06,True,False,4.355106570264584e-06,0.8434388899567637,-1.797547448523286,3.242919793928402e-06,True,False,-4.35510657018022e-06,0.8434388899567635,-1.797547448523286,3.2429197939158624e-06,True,False,4.679263722695266e-06,1.0489019411548544,-1.9177606633569886,2.414110435700498e-06,True,False
1.39,-4.755251510983594e-06,1.0513298688644168,-1.9293802937402758,2.409458950835563e-06,True,False,4.3308634399246825e-06,0.8460572593583499,-1.797763734589458,3.222701493806175e-06,True,False,-4.330863439937381e-06,0.8460572593583494,-1.797763734589458,3.2227014938186826e-06,True,False,4.7552515109698244e-06,1.0513298688644164,-1.9293802937402758,2.4094589508287666e-06,True,False
1.4,-4.800139819124928e-06,1.0537079800326885,-1.9410059235234534,2.3881581068137832e-06,True,False,4.3065290272923735e-06,0.8486712735196323,-1.797969976882678,3.202456593844193e-06,True,False,-4.306529027307064e-06,0.8486712735196321,-1.797969976882678,3.202456593831717e-06,True,False,4.80013981911208e-06,1.0537079800326883,-1.9410059235234536,2.3881581067903856e-06,True,False
1.41,-4.812704005214904e-06,1.0559962716673834,-1.9525692031713564,2.3507235302119427e-06,True,False,4.28210259458834e-06,0.8512809003233003,-1.7981661739811845,3.1821846120294504e-06,True,False,-4.282102594596105e-06,0.8512809003233,-1.7981661739811843,3.182184612074955e-06,True,False,4.812704005196865e-06,1.0559962716673832,-1.9525692031713564,2.350723530228402e-06,True,False
1.42,-4.791710537319901e-06,1.058155736148698,-1.964002751325761,2.2976737284660287e-06,True,False,4.257583414601308e-06,0.853886107637709,-1.798352324530465,3.161885074078819e-06,True,False,-4.257583414615023e-06,0.8538861076377087,-1.798352324530465,3.161885074078819e-06,True,False,4.791710537308612e-06,1.0581557361486977,-1.964002751325761,2.2976737284590457e-06,True,False
1.43,-4.7359538793372e-06,1.0601486207346116,-1.9752405152064447,2.229527185230813e-06,True,False,4.232970770295133e-06,0.8564868633193977,-1.7985284272435995,3.1415575134029747e-06,True,False,-4.232970770316898e-06,0.8564868633193976,-1.7985284272435997,3.141557513357413e-06,True,False,4.735953879325179e-06,1.0601486207346114,-1.9752405152064447,2.229527185223661e-06,True,False
1.44,-4.644305227221758e-06,1.0619386777909234,-1.9862181093351956,2.146804194546248e-06,True,False,4.208263954966592e-06,0.859083135215598,-1.798694480901589,3.121201471109321e-06,True,False,-4.20826395496605e-06,0.8590831352155973,-1.7986944809015883,3.1212014712005e-06,True,False,4.644305227209262e-06,1.061938677790923,-1.9862181093351958,2.1468041945608757e-06,True,False
1.45,-4.51577218621019e-06,1.063491404253574,-1.9968731332313587,2.050032876081593e-06,True,False,4.183462272166276e-06,0.8616748911667461,-1.798850484353661,3.1008164962271325e-06,True,False,-4.183462272180018e-06,0.8616748911667458,-1.798850484353661,3.100816496239453e-06,True,False,4.515772186184386e-06,1.0634914042535735,-1.9968731332313587,2.050032876081593e-06,True,False
1.46,-4.349567691654138e-06,1.0647742685518826,-2.0071454688635066,1.9397586392347417e-06,True,False,4.1585650361396995e-06,0.864262099008995,-1.798996436517565,3.0804021455984316e-06,True,False,-4.158565036160462e-06,0.8642620990089948,-1.7989964365175652,3.080402145540496e-06,True,False,4.3495676916283405e-06,1.0647742685518822,-2.0071454688635066,1.939758639257332e-06,True,False
1.47,-4.145185616374954e-06,1.0657569229304193,-2.0169775586868917,1.816556224711633e-06,True,False,4.133571571328322e-06,0.8668447265767242,-1.7991323363798464,3.059957983581148e-06,True,False,-4.133571571340953e-06,0.8668447265767237,-1.7991323363798462,3.059957983568888e-06,True,False,4.145185616471197e-06,1.065756922930419,-2.0169775586868917,1.816556224748087e-06,True,False
1.48,-3.902479651863276e-06,1.066411398837049,-2.02631466506544,1.6810433607232116e-06,True,False,4.108481212577702e-06,0.8694227417050429,-1.7992581829960996,3.0394835826069434e-06,True,False,-4.10848121258937e-06,0.8694227417050424,-1.7992581829960994,3.039483582652643e-06,True,False,3.902479651835642e-06,1.0664113988370487,-2.02631466506544,1.6810433607008692e-06,True,False
1.49,-3.621741251288707e-06,1.0667122828303988,-2.0351051117861587,1.5338950641943614e-06,True,False,4.0832933053746385e-06,0.8719961122323006,-1.7993739754912113,3.018978522978718e-06,True,False,-4.083293305387175e-06,0.8719961122323002,-1.799373975491211,3.0189785229665184e-06,True,False,3.6217412512578955e-06,1.0667122828303985,-2.0351051117861587,1.5338950642086476e-06,True,False
1.5,-3.3037717846170285e-06,1.066636870336729,-2.043300508238824,1.375857760179188e-06,True,False,4.058007205919598e-06,0.8745648060025851,-1.7994797130595817,2.998442392532244e-06,True,False,-4.058007205838147e-06,0.874564806002585,-1.7994797130595819,2.9984423925079047e-06,True,False,3.3037717845909264e-06,1.0666368703367288,-2.043300508238824,1.3758577601933112e-06,True,False
1.51,-2.949943682439268e-06,1.0661652945864777,-2.0508559566703295,1.2077628569296498e-06,True,False,4.032622280394807e-06,0.8771287908682235,-1.799575394965328,2.9778747870404586e-06,True,False,-4.032622280411341e-06,0.8771287908682232,-1.7995753949653281,2.97787478701896e-06,True,False,2.9499436824147922e-06,1.0661652945864775,-2.0508559566703295,1.2077628569146815e-06,True,False
1.52,-2.093308659378848e-05,1.0652523314330984,-2.0576859086812846,8.640275283858336e-06,True,False,4.007137906038427e-06,0.8796880346922767,-1.7996610205424703,2.957275310250572e-06,True,False,-4.0071379060488215e-06,0.8796880346922764,-1.7996610205424703,2.957275310216878e-06,True,False,2.0933086593757986e-05,1.0652523314330982,-2.057685908681284,8.640275283942108e-06,True,False
1.53,-1.7985428684728027e-05,1.0639461850177765,-2.0638485970786933,7.241625513180438e-06,True,False,3.981553470528741e-06,0.8822425053510293,-1.7997365891951016,2.936643573571086e-06,True,False,-3.981553470533823e-06,0.8822425053510291,-1.7997365891951014,2.9366435736627465e-06,True,False,1.7985428684710463e-05,1.0639461850177763,-2.0638485970786933,7.241625513180438e-06,True,False
1.54,-1.4508226711636298e-05,1.062202952611733,-2.0692603685458266,5.679441652022132e-06,True,False,3.955868372185531e-06,0.8847921707364778,-1.7998021003975384,2.9159791967859704e-06,True,False,-3.955868372102359e-06,0.8847921707364776,-1.7998021003975386,2.9159791967160097e-06,True,False,1.4508226711617785e-05,1.0622029526117325,-2.0692603685458266,5.6794416520470265e-06,True,False
1.55,-1.0842588118912676e-05,1.0600142481954429,-2.0738913123959875,4.108488519472232e-06,True,False,3.9300820196725865e-06,0.8873369987588109,-1.7998575536944568,2.8952818067643404e-06,True,False,-3.930082019674064e-06,0.8873369987588104,-1.7998575536944565,2.895281806810221e-06,True,False,1.0842588118899774e-05,1.0600142481954427,-2.0738913123959875,4.108488519456359e-06,True,False
1.56,-7.025583430471627e-06,1.057375252110445,-2.077716468499277,2.6184455445672853e-06,True,False,3.904193832793995e-06,0.889876957348883,-1.799902948701003,2.8745510391629373e-06,True,False,-3.904193832702732e-06,0.8898769573488827,-1.799902948701003,2.874551039196848e-06,True,False,7.025583430453859e-06,1.0573752521104447,-2.077716468499277,2.6184455445460244e-06,True,False
1.57,-3.0927098111009928e-06,1.054284132071432,-2.080715268656725,1.6071979977439184e-06,True,False,3.878203241761981e-06,0.8924120144606867,-1.799938285102898,2.8537865370924857e-06,True,False,-3.878203241676167e-06,0.8924120144606865,-1.7999382851028982,2.8537865370345885e-06,True,False,3.0927098110862883e-06,1.0542841320714318,-2.080715268656725,1.6071979977439184e-06,True,False
1.58,9.183024329901033e-07,1.0507419500281847,-2.0828716139252776,2.079959612841291e-06,True,False,3.85210968708544e-06,0.894942138073813,-1.7999635626565134,2.8329879518390974e-06,True,False,-3.85210968698816e-06,0.8949421380738127,-1.7999635626565131,2.832987951863118e-06,True,False,-9.183024330032357e-07,1.0507419500281845,-2.082871613925278,2.0799596128457552e-06,True,False
1.59,4.968210045655576e-06,1.0467525491911855,-2.0841739428559385,3.494993892570238e-06,True,False,3.825912620412345e-06,0.8974672961959091,-1.7999787811889356,2.8121549428399367e-06,True,False,-3.825912620421438e-06,0.8974672961959089,-1.7999787811889356,2.8121549428518485e-06,True,False,-4.96821004568695e-06,1.046752549191185,-2.0841739428559385,3.4949938925617153e-06,True,False
1.6,9.017113632750899e-06,1.042322417080047,-2.084615280789364,5.122533424112576e-06,True,False,3.7996115041632464e-06,0.8999874568651246,-1.7999839405980118,2.791287177429483e-06,True,False,-3.799611504175159e-06,0.8999874568651246,-1.7999839405980118,2.791287177429483e-06,True,False,-9.01711363277341e-06,1.042322417080047,-2.084615280789364,5.122533424112576e-06,True,False
1.61,1.3025346460885254e-05,1.0374605286976377,-2.0841932697336865,6.801319560915821e-06,True,False,3.773205810943191e-06,0.902502588152554,-1.799979040852376,2.7703843313236638e-06,True,False,-3.7732058109471076e-06,0.9025025881525538,-1.7999790408523755,2.7703843312981016e-06,True,False,-1.3025346460914e-05,1.0374605286976373,-2.0841932697336865,6.801319560915821e-06,True,False
1.62,1.6954352236926964e-05,1.0321781746127656,-2.082910178598305,8.484984488265492e-06,True,False,3.746695024161624e-06,0.9050126581646671,-1.7999640819914582,2.7494460881512837e-06,True,False,-3.7466950242765764e-06,0.9050126581646668,-1.7999640819914582,2.7494460881376376e-06,True,False,-1.69543522369482e-05,1.0321781746127656,-2.082910178598305,8.484984488265492e-06,True,False
1.63,2.844540665015195e-06,1.0264453353566876,-2.0807268986977605,1.21606471636134e-06,True,False,3.7200786382042366e-06,0.9075176350457314,-1.7999390641254778,2.7284721400772138e-06,True,False,-3.720078638229336e-06,0.9075176350457316,-1.799939064125478,2.7284721400193394e-06,True,False,-2.8445406650363844e-06,1.0264453353566871,-2.0807268986977605,1.21606471636134e-06,True,False
1.64,3.2713054725972733e-06,1.0203580323363297,-2.0777386194281924,1.3980366816460187e-06,True,False,3.693356157922524e-06,0.910017486980229,-1.7999039874354164,2.7074621872808593e-06,True,False,-3.693356157937554e-06,0.9100174869802288,-1.7999039874354164,2.707462187246546e-06,True,False,-3.271305472621851e-06,1.0203580323363295,-2.0777386194281924,1.3980366816576848e-06,True,False
1.65,3.7047295665178795e-06,1.0138964877460017,-2.0739238786754934,1.5868088966306972e-06,True,False,3.666527098535624e-06,0.9125121821952571,-1.799858852172974,2.6864159385788083e-06,True,False,-3.6665270985571997e-06,0.9125121821952569,-1.799858852172974,2.6864159385670553e-06,True,False,-3.704729566419949e-06,1.0138964877460013,-2.0739238786754934,1.5868088966422668e-06,True,False
1.66,4.109161482260253e-06,1.0070793836658116,-2.0693031240582043,1.7685440418042394e-06,True,False,3.6395909864170815e-06,0.9150016889629231,-1.7998036586605073,2.665333111154904e-06,True,False,-3.639590986438752e-06,0.9150016889629229,-1.7998036586605073,2.665333111131448e-06,True,False,-4.1091614824047905e-06,1.007079383665811,-2.0693031240582043,1.768544041781248e-06,True,False
1.67,4.481856783990055e-06,0.9999268617035997,-2.063901256418885,1.942457832809084e-06,True,False,3.612547358077393e-06,0.9174859756027275,-1.7997384072909517,2.644213430666874e-06,True,False,-3.6125473581071545e-06,0.9174859756027275,-1.799738407290952,2.6442134306190572e-06,True,False,-4.4818567840114e-06,0.9999268617035993,-2.063901256418885,1.94245783282052e-06,True,False
1.68,4.820787355803736e-06,0.9924603047513126,-2.0577474549088746,2.107899349544641e-06,True,False,3.585395760904192e-06,0.9199650104839364,-1.7996630985277229,2.623056631479493e-06,True,False,-3.5853957609249e-06,0.9199650104839361,-1.7996630985277229,2.6230566314895396e-06,True,False,-4.820787355700059e-06,0.9924603047513123,-2.0577474549088746,2.107899349528149e-06,True,False
1.69,5.124567034254702e-06,0.9847021899592806,-2.050875054029143,2.2643178268757894e-06,True,False,3.5581357529243323e-06,0.9224387620279402,-1.7995777329046028,2.6018624568216658e-06,True,False,-3.5581357530514008e-06,0.9224387620279398,-1.799577732904603,2.6018624567871246e-06,True,False,-5.124567034384684e-06,0.9847021899592803,-2.050875054029143,2.264317826878321e-06,True,False
1.7,5.392411540045333e-06,0.9766759569678621,-2.043321403396228,2.411249251477556e-06,True,False,3.5307669026050074e-06,0.9249071987106022,-1.7994823110256069,2.5806306583960315e-06,True,False,-3.5307669026348636e-06,0.9249071987106021,-1.7994823110256073,2.5806306583152313e-06,True,False,-5.392411540061298e-06,0.9766759569678616,-2.043321403396228,2.4112492514449844e-06,True,False
1.71,5.624080392146986e-06,0.9684058914255279,-2.0351277104746948,2.548300556072582e-06,True,False,3.5032887888629914e-06,0.9273702890645966,-1.799376833564836,2.559360997003336e-06,True,False,-3.5032887887792504e-06,0.9273702890645963,-1.799376833564836,2.5593609970048834e-06,True,False,-5.624080392164672e-06,0.9684058914255275,-2.0351277104746948,2.548300556051222e-06,True,False
1.72,5.8198057384593985e-06,0.9599170230055276,-2.026338866532767,2.6751321479001617e-06,True,False,3.4757010011347606e-06,0.9298280016817264,-1.7992613012663046,2.538053242747412e-06,True,False,-3.4757010011517825e-06,0.9298280016817262,-1.7992613012663046,2.5380532427011585e-06,True,False,-5.8198057384873845e-06,0.9599170230055273,-2.026338866532767,2.6751321479328173e-06,True,False
1.73,5.980213228294119e-06,0.9512350363299629,-2.0170032559383513,2.7914396876849597e-06,True,False,3.448003139515081e-06,0.9322803052152377,-1.7991357149437592,2.5167071745571236e-06,True,False,-3.4480031395312086e-06,0.9322803052152374,-1.7991357149437592,2.5167071745671935e-06,True,False,-5.98021322831644e-06,0.9512350363299624,-2.0170032559383513,2.7914396876849597e-06,True,False
1.74,6.106239800065193e-06,0.9423861925505855,-2.0071725487493937,2.896936066550315e-06,True,False,3.4201948143632e-06,0.9347271683821117,-1.799000075480474,2.4953225809179853e-06,True,False,-3.420194814464668e-06,0.934727168382111,-1.7990000754804736,2.4953225810422535e-06,True,False,-6.106239800086552e-06,0.9423861925505851,-2.0071725487493937,2.8969360665636804e-06,True,False
1.75,6.199052715033645e-06,0.9333972588387199,-1.9969014763763344,2.991334493390716e-06,True,False,3.392275646511947e-06,0.9371685599653466,-1.7988543838290296,2.4738992599004423e-06,True,False,-3.392275646629041e-06,0.9371685599653464,-1.7988543838290298,2.4738992598757343e-06,True,False,-6.199052714941664e-06,0.9333972588387195,-1.9969014763763342,2.9913344933583336e-06,True,False
1.76,6.259973456932964e-06,0.9242954427081331,-1.986247589917645,3.074333529478348e-06,True,False,3.3642452672371878e-06,0.9396044488162255,-1.7986986410110775,2.4524370188076292e-06,True,False,-3.3642452672478265e-06,0.9396044488162253,-1.7986986410110775,2.4524370188076292e-06,True,False,-6.259973457061347e-06,0.9242954427081327,-1.986247589917645,3.074333529491464e-06,True,False
1.77,6.29040931233947e-06,0.915108327930523,-1.9752710006060379,3.145604816729683e-06,True,False,3.3361033177678034e-06,0.9420348038565663,-1.7985328481170795,2.4309356754545795e-06,True,False,-3.3361033177859096e-06,0.9420348038565662,-1.7985328481170797,2.43093567539676e-06,True,False,-6.2904093123538224e-06,0.9151083279305227,-1.975271000606038,3.145604816773541e-06,True,False
1.78,6.2917946334967916e-06,0.9058638087911645,-1.9640341016676206,3.2047841384238956e-06,True,False,3.3078494500047217e-06,0.9444595940809579,-1.7983570063060415,2.409395057058321e-06,True,False,-3.3078494500154824e-06,0.9444595940809577,-1.7983570063060412,2.4093950570239396e-06,True,False,-6.29179463351956e-06,0.905863808791164,-1.9640341016676206,3.2047841384477e-06,True,False
1.79,6.265543029653492e-06,0.8965900195555795,-1.9526012708049154,3.2514663470185387e-06,True,False,3.279483325646995e-06,0.9468787885589792,-1.7981711168052164,2.3878150014882306e-06,True,False,-3.279483325663665e-06,0.946878788558979,-1.7981711168052164,2.3878150015231592e-06,True,False,-6.265543029675515e-06,0.896590019555579,-1.9526012708049154,3.2514663470406645e-06,True,False
1.8,6.2130110571261785e-06,0.8873152562572325,-1.9410385524830267,3.2852045856295804e-06,True,False,3.251004617079776e-06,0.9492923564374044,-1.7979751809098006,2.36619535706966e-06,True,False,-3.2510046171054446e-06,0.9492923564374044,-1.7979751809098008,2.3661953570468124e-06,True,False,-6.213011057151928e-06,0.887315256257232,-1.9410385524830267,3.2852045856295804e-06,True,False
1.81,6.13547341866196e-06,0.8780678882522048,-1.9294133192422962,3.30551411505875e-06,True,False,3.2224130064399513e-06,0.9517002669423875,-1.7977691999826066,2.344535982659996e-06,True,False,-3.2224130063575248e-06,0.9517002669423872,-1.7977691999826069,2.3445359827191056e-06,True,False,-6.135473418683902e-06,0.8780678882522044,-1.9294133192422962,3.3055141150702343e-06,True,False
1.82,6.034109236907311e-06,0.8688762574014428,-1.9177939113954556,3.311880940109223e-06,True,False,3.193708185738887e-06,0.9541024893816318,-1.7975531754537215,2.3228367483867763e-06,True,False,-3.193708185757766e-06,0.9541024893816317,-1.7975531754537215,2.322836748352608e-06,True,False,-6.034109236925051e-06,0.8688762574014426,-1.9177939113954559,3.3118809401447684e-06,True,False
1.83,5.909998617847662e-06,0.8597685632194655,-1.906249254706127,3.3037752907386296e-06,True,False,3.16488985730141e-06,0.9564989931465436,-1.7973271088201452,2.3010975354489647e-06,True,False,-3.164889857312157e-06,0.9564989931465433,-1.797327108820145,2.3010975354477005e-06,True,False,-5.90999861776571e-06,0.8597685632194652,-1.906249254706127,3.303775290772849e-06,True,False
1.84,5.764128464288667e-06,0.8507727328574416,-1.894848455999233,3.2806698561881723e-06,True,False,3.1359577332198415e-06,0.9588897477143628,-1.7970910016454158,2.279318236893199e-06,True,False,-3.135957733237216e-06,0.9588897477143624,-1.797091001645416,2.279318236903311e-06,True,False,-5.764128464208693e-06,0.8507727328574413,-1.894848455999233,3.280669856210744e-06,True,False
1.85,5.597406309285378e-06,0.8419162753583898,-1.8836603771297362,3.2420624856315186e-06,True,False,3.1069115355271068e-06,0.9612747226502805,-1.796844855559214,2.2574987575431968e-06,True,False,-3.106911535446686e-06,0.9612747226502805,-1.7968448555592145,2.257498757450299e-06,True,False,-5.597406309315803e-06,0.8419162753583895,-1.8836603771297362,3.2420624856315186e-06,True,False
1.86,5.410680795375211e-06,0.8332261202240451,-1.872753188335879,3.1875028533339813e-06,True,False,3.0777509957318134e-06,0.9636538876095347,-1.7965886722569524,2.2356390144474846e-06,True,False,-3.0777509956425293e-06,0.9636538876095344,-1.7965886722569524,2.235639014448696e-06,True,False,-5.4106807953078275e-06,0.8332261202240446,-1.8727531883358786,3.187502853288544e-06,True,False
1.87,5.204767317889877e-06,0.8247284409587597,-1.8621939027223893,3.1166223466036896e-06,True,False,3.048475855295599e-06,0.9660272123394862,-1.7963224534993454,2.213738937593886e-06,True,False,-3.048475855306441e-06,0.9660272123394859,-1.7963224534993454,2.213738937593886e-06,True,False,-5.204767317915817e-06,0.8247284409587596,-1.8621939027223893,3.1166223466143622e-06,True,False
1.88,4.980477262689855e-06,0.8164484648966988,-1.8520478944453207,3.0291661756223273e-06,True,False,3.019085865126376e-06,0.9683946666816765,-1.7960462011119651,2.191798470060216e-06,True,False,-3.0190858651371095e-06,0.9683946666816762,-1.7960462011119651,2.1917984700703402e-06,True,False,-4.980477262709438e-06,0.8164484648966986,-1.8520478944453211,3.0291661756573483e-06,True,False
1.89,4.738649200154783e-06,0.8084102712638122,-1.8423784040821098,2.925026440378652e-06,True,False,2.9895807858606153e-06,0.9707562205738677,-1.7957599169847793,2.1698175684014065e-06,True,False,-2.989580785878803e-06,0.9707562205738675,-1.7957599169847795,2.169817568422827e-06,True,False,-4.7386492000802305e-06,0.8084102712638118,-1.84237840408211,2.925026440448055e-06,True,False
1.9,4.480180355646729e-06,0.8006365800618866,-1.8332460356368363,2.80427464619069e-06,True,False,2.959960387336589e-06,0.9731118440520558,-1.7954636030716713,2.1477962033386703e-06,True,False,-2.9599603872541895e-06,0.9731118440520555,-1.7954636030716715,2.147796203328541e-06,True,False,-4.480180355684703e-06,0.8006365800618861,-1.8332460356368359,2.804274646098931e-06,True,False
1.91,4.206056663488402e-06,0.7931485349711828,-1.8247082506110972,2.6671919585388255e-06,True,False,2.9302244487778287e-06,0.9754615072524692,-1.7951572613899438,2.125734360231161e-06,True,False,-2.930224448788576e-06,0.9754615072524689,-1.7951572613899438,2.1257343602086127e-06,True,False,-4.206056663511414e-06,0.7931485349711825,-1.8247082506110972,2.6671919585142302e-06,True,False
1.92,3.917379745358284e-06,0.7859654840299025,-1.8168188655158373,2.5142953624566665e-06,True,False,2.9003727587639355e-06,0.9778051804135448,-1.7948408940198062,2.1036320394166584e-06,True,False,-2.900372758766524e-06,0.9778051804135443,-1.7948408940198057,2.1036320395209417e-06,True,False,-3.917379745378179e-06,0.7859654840299025,-1.8168188655158373,2.5142953624566665e-06,True,False
1.93,3.6153892540067385e-06,0.7791047623391021,-1.8096275600527998,2.3463578676129688e-06,True,False,2.8704051148017897e-06,0.9801428338778785,-1.794514503103845,2.0814892576255412e-06,True,False,-2.87040511481953e-06,0.9801428338778783,-1.7945145031038452,2.0814892575790273e-06,True,False,-3.6153892540246007e-06,0.7791047623391022,-1.8096275600527998,2.346357867624136e-06,True,False
1.94,3.3014791927755353e-06,0.7725814814348697,-1.8031794038960254,2.1644210146078043e-06,True,False,2.840321323744935e-06,0.9824744380941618,-1.7941780908464782,2.0593060472771377e-06,True,False,-2.8403213237552486e-06,0.9824744380941614,-1.7941780908464782,2.0593060472771377e-06,True,False,-3.3014791927952542e-06,0.7725814814348696,-1.8031794038960252,2.1644210146078043e-06,True,False
1.95,2.9772070796393337e-06,0.7664083302395779,-1.7975144104942082,1.9697981934898996e-06,True,False,2.8101212012569116e-06,0.9847999636190871,-1.7938316595133916,2.0370824586211297e-06,True,False,-2.810121201267889e-06,0.9847999636190867,-1.7938316595133916,2.0370824585858563e-06,True,False,-2.9772070796557187e-06,0.7664083302395776,-1.7975144104942082,1.9697981934682346e-06,True,False
1.96,2.644295167739104e-06,0.7605953926270252,-1.79266712653923,1.764067699977568e-06,True,False,2.7798045717337624e-06,0.9871193811192374,-1.7934752114309604,2.0148185597255357e-06,True,False,-2.779804571737313e-06,0.9871193811192368,-1.7934752114309602,2.0148185597945472e-06,True,False,-2.6442951677623468e-06,0.7605953926270248,-1.7926671265392295,1.7640676999314703e-06,True,False
1.97,2.3046233530601116e-06,0.7551499865929122,-1.7886662656604617,1.5490550268165216e-06,True,False,2.7493712683913934e-06,0.9894326613729508,-1.793108748985652,1.992514437525734e-06,True,False,-2.749371268402425e-06,0.9894326613729505,-1.7931087489856523,1.99251443749045e-06,True,False,-2.3046233529774412e-06,0.7551499865929118,-1.7886662656604615,1.5490550267705355e-06,True,False
1.98,1.960213871779446e-06,0.7500765298001723,-1.785534394479585,1.3268045993018031e-06,True,False,2.7188211331183386e-06,0.9917397752721611,-1.7927322746234173,1.9701701986029624e-06,True,False,-2.718821133115533e-06,0.9917397752721605,-1.7927322746234169,1.970170198660728e-06,True,False,-1.96021387189118e-06,0.7500765298001719,-1.7855343944795852,1.326804599314515e-06,True,False
1.99,1.2086288128969203e-05,0.7454094341833287,-1.7833351607331382,8.965331084464615e-06,True,False,2.6881540161219846e-06,0.994040693824215,-1.7923457908490583,1.94778597060544e-06,True,False,-2.6881540161273243e-06,0.9940406938242147,-1.792345790849058,1.9477859706407253e-06,True,False,-1.2086288128886655e-05,0.7454094341833284,-1.7833351607331378,8.965331084388919e-06,True,False
2.0,9.535880982074871e-06,0.7410750304058867,-1.7819737432282936,7.2191983346262855e-06,True,False,2.6573697762529103e-06,0.996335388153667,-1.7919493002255862,1.9253619027617536e-06,True,False,-2.6573697762652024e-06,0.9963353881536667,-1.7919493002255864,1.9253619027152307e-06,True,False,-9.535880982083884e-06,0.7410750304058863,-1.7819737432282938,7.219198334667811e-06,True,False
2.01,-4.943488873304031e-06,0.7437885071254162,-1.7825039188135243,3.8099931259712413e-06,True,False,2.626468280276316e-06,0.9986238295040498,-1.7915428053735625,1.9028981673444335e-06,True,False,-2.6264682802752047e-06,0.9986238295040495,-1.791542805373562,1.9028981673797092e-06,True,False,4.943488873289544e-06,0.7437885071254158,-1.782503918813524,3.8099931259712413e-06,True,False
2.02,-5.170245684007216e-06,0.7465451330770321,-1.7830892356063701,3.955242487840269e-06,True,False,2.5954494033912754e-06,1.0009059892396166,-1.7911263089704166,1.8803949611177595e-06,True,False,-2.595449403403527e-06,1.0009059892396164,-1.791126308970417,1.880394961129008e-06,True,False,5.170245683998339e-06,0.7465451330770316,-1.7830892356063703,3.9552424878234485e-06,True,False
2.03,-5.152508904490347e-06,0.7492992165449687,-1.7836656073040178,3.938087082521407e-06,True,False,2.564313028521477e-06,1.0031818388470666,-1.7906998137497618,1.8578525062418073e-06,True,False,-2.564313028429347e-06,1.0031818388470664,-1.7906998137497618,1.8578525063108258e-06,True,False,5.152508904478312e-06,0.7492992165449684,-1.7836656073040178,3.938087082525477e-06,True,False
2.04,-5.13097753552586e-06,0.7520500804447071,-1.784232042098395,3.918472872884679e-06,True,False,2.533059046600804e-06,1.0054513499372344,-1.7902633225006792,1.8352710522815328e-06,True,False,-2.5330590467148757e-06,1.0054513499372342,-1.7902633225006794,1.835271052256436e-06,True,False,5.130977535611634e-06,0.7520500804447067,-1.7842320420983948,3.918472872854e-06,True,False
2.05,-5.109330162865859e-06,0.7547976850577518,-1.7847885215604231,3.898816775080346e-06,True,False,2.5016873564741424e-06,1.0077144942467662,-1.7898168380669985,1.8126508772983818e-06,True,False,-2.5016873564825043e-06,1.0077144942467662,-1.7898168380669985,1.8126508772983818e-06,True,False,5.109330162754024e-06,0.7547976850577515,-1.7847885215604231,3.898816775088323e-06,True,False
2.06,-5.087621457814206e-06,0.7575420001720894,-1.7853350420353444,3.879154585064888e-06,True,False,2.4701978640348033e-06,1.0099712436397605,-1.789360363346557,1.7899922899162047e-06,True,False,-2.4701978640343493e-06,1.0099712436397603,-1.789360363346557,1.7899922899514074e-06,True,False,5.0876214576978844e-06,0.7575420001720891,-1.7853350420353442,3.879154585095701e-06,True,False
2.07,-5.065851209784671e-06,0.7602829956220358,-1.7858716001358883,3.8594861037969396e-06,True,False,2.438590483092021e-06,1.0122215701093877,-1.7888939012904426,1.767295631461822e-06,True,False,-2.4385904829987863e-06,1.012221570109388,-1.788893901290443,1.767295631461822e-06,True,False,5.065851209680642e-06,0.7602829956220356,-1.7858716001358887,3.859486103698424e-06,True,False
2.08,-5.044018385653895e-06,0.7630206411473752,-1.7863981925238486,3.8398105957382295e-06,True,False,2.4068651345060164e-06,1.0144654457794835,-1.7884174549022267,1.7445612774818472e-06,True,False,-2.406865134505e-06,1.0144654457794835,-1.7884174549022267,1.7445612774818472e-06,True,False,5.044018385636615e-06,0.7630206411473748,-1.7863981925238483,3.8398105958097386e-06,True,False
2.09,-5.022121948673348e-06,0.7657549063934603,-1.786914815907655,3.8201273258562774e-06,True,False,2.3750217464339553e-06,1.0167028429061145,-1.7879310272371751,1.7217896400916872e-06,True,False,-2.3750217464306756e-06,1.0167028429061142,-1.7879310272371751,1.7217896401030135e-06,True,False,5.0221219486618285e-06,0.7657549063934604,-1.786914815907655,3.820127325842789e-06,True,False
2.1,-5.000160869752726e-06,0.7684857609134622,-1.787421467043206,3.8004355667482063e-06,True,False,2.3430602539917386e-06,1.0189337338791167,-1.7874346214014465,1.6989811712708663e-06,True,False,-2.343060253995574e-06,1.0189337338791165,-1.7874346214014467,1.698981171235782e-06,True,False,5.000160869742169e-06,0.768485760913462,-1.7874214670432063,3.8004355667482063e-06,True,False
2.11,-4.978134128301326e-06,0.7712131741706594,-1.7879181427347302,3.7807345992392715e-06,True,False,2.3109805988658503e-06,1.0211580912236096,-1.7869282405512787,1.6761363642045935e-06,True,False,-2.3109805988642647e-06,1.0211580912236096,-1.7869282405512787,1.6761363642045935e-06,True,False,4.9781341282862285e-06,0.7712131741706593,-1.7879181427347302,3.7807345992392715e-06,True,False
2.12,-4.956040712614823e-06,0.7739371155407428,-1.7884048398356331,3.761023712210629e-06,True,False,2.2787827298281446e-06,1.0233758876014811,-1.7864118878921529,1.6532557572798087e-06,True,False,-2.2787827298255357e-06,1.023375887601481,-1.7864118878921529,1.6532557573025877e-06,True,False,4.9560407127065465e-06,0.7739371155407428,-1.7884048398356334,3.7610237122337024e-06,True,False
2.13,-4.933879619615117e-06,0.776657554314135,-1.788881555249331,3.7413022029413317e-06,True,False,2.246466601734828e-06,1.0255870958128444,-1.7858855666779507,1.6303399369477093e-06,True,False,-2.2464666017327613e-06,1.0255870958128441,-1.7858855666779507,1.630339936936294e-06,True,False,4.933879619597865e-06,0.7766575543141347,-1.788881555249331,3.7413022029546864e-06,True,False
2.14,-4.9116498546958066e-06,0.7793744596983183,-1.7893482859300711,3.721569376362168e-06,True,False,2.214032176147715e-06,1.0277916887974698,-1.7853492802100897,1.6073895409756653e-06,True,False,-2.214032176145113e-06,1.0277916887974694,-1.7853492802100897,1.6073895409871087e-06,True,False,4.911649854677443e-06,0.779374459698318,-1.7893482859300711,3.721569376388812e-06,True,False
2.15,-4.88935043180971e-06,0.7820878008201751,-1.7898050288837322,3.7018245458111927e-06,True,False,2.1814794206376545e-06,1.0299896396361856,-1.7848030318366472,1.5844052625845314e-06,True,False,-2.1814794206361367e-06,1.0299896396361854,-1.7848030318366472,1.584405262573057e-06,True,False,4.889350431794734e-06,0.7820878008201751,-1.7898050288837324,3.701824545793069e-06,True,False
2.16,-4.866980374038411e-06,0.7847975467283435,-1.7902517811686147,3.682067032342322e-06,True,False,2.1488083085993213e-06,1.0321809215522546,-1.7842468249514714,1.561387854623598e-06,True,False,-2.148808308605481e-06,1.0321809215522546,-1.7842468249514716,1.5613878545658027e-06,True,False,4.8669803741165e-06,0.7847975467283433,-1.7902517811686147,3.6820670323387815e-06,True,False
2.17,-4.8445387136273195e-06,0.7875036663955772,-1.7906885398962094,3.6622961654203562e-06,True,False,2.1160188196709512e-06,1.0343655079127188,-1.783680662993272,1.538338133750149e-06,True,False,-2.1160188196683763e-06,1.0343655079127185,-1.783680662993272,1.5383381337386048e-06,True,False,4.8445387136029385e-06,0.787503666395577,-1.7906885398962094,3.6622961653658674e-06,True,False
2.18,-4.822024490988585e-06,0.7902061287211222,-1.7911153022319584,3.6425112819866253e-06,True,False,2.0831109386781728e-06,1.036543372229716,-1.7831045494447024,1.5152569862581652e-06,True,False,-2.0831109386827806e-06,1.036543372229716,-1.7831045494447026,1.5152569861887767e-06,True,False,4.822024491060996e-06,0.7902061287211216,-1.7911153022319581,3.642511282054344e-06,True,False
2.19,-4.799436756141066e-06,0.7929049025330986,-1.7915320653959925,3.6227117276047455e-06,True,False,2.05008465624446e-06,1.0387144881617725,-1.782518487831424,1.4921453727186612e-06,True,False,-2.050084656240882e-06,1.038714488161772,-1.7825184878314237,1.4921453727648446e-06,True,False,4.7994367562167296e-06,0.7929049025330983,-1.7915320653959923,3.6227117276690514e-06,True,False
2.2,-4.7767745679861085e-06,0.7955999565909004,-1.7919388266638605,3.602896855348671e-06,True,False,2.016939968095427e-06,1.0408788295150582,-1.7819224817211559,1.4690043349128875e-06,True,False,-2.0169399681010513e-06,1.0408788295150582,-1.781922481721156,1.4690043348667446e-06,True,False,4.776774567860504e-06,0.7955999565909001,-1.7919388266638605,3.6028968553617944e-06,True,False
2.21,-4.754036994331103e-06,0.7982912595875932,-1.7923355833672348,3.5830660263793245e-06,True,False,-1.6796569263924973e-06,1.0379161516311433,-1.7832878262993657,1.460971526773262e-06,True,False,1.6796569263951265e-06,1.037916151631143,-1.7832878262993657,1.460971526773262e-06,True,False,4.7540369943044455e-06,0.7982912595875927,-1.7923355833672348,3.5830660264055054e-06,True,False
2.22,-4.7312231123589705e-06,0.8009787801523309,-1.7927223328946091,3.563218609826978e-06,True,False,1.455245937641836e-06,1.0354538632134496,-1.7855205936721499,9.98069386231211e-07,True,False,-1.455245937639698e-06,1.0354538632134493,-1.7855205936721499,9.98069386231211e-07,True,False,4.731223112433401e-06,0.8009787801523305,-1.7927223328946091,3.5632186097632365e-06,True,False
2.23,-4.7083320087558655e-06,0.8036624868527784,-1.7930990726919736,3.5433539826283853e-06,True,False,4.665272928094943e-06,1.0335032546707104,-1.7886383829603323,2.8910498436614997e-06,True,False,-4.665272928094198e-06,1.0335032546707104,-1.7886383829603323,2.891049843669313e-06,True,False,4.708332008631318e-06,0.8036624868527782,-1.7930990726919738,3.5433539825997086e-06,True,False
2.24,-4.685362778836431e-06,0.80634234819754,-1.7934658002634787,3.5234715298117775e-06,True,False,7.815199945089394e-06,1.0320499606786695,-1.7926256203983872,4.871464270058091e-06,True,False,-7.815199945087348e-06,1.0320499606786693,-1.7926256203983872,4.871464270058091e-06,True,False,4.685362778805111e-06,0.8063423481975396,-1.7934658002634787,3.523471529850753e-06,True,False
2.25,-4.6623145280689176e-06,0.8090183326385987,-1.7938225131720795,3.5035706442053107e-06,True,False,1.0887575649197505e-05,1.0310759085707857,-1.7974598730008293,6.793863877373921e-06,True,False,-1.0887575649194347e-05,1.0310759085707852,-1.7974598730008293,6.793863877375278e-06,True,False,4.662314528031716e-06,0.8090183326385981,-1.793822513172079,3.5035706442855763e-06,True,False
2.26,-4.639186370693002e-06,0.8116904085737632,-1.7941692090401653,3.4836507266504666e-06,True,False,1.3867359908719968e-05,1.0305597679261804,-1.8031125411235203,8.629816439477878e-06,True,False,-1.3867359908717732e-05,1.0305597679261802,-1.80311254112352,8.629816439473753e-06,True,False,4.639186370670721e-06,0.811690408573763,-1.7941692090401653,3.4836507266375405e-06,True,False
2.27,-4.615977430758519e-06,0.8143585443491211,-1.7945058855501759,3.4637111856028827e-06,True,False,2.1324742886209703e-06,1.0305127111732604,-1.809605492258393,1.2835736329959173e-06,True,False,-2.132474288626432e-06,1.0305127111732604,-1.809605492258393,1.2835736329959173e-06,True,False,4.6159774307420254e-06,0.8143585443491209,-1.7945058855501759,3.463711185577096e-06,True,False
2.28,-4.59268684208272e-06,0.817022708261498,-1.794832540445194,3.443751437569148e-06,True,False,2.453433241732784e-06,1.0308422527685162,-1.816794756725413,1.4639002576126937e-06,True,False,-2.4534332417444664e-06,1.030842252768516,-1.8167947567254132,1.4639002576171345e-06,True,False,4.592686842070062e-06,0.8170227082614977,-1.794832540445194,3.4437514375562866e-06,True,False
2.29,-4.56931374732157e-06,0.819682868560927,-1.79514917152953,3.423770906753654e-06,True,False,2.7797320493997245e-06,1.031547597958456,-1.8246822273379903,1.6417379741144653e-06,True,False,-2.779732049405525e-06,1.031547597958456,-1.8246822273379903,1.6417379741144653e-06,True,False,4.569313747309955e-06,0.8196828685609268,-1.79514917152953,3.4237709067988023e-06,True,False
2.3000000000000003,-4.5458572994583975e-06,0.8223389934531184,-1.7954557766692836,3.4037690255769875e-06,True,False,3.0860759118136365e-06,1.0325964660820153,-1.8332183197894032,1.8019229233149354e-06,True,False,-3.0860759118163944e-06,1.0325964660820148,-1.8332183197894032,1.8019229233197408e-06,True,False,4.545857299444642e-06,0.8223389934531181,-1.7954557766692836,3.4037690255446046e-06,True,False
2.31,-4.5223166611323015e-06,0.8249910511019399,-1.795752353792892,3.3837452336752233e-06,True,False,3.3711489400050965e-06,1.0339543915378138,-1.842349222925436,1.9437923868533104e-06,True,False,-3.3711489400092435e-06,1.0339543915378138,-1.8423492229254357,1.9437923868483256e-06,True,False,4.522316661219539e-06,0.8249910511019397,-1.7957523537928923,3.3837452336143098e-06,True,False
2.32,-4.498691004455068e-06,0.8276390096319006,-1.7960389008916615,3.363698979095045e-06,True,False,3.6337841107480758e-06,1.035585057556953,-1.8520174769918427,2.0669514709286105e-06,True,False,-3.633784110749648e-06,1.0355850575569527,-1.8520174769918427,2.0669514709720044e-06,True,False,4.498691004436515e-06,0.8276390096319004,-1.7960389008916615,3.3636989790370745e-06,True,False
2.33,-4.4749795114870145e-06,0.8302828371306382,-1.7963154160202806,3.3436297173925292e-06,True,False,3.872891292937776e-06,1.0374505796952882,-1.8621624767091047,2.171220132945848e-06,True,False,-3.872891292933358e-06,1.0374505796952878,-1.8621624767091047,2.1712201329565385e-06,True,False,4.474979511560415e-06,0.8302828371306378,-1.7963154160202803,3.3436297174052284e-06,True,False
2.34,-4.451181374330934e-06,0.8329225016514126,-1.796581897297318,3.323536911953322e-06,True,False,4.08742894986371e-06,1.039511794902299,-1.8727209776777884,2.2566034129059985e-06,True,False,-4.087428949869768e-06,1.0395117949022987,-1.8727209776777887,2.2566034129059985e-06,True,False,4.451181374405446e-06,0.8329225016514122,-1.7965818972973178,3.3235369119406553e-06,True,False
2.35,-4.4272957947772795e-06,0.8355579712156029,-1.796838342905704,3.30342003403502e-06,True,False,4.276376103091892e-06,1.0417285536459715,-1.8836275998716527,2.323259930323766e-06,True,False,-4.276376103100132e-06,1.0417285536459713,-1.883627599871653,2.323259930323766e-06,True,False,4.4272957947517465e-06,0.8355579712156026,-1.7968383429057038,3.303420034009751e-06,True,False
2.36,-4.4033219846048094e-06,0.8381892138152065,-1.7970847510931929,3.283278562588292e-06,True,False,4.438706550877837e-06,1.0440600128462336,-1.8948153227618096,2.3714704072335973e-06,True,False,-4.438706550882011e-06,1.0440600128462332,-1.8948153227618096,2.3714704072394918e-06,True,False,4.403321984585389e-06,0.8381892138152062,-1.7970847510931929,3.283278562588292e-06,True,False
2.37,-4.37925916577778e-06,0.8408161974153442,-1.7973211201728112,3.263111984378148e-06,True,False,4.573367381170202e-06,1.046464927742615,-1.906215967599594,2.4016078104050937e-06,True,False,-4.573367381082002e-06,1.046464927742615,-1.9062159675995944,2.401607810327715e-06,True,False,4.379259165758251e-06,0.8408161974153439,-1.7973211201728112,3.263111984322895e-06,True,False
2.38,-4.355106570240827e-06,0.8434388899567639,-1.7975474485232859,3.242919793948742e-06,True,False,4.679263722697272e-06,1.0489019411548546,-1.9177606633569886,2.414110435683114e-06,True,False,-4.679263722700254e-06,1.0489019411548544,-1.9177606633569886,2.414110435700498e-06,True,False,4.3551065701202905e-06,0.8434388899567634,-1.7975474485232859,3.2429197939514107e-06,True,False
2.39,-4.330863439905126e-06,0.84605725935835,-1.7977637345894582,3.2227014937607274e-06,True,False,4.7552515109783625e-06,1.0513298688644168,-1.929380293740276,2.409458950794961e-06,True,False,-4.755251510976506e-06,1.0513298688644164,-1.929380293740276,2.4094589508014083e-06,True,False,4.330863439884513e-06,0.8460572593583495,-1.797763734589458,3.2227014938186826e-06,True,False
2.4,-4.306529027265878e-06,0.8486712735196323,-1.797969976882678,3.202456593844193e-06,True,False,4.800139819111863e-06,1.0537079800326885,-1.9410059235234534,2.3881581068137832e-06,True,False,-4.8001398191109415e-06,1.0537079800326883,-1.9410059235234536,2.3881581067903856e-06,True,False,4.306529027252163e-06,0.848671273519632,-1.797969976882678,3.2024565938218335e-06,True,False
2.41,-4.28210259456198e-06,0.8512809003233003,-1.7981661739811845,3.1821846120294504e-06,True,False,4.812704005201839e-06,1.0559962716673834,-1.9525692031713564,2.3507235302119427e-06,True,False,-4.812704005195727e-06,1.0559962716673832,-1.9525692031713564,2.350723530228402e-06,True,False,4.282102594641276e-06,0.8512809003232998,-1.7981661739811843,3.182184612074955e-06,True,False
2.42,-4.257583414574948e-06,0.853886107637709,-1.798352324530465,3.161885074078819e-06,True,False,4.791710537306728e-06,1.058155736148698,-1.964002751325761,2.2976737284660287e-06,True,False,-4.791710537307419e-06,1.0581557361486977,-1.964002751325761,2.2976737284590457e-06,True,False,4.257583414561233e-06,0.8538861076377087,-1.798352324530465,3.161885074078819e-06,True,False
2.43,-4.232970770268773e-06,0.8564868633193977,-1.7985284272435995,3.1415575133930716e-06,True,False,4.73595387932484e-06,1.0601486207346116,-1.9752405152064447,2.229527185230813e-06,True,False,-4.735953879323986e-06,1.0601486207346114,-1.9752405152064447,2.229527185223661e-06,True,False,4.2329707702631355e-06,0.8564868633193976,-1.7985284272435997,3.1415575133475097e-06,True,False
2.44,-4.208263954933266e-06,0.8590831352155979,-1.7986944809015888,3.121201471109321e-06,True,False,4.644305227209398e-06,1.0619386777909234,-1.9862181093351956,2.146804194546248e-06,True,False,-4.6443052272080696e-06,1.061938677790923,-1.9862181093351958,2.1468041945608757e-06,True,False,4.2082639549257176e-06,0.8590831352155975,-1.7986944809015888,3.121201471096969e-06,True,False
2.45,-4.1834622721400385e-06,0.8616748911667462,-1.798850484353661,3.1008164962148115e-06,True,False,4.51577218619783e-06,1.063491404253574,-1.9968731332313587,2.050032876081593e-06,True,False,-4.5157721861831935e-06,1.0634914042535735,-1.9968731332313587,2.050032876081593e-06,True,False,4.18346227213249e-06,0.8616748911667458,-1.798850484353661,3.100816496239453e-06,True,False
2.46,-4.158565036112486e-06,0.864262099008995,-1.798996436517565,3.0804021455984316e-06,True,False,4.3495676916409105e-06,1.0647742685518826,-2.0071454688635066,1.9397586392347417e-06,True,False,-4.349567691627148e-06,1.0647742685518822,-2.0071454688635066,1.939758639257332e-06,True,False,4.158565036112893e-06,0.8642620990089948,-1.7989964365175652,3.080402145586141e-06,True,False
2.47,-4.133571571301108e-06,0.8668447265767242,-1.7991323363798464,3.059957983581148e-06,True,False,4.145185616388167e-06,1.0657569229304198,-2.0169775586868925,1.8165562246810784e-06,True,False,-4.1451856164901365e-06,1.0657569229304193,-2.0169775586868925,1.8165562247031713e-06,True,False,4.1335715712944e-06,0.8668447265767238,-1.7991323363798464,3.0599579835132872e-06,True,False
2.48,-4.108481212550624e-06,0.8694227417050429,-1.7992581829960996,3.0394835825970085e-06,True,False,3.902479651838488e-06,1.066411398837049,-2.02631466506544,1.6810433607087068e-06,True,False,-3.902479651942565e-06,1.0664113988370487,-2.02631466506544,1.681043360729879e-06,True,False,4.108481212635828e-06,0.8694227417050423,-1.7992581829960992,3.0394835826983425e-06,True,False
2.49,-4.083293305447416e-06,0.8719961122323006,-1.7993739754912113,3.018978522952874e-06,True,False,3.621741251289859e-06,1.0667122828303992,-2.0351051117861596,1.5338950641356673e-06,True,False,-3.6217412512733657e-06,1.0667122828303988,-2.0351051117861596,1.5338950641578712e-06,True,False,4.083293305440585e-06,0.8719961122323002,-1.799373975491211,3.018978522940674e-06,True,False
2.5,-4.058007205891341e-06,0.8745648060025851,-1.7994797130595817,2.998442392532244e-06,True,False,3.3037717845839807e-06,1.066636870336729,-2.0433005082388243,1.3758577601509414e-06,True,False,-3.3037717845790814e-06,1.0666368703367288,-2.043300508238824,1.3758577601933112e-06,True,False,4.0580072058915985e-06,0.874564806002585,-1.7994797130595817,2.998442392495735e-06,True,False
2.51,-4.0326222803684065e-06,0.8771287908682237,-1.799575394965328,2.9778747870068195e-06,True,False,2.9499436823863387e-06,1.0661652945864775,-2.0508559566703295,1.2077628569305994e-06,True,False,-2.9499436824029473e-06,1.0661652945864775,-2.0508559566703295,1.2077628569146815e-06,True,False,4.032622280368705e-06,0.8771287908682236,-1.799575394965328,2.97787478699468e-06,True,False
2.52,-4.007137906003136e-06,0.8796880346922766,-1.7996610205424701,2.957275310228502e-06,True,False,2.0933086593737007e-05,1.0652523314330984,-2.0576859086812846,8.640275283858336e-06,True,False,-2.0933086593746087e-05,1.0652523314330982,-2.057685908681284,8.640275283942108e-06,True,False,4.007137906008774e-06,0.8796880346922764,-1.7996610205424703,2.9572753102069188e-06,True,False
2.53,-3.981553470494467e-06,0.8822425053510293,-1.7997365891951014,2.936643573604835e-06,True,False,1.7985428684702467e-05,1.063946185017777,-2.063848597078694,7.241625513134328e-06,True,False,-1.798542868471312e-05,1.0639461850177767,-2.063848597078694,7.241625513130868e-06,True,False,3.981553470500037e-06,0.8822425053510292,-1.7997365891951014,2.9366435736385836e-06,True,False
2.54,-3.955868372156705e-06,0.8847921707364779,-1.7998021003975384,2.915979196728062e-06,True,False,1.450822671158385e-05,1.062202952611733,-2.0692603685458266,5.6794416520297055e-06,True,False,-1.4508226711590084e-05,1.0622029526117325,-2.0692603685458266,5.679441652031603e-06,True,False,3.955868372160405e-06,0.8847921707364774,-1.7998021003975384,2.9159791967739175e-06,True,False
2.5500000000000003,-3.930082019635493e-06,0.8873369987588108,-1.7998575536944565,2.8952818067523164e-06,True,False,1.0842588118861529e-05,1.0600142481954429,-2.073891312395988,4.108488519387068e-06,True,False,-1.0842588118871856e-05,1.0600142481954427,-2.073891312395988,4.108488519387068e-06,True,False,3.930082019640196e-06,0.8873369987588104,-1.7998575536944565,2.895281806810221e-06,True,False
2.56,-3.904193832870377e-06,0.8898769573488831,-1.7999029487010032,2.8745510391250017e-06,True,False,7.025583430527626e-06,1.057375252110445,-2.077716468499277,2.6184455445672853e-06,True,False,-7.025583430537926e-06,1.0573752521104447,-2.077716468499277,2.6184455445460244e-06,True,False,3.904193832875947e-06,0.8898769573488828,-1.7999029487010032,2.8745510391250017e-06,True,False
2.57,-3.878203241626808e-06,0.8924120144606863,-1.799938285102898,2.853786537082498e-06,True,False,3.0927098111643034e-06,1.0542841320714325,-2.080715268656725,1.6071979977330391e-06,True,False,-3.0927098111762567e-06,1.0542841320714322,-2.080715268656725,1.607197997766712e-06,True,False,3.8782032416341e-06,0.8924120144606863,-1.799938285102898,2.853786537082498e-06,True,False
2.58,-3.852109687047398e-06,0.8949421380738128,-1.7999635626565131,2.832987951863118e-06,True,False,-9.183024331627692e-07,1.050741950028185,-2.082871613925278,2.079959612864058e-06,True,False,9.183024331598453e-07,1.0507419500281845,-2.082871613925278,2.0799596128282606e-06,True,False,3.852109687054066e-06,0.8949421380738127,-1.7999635626565131,2.832987951863118e-06,True,False
2.59,-3.825912620474239e-06,0.8974672961959089,-1.7999787811889354,2.8121549428518485e-06,True,False,-4.968210045712422e-06,1.0467525491911855,-2.0841739428559385,3.494993892578716e-06,True,False,4.9682100457006615e-06,1.0467525491911855,-2.0841739428559385,3.494993892578716e-06,True,False,3.825912620480107e-06,0.8974672961959088,-1.7999787811889354,2.8121549428518485e-06,True,False
2.6,-3.799611504127183e-06,0.8999874568651245,-1.7999839405980116,2.7912871774873686e-06,True,False,-9.017113632807772e-06,1.042322417080047,-2.084615280789364,5.122533424112576e-06,True,False,9.017113632796015e-06,1.042322417080047,-2.084615280789364,5.122533424112576e-06,True,False,3.799611504134786e-06,0.8999874568651246,-1.7999839405980116,2.791287177521485e-06,True,False
2.61,-3.773205810914392e-06,0.902502588152554,-1.799979040852376,2.7703843313236638e-06,True,False,-1.302534646081859e-05,1.037460528697638,-2.0841932697336865,6.801319560884796e-06,True,False,1.3025346460809699e-05,1.0374605286976377,-2.0841932697336865,6.801319560935802e-06,True,False,3.7732058109202736e-06,0.9025025881525539,-1.799979040852376,2.7703843313118066e-06,True,False
2.62,-3.7466950242328695e-06,0.905012658164667,-1.7999640819914582,2.7494460881512837e-06,True,False,-1.695435223686206e-05,1.0321781746127656,-2.082910178598305,8.48498448828595e-06,True,False,1.6954352236845445e-05,1.0321781746127656,-2.082910178598305,8.48498448828595e-06,True,False,3.7466950242361356e-06,0.9050126581646667,-1.7999640819914582,2.7494460881512837e-06,True,False
2.63,-3.7200786382773524e-06,0.9075176350457315,-1.7999390641254778,2.728472140017556e-06,True,False,-2.8445406651783403e-06,1.026445335356688,-2.0807268986977605,1.2160647163753309e-06,True,False,2.8445406651651266e-06,1.0264453353566878,-2.0807268986977605,1.2160647163753309e-06,True,False,3.7200786382905933e-06,0.9075176350457316,-1.799939064125478,2.7284721400293607e-06,True,False
2.64,-3.6933561578956765e-06,0.9100174869802291,-1.7999039874354164,2.707462187222989e-06,True,False,-3.2713054726446326e-06,1.0203580323363297,-2.0777386194281924,1.3980366816460187e-06,True,False,3.271305472631717e-06,1.0203580323363295,-2.0777386194281924,1.3980366816576848e-06,True,False,3.6933561578990647e-06,0.9100174869802288,-1.7999039874354164,2.707462187246546e-06,True,False
2.65,-3.6665270985154037e-06,0.9125121821952572,-1.799858852172974,2.686415938557024e-06,True,False,-3.7047295664323156e-06,1.013896487746002,-2.0739238786754934,1.5868088966191278e-06,True,False,3.704729566429551e-06,1.0138964877460017,-2.0739238786754934,1.5868088966191278e-06,True,False,3.6665270985186834e-06,0.9125121821952569,-1.799858852172974,2.686415938557024e-06,True,False
2.66,-3.6395909863024543e-06,0.9150016889629232,-1.7998036586605073,2.665333111123103e-06,True,False,-4.10916148229822e-06,1.0070793836658116,-2.0693031240582043,1.7685440418042394e-06,True,False,4.109161482301385e-06,1.007079383665811,-2.0693031240582043,1.7685440418022582e-06,True,False,3.6395909863065742e-06,0.915001688962923,-1.7998036586605073,2.6653331110652407e-06,True,False
2.67,-3.612547358161812e-06,0.9174859756027275,-1.7997384072909517,2.644213430686957e-06,True,False,-4.481856784027528e-06,0.9999268617035997,-2.063901256418885,1.942457832809084e-06,True,False,4.481856784032651e-06,0.9999268617035993,-2.063901256418885,1.94245783282052e-06,True,False,3.6125473581731553e-06,0.9174859756027273,-1.7997384072909517,2.644213430686957e-06,True,False
2.68,-3.5853957609886377e-06,0.9199650104839364,-1.7996630985277229,2.6230566314895396e-06,True,False,-4.820787355714086e-06,0.9924603047513125,-2.0577474549088746,2.1078993495167645e-06,True,False,4.820787355721309e-06,0.9924603047513123,-2.0577474549088746,2.107899349528149e-06,True,False,3.5853957609991273e-06,0.9199650104839361,-1.7996630985277229,2.623056631499586e-06,True,False
2.69,-3.5581357529087875e-06,0.9224387620279402,-1.7995777329046028,2.6018624568116145e-06,True,False,-5.12456703427812e-06,0.9847021899592805,-2.050875054029143,2.2643178268856523e-06,True,False,5.124567034288231e-06,0.9847021899592803,-2.050875054029143,2.264317826878321e-06,True,False,3.5581357530256645e-06,0.9224387620279398,-1.799577732904603,2.6018624568333205e-06,True,False
2.7,-3.530766902589517e-06,0.9249071987106022,-1.799482311025607,2.5806306583614467e-06,True,False,-5.392411539953041e-06,0.9766759569678621,-2.0433214033962286,2.4112492515187996e-06,True,False,5.392411540082928e-06,0.9766759569678616,-2.043321403396228,2.4112492514449844e-06,True,False,3.530766902608355e-06,0.9249071987106021,-1.7994823110256073,2.5806306583152313e-06,True,False
2.71,-3.503288788842622e-06,0.9273702890645967,-1.799376833564836,2.559360996991728e-06,True,False,-5.624080392069262e-06,0.9684058914255278,-2.0351277104746948,2.548300556037527e-06,True,False,5.6240803920627026e-06,0.9684058914255275,-2.0351277104746948,2.5483005560588867e-06,True,False,3.503288788852651e-06,0.9273702890645963,-1.7993768335648357,2.559360997003336e-06,True,False
2.72,-3.4757010011168712e-06,0.9298280016817269,-1.7992613012663046,2.5380532427011585e-06,True,False,-5.8198057383803195e-06,0.9599170230055275,-2.026338866532767,2.6751321478787144e-06,True,False,5.819805738380862e-06,0.9599170230055272,-2.026338866532767,2.675132147921609e-06,True,False,3.4757010011260463e-06,0.9298280016817263,-1.7992613012663043,2.5380532427589973e-06,True,False
2.73,-3.4480031395938484e-06,0.9322803052152377,-1.7991357149437592,2.5167071745671935e-06,True,False,-5.980213228326658e-06,0.9512350363299629,-2.0170032559383513,2.7914396876849597e-06,True,False,5.980213228334275e-06,0.9512350363299624,-2.017003255938351,2.7914396876315094e-06,True,False,3.4480031394974492e-06,0.9322803052152372,-1.7991357149437588,2.5167071746149586e-06,True,False
2.74,-3.4201948143354038e-06,0.9347271683821117,-1.799000075480474,2.4953225809179853e-06,True,False,-6.1062398000967435e-06,0.9423861925505855,-2.0071725487493937,2.8969360665636804e-06,True,False,6.106239800094087e-06,0.9423861925505851,-2.0071725487493937,2.8969360665636804e-06,True,False,3.4201948143456224e-06,0.9347271683821111,-1.7990000754804738,2.4953225810221056e-06,True,False
2.75,-3.392275646683983e-06,0.9371685599653466,-1.7988543838290296,2.4738992599205987e-06,True,False,-6.1990527149529534e-06,0.9333972588387198,-1.9969014763763342,2.991334493347254e-06,True,False,6.199052714949199e-06,0.9333972588387195,-1.9969014763763342,2.9913344933583336e-06,True,False,3.3922756466024103e-06,0.9371685599653463,-1.7988543838290298,2.473899259852469e-06,True,False
2.76,-3.364245267195351e-06,0.9396044488162254,-1.798698641011077,2.452437018878693e-06,True,False,-6.259973457074913e-06,0.9242954427081331,-1.986247589917645,3.0743335295045804e-06,True,False,6.259973457068882e-06,0.9242954427081327,-1.986247589917645,3.0743335295045804e-06,True,False,3.364245267213864e-06,0.9396044488162251,-1.7986986410110772,2.4524370188654524e-06,True,False
2.77,-3.3361033178330723e-06,0.9420348038565662,-1.7985328481170795,2.4309356754761462e-06,True,False,-6.290409312254916e-06,0.9151083279305231,-1.9752710006060379,3.145604816771548e-06,True,False,6.290409312364339e-06,0.9151083279305225,-1.975271000606038,3.145604816806406e-06,True,False,3.3361033178600012e-06,0.9420348038565662,-1.7985328481170797,2.430935675360507e-06,True,False
2.78,-3.307849449970908e-06,0.9444595940809579,-1.7983570063060415,2.409395057058321e-06,True,False,-6.2917946335270815e-06,0.9058638087911645,-1.9640341016676206,3.2047841384367497e-06,True,False,6.291794633532177e-06,0.905863808791164,-1.9640341016676206,3.2047841384477e-06,True,False,3.307849449989624e-06,0.9444595940809577,-1.7983570063060415,2.4093950570354e-06,True,False
2.79,-3.279483325613195e-06,0.9468787885589792,-1.7981711168052164,2.3878150015346014e-06,True,False,-6.265543029683416e-06,0.8965900195555795,-1.9526012708049154,3.2514663470185387e-06,True,False,6.265543029688146e-06,0.896590019555579,-1.9526012708049154,3.2514663470533852e-06,True,False,3.279483325638579e-06,0.9468787885589791,-1.7981711168052166,2.3878150014882306e-06,True,False
2.8000000000000003,-3.2510046171540033e-06,0.9492923564374045,-1.7979751809098006,2.366195357079758e-06,True,False,-6.213011057155235e-06,0.8873152562572325,-1.9410385524830267,3.2852045856295804e-06,True,False,6.213011057165074e-06,0.8873152562572321,-1.9410385524830267,3.2852045856295804e-06,True,False,3.2510046171712557e-06,0.9492923564374042,-1.7979751809098006,2.3661953570683343e-06,True,False
2.81,-3.222413006414215e-06,0.9517002669423876,-1.7977691999826069,2.344535982625003e-06,True,False,-6.135473418691017e-06,0.8780678882522048,-1.9294133192422962,3.30551411505875e-06,True,False,6.135473418592937e-06,0.8780678882522043,-1.929413319242296,3.30551411505875e-06,True,False,3.2224130064322128e-06,0.9517002669423873,-1.7977691999826069,2.3445359826828085e-06,True,False
2.82,-3.193708185705792e-06,0.9541024893816317,-1.7975531754537213,2.322836748411694e-06,True,False,-6.034109236915063e-06,0.8688762574014436,-1.9177939113954563,3.3118809400868182e-06,True,False,6.034109236920958e-06,0.8688762574014433,-1.9177939113954563,3.3118809401331577e-06,True,False,3.1937081857236134e-06,0.9541024893816314,-1.7975531754537215,2.3228367483880604e-06,True,False
2.83,-3.1648898573680747e-06,0.9564989931465435,-1.7973271088201452,2.301097535480556e-06,True,False,-5.909998617878033e-06,0.8597685632194654,-1.906249254706127,3.3037752907400645e-06,True,False,5.909998617882953e-06,0.8597685632194652,-1.906249254706127,3.3037752907400645e-06,True,False,3.164889857386113e-06,0.9564989931465433,-1.7973271088201452,2.301097535480556e-06,True,False
2.84,-3.1359577331872477e-06,0.9588897477143626,-1.7970910016454158,2.279318236893199e-06,True,False,-5.764128464288599e-06,0.8507727328574421,-1.8948484559992338,3.2806698562118515e-06,True,False,5.76412846430352e-06,0.8507727328574418,-1.8948484559992338,3.2806698562462627e-06,True,False,3.1359577332046627e-06,0.9588897477143624,-1.7970910016454158,2.279318236893199e-06,True,False
2.85,-3.106911535502807e-06,0.9612747226502806,-1.7968448555592145,2.257498757472986e-06,True,False,-5.597406309310152e-06,0.8419162753583898,-1.8836603771297364,3.2420624856661067e-06,True,False,5.597406309218198e-06,0.8419162753583896,-1.883660377129736,3.24206248558498e-06,True,False,3.106911535520222e-06,0.9612747226502804,-1.7968448555592145,2.257498757450299e-06,True,False
2.86,-3.07775099570006e-06,0.9636538876095347,-1.7965886722569524,2.2356390144373664e-06,True,False,-5.4106807953850904e-06,0.8332261202240457,-1.8727531883358797,3.187502853277857e-06,True,False,5.4106807952923505e-06,0.8332261202240453,-1.8727531883358794,3.187502853288544e-06,True,False,3.0777509957175155e-06,0.9636538876095345,-1.7965886722569524,2.2356390144361547e-06,True,False
2.87,-3.0484758551640448e-06,0.9660272123394863,-1.7963224534993454,2.2137389375623263e-06,True,False,-5.204767317920994e-06,0.8247284409587599,-1.8621939027223893,3.1166223466250344e-06,True,False,5.204767317932527e-06,0.8247284409587595,-1.862193902722389,3.116622346568795e-06,True,False,3.0484758552798375e-06,0.9660272123394859,-1.7963224534993454,2.2137389375837647e-06,True,False
2.88,-3.019085865195277e-06,0.9683946666816766,-1.7960462011119651,2.1917984700590353e-06,True,False,-4.980477262707758e-06,0.8164484648966994,-1.8520478944453211,3.029166175668012e-06,True,False,4.980477262714778e-06,0.8164484648966991,-1.8520478944453211,3.029166175668012e-06,True,False,3.0190858652111605e-06,0.9683946666816762,-1.7960462011119651,2.1917984700703402e-06,True,False
2.89,-2.9895807859289607e-06,0.9707562205738676,-1.7957599169847793,2.1698175684806083e-06,True,False,-4.738649200078482e-06,0.808410271263812,-1.84237840408211,2.9250264403916042e-06,True,False,4.738649200083212e-06,0.8084102712638118,-1.84237840408211,2.925026440448055e-06,True,False,2.9895807858531343e-06,0.9707562205738675,-1.7957599169847798,2.1698175683775062e-06,True,False
2.9,-2.9599603873089824e-06,0.9731118440520554,-1.7954636030716715,2.147796203349954e-06,True,False,-4.480180355677954e-06,0.8006365800618866,-1.8332460356368363,2.80427464619069e-06,True,False,4.480180355680204e-06,0.8006365800618866,-1.833246035636836,2.804274646109598e-06,True,False,2.959960387318957e-06,0.9731118440520551,-1.7954636030716713,2.1477962033386703e-06,True,False
2.91,-2.9302244487544777e-06,0.9754615072524694,-1.795157261389944,2.12573436016211e-06,True,False,-4.206056663524113e-06,0.7931485349711828,-1.824708250611097,2.6671919584682744e-06,True,False,4.206056663519356e-06,0.7931485349711824,-1.824708250611097,2.66719195850355e-06,True,False,2.9302244487636935e-06,0.9754615072524689,-1.7951572613899438,2.1257343602086127e-06,True,False
2.92,-2.900372758724118e-06,0.9778051804135445,-1.7948408940198057,2.1036320395322072e-06,True,False,-3.917379745387394e-06,0.7859654840299025,-1.8168188655158373,2.5142953624566665e-06,True,False,3.917379745385687e-06,0.7859654840299024,-1.8168188655158373,2.514295362399947e-06,True,False,2.9003727587416416e-06,0.9778051804135443,-1.7948408940198057,2.1036320395209417e-06,True,False
2.93,-2.8704051147804445e-06,0.9801428338778789,-1.794514503103845,2.0814892575565097e-06,True,False,-3.6153892541349996e-06,0.7791047623391023,-1.8096275600528,2.346357867646038e-06,True,False,3.6153892541425755e-06,0.7791047623391019,-1.8096275600527996,2.346357867553913e-06,True,False,2.8704051147979137e-06,0.9801428338778787,-1.794514503103845,2.0814892575677685e-06,True,False
2.94,-2.8403213237210013e-06,0.9824744380941618,-1.7941780908464782,2.0593060472771377e-06,True,False,-3.3014791928041718e-06,0.7725814814348696,-1.8031794038960254,2.1644210146078043e-06,True,False,3.3014791928000383e-06,0.7725814814348697,-1.8031794038960254,2.1644210146078043e-06,True,False,2.840321323737034e-06,0.9824744380941615,-1.7941780908464782,2.059306047265885e-06,True,False
2.95,-2.8101212012330862e-06,0.9847999636190871,-1.7938316595133916,2.0370824586211297e-06,True,False,-2.977207079667767e-06,0.7664083302395779,-1.7975144104942082,1.9697981934898996e-06,True,False,2.977207079667306e-06,0.7664083302395776,-1.7975144104942082,1.9697981934682346e-06,True,False,2.810121201248414e-06,0.9847999636190867,-1.7938316595133916,2.037082458632378e-06,True,False
2.96,-2.7798045718098328e-06,0.9871193811192372,-1.7934752114309602,2.0148185597923403e-06,True,False,-2.6442951678679684e-06,0.7605953926270252,-1.79266712653923,1.764067699977568e-06,True,False,2.6442951678745346e-06,0.7605953926270248,-1.7926671265392298,1.7640676999315338e-06,True,False,2.779804571725387e-06,0.987119381119237,-1.7934752114309604,2.0148185597255357e-06,True,False
2.97,-2.749371268374358e-06,0.9894326613729508,-1.793108748985652,1.992514437525734e-06,True,False,-2.30462335308824e-06,0.7551499865929122,-1.7886662656604617,1.5490550268165216e-06,True,False,2.3046233529943277e-06,0.7551499865929118,-1.7886662656604615,1.5490550267244648e-06,True,False,2.749371268392464e-06,0.9894326613729509,-1.7931087489856523,1.992514437479209e-06,True,False
2.98,-2.718821133101303e-06,0.9917397752721611,-1.7927322746234173,1.9701701986029624e-06,True,False,-1.9602138718075404e-06,0.7500765298001723,-1.785534394479585,1.3268045993018031e-06,True,False,1.9602138718012927e-06,0.750076529800172,-1.7855343944795852,1.3268045993367206e-06,True,False,2.7188211331098682e-06,0.9917397752721607,-1.7927322746234173,1.9701701986254427e-06,True,False
2.99,-2.688154016204899e-06,0.994040693824215,-1.7923457908490583,1.9477859706257273e-06,True,False,-1.2086288128997297e-05,0.7454094341833287,-1.7833351607331382,8.965331084464615e-06,True,False,1.208628812899788e-05,0.7454094341833284,-1.783335160733138,8.96533108443172e-06,True,False,2.688154016114192e-06,0.9940406938242148,-1.792345790849058,1.9477859705942003e-06,True,False
3.0,-2.657369776235197e-06,0.996335388153667,-1.7919493002255864,1.925361902772995e-06,True,False,-9.535880982102884e-06,0.7410750304058867,-1.7819737432282936,7.219198334645702e-06,True,False,9.535880982099049e-06,0.7410750304058863,-1.7819737432282936,7.219198334645702e-06,True,False,2.6573697762501862e-06,0.9963353881536666,-1.7919493002255862,1.9253619027505126e-06,True,False
3.01,-2.626468280243973e-06,0.9986238295040496,-1.791542805373562,1.9028981673706642e-06,True,False,4.943488873274731e-06,0.7437885071254162,-1.782503918813524,3.8099931259383036e-06,True,False,-4.943488873279854e-06,0.7437885071254159,-1.782503918813524,3.8099931259521683e-06,True,False,2.626468280267236e-06,0.9986238295040495,-1.791542805373562,1.9028981673797092e-06,True,False
3.02,-2.5954494033652545e-06,1.0009059892396166,-1.7911263089704166,1.8803949611177595e-06,True,False,5.170245684084194e-06,0.7465451330770316,-1.7830892356063703,3.955242487819335e-06,True,False,-5.17024568408269e-06,0.7465451330770312,-1.7830892356063701,3.955242487833056e-06,True,False,2.595449403395558e-06,1.0009059892396164,-1.791126308970417,1.880394961129008e-06,True,False
3.03,-2.5643130284954562e-06,1.0031818388470666,-1.7906998137497618,1.8578525062418073e-06,True,False,5.152508904466711e-06,0.7492992165449687,-1.7836656073040178,3.93808708251179e-06,True,False,-5.15250890446747e-06,0.7492992165449684,-1.7836656073040178,3.938087082525477e-06,True,False,2.564313028421385e-06,1.0031818388470664,-1.7906998137497618,1.8578525063108258e-06,True,False
3.04,-2.5330590465748375e-06,1.0054513499372344,-1.7902633225006792,1.8352710522815328e-06,True,False,5.130977535602188e-06,0.7520500804447071,-1.7842320420983948,3.918472872884679e-06,True,False,-5.130977535600575e-06,0.7520500804447067,-1.7842320420983948,3.918472872854e-06,True,False,2.5330590467069136e-06,1.0054513499372342,-1.7902633225006794,1.835271052256436e-06,True,False
3.0500000000000003,-2.5016873564417654e-06,1.0077144942467664,-1.7898168380669983,1.8126508773096528e-06,True,False,5.109330162848837e-06,0.7547976850577519,-1.7847885215604233,3.898816775066726e-06,True,False,-5.109330162842983e-06,0.7547976850577515,-1.7847885215604231,3.898816775107587e-06,True,False,2.501687356474542e-06,1.0077144942467662,-1.7898168380669985,1.8126508772983818e-06,True,False
3.06,-2.470197863999919e-06,1.0099712436397605,-1.789360363346557,1.7899922899162047e-06,True,False,5.0876214577962216e-06,0.75754200017209,-1.7853350420353447,3.8791545850513005e-06,True,False,-5.0876214577918306e-06,0.7575420001720896,-1.7853350420353444,3.879154585037714e-06,True,False,2.470197864026387e-06,1.0099712436397603,-1.789360363346557,1.7899922899514074e-06,True,False
3.0700000000000003,-2.4385904830571435e-06,1.0122215701093877,-1.7888939012904426,1.767295631461822e-06,True,False,5.0658512097663755e-06,0.7602829956220358,-1.7858716001358885,3.859486103766059e-06,True,False,-5.0658512097721895e-06,0.7602829956220359,-1.7858716001358887,3.859486103752505e-06,True,False,2.4385904830907064e-06,1.0122215701093877,-1.788893901290443,1.7672956314266434e-06,True,False
3.08,-2.406865134471139e-06,1.0144654457794835,-1.7884174549022267,1.744561277461567e-06,True,False,5.044018385630137e-06,0.7630206411473752,-1.7863981925238483,3.839810595769177e-06,True,False,-5.044018385632482e-06,0.763020641147375,-1.7863981925238486,3.83981059575175e-06,True,False,2.406865134498156e-06,1.0144654457794835,-1.788417454902227,1.7445612773900958e-06,True,False
3.09,-2.3750217463985426e-06,1.0167028429061145,-1.787931027237175,1.7217896401268066e-06,True,False,5.02212194865512e-06,0.7657549063934603,-1.786914815907655,3.8201273258562774e-06,True,False,-5.022121948653304e-06,0.7657549063934602,-1.786914815907655,3.820127325883252e-06,True,False,2.3750217465172966e-06,1.016702842906114,-1.787931027237175,1.7217896401595974e-06,True,False
3.1,-2.343060253963319e-06,1.0189337338791167,-1.7874346214014465,1.6989811712708663e-06,True,False,5.00016086973439e-06,0.7684857609134622,-1.787421467043206,3.8004355667482063e-06,True,False,-5.000160869737005e-06,0.768485760913462,-1.7874214670432063,3.8004355667482063e-06,True,False,2.3430602539828142e-06,1.0189337338791165,-1.7874346214014467,1.698981171235782e-06,True,False
3.11,-2.3109805988374307e-06,1.0211580912236096,-1.7869282405512787,1.6761363642045935e-06,True,False,4.9781341282840465e-06,0.7712131741706589,-1.7879181427347304,3.780734599234967e-06,True,False,-4.978134128287692e-06,0.7712131741706588,-1.7879181427347306,3.7807345991903985e-06,True,False,2.3109805988514508e-06,1.0211580912236096,-1.7869282405512787,1.6761363642045935e-06,True,False
3.12,-2.278782729799779e-06,1.0233758876014811,-1.7864118878921529,1.6532557572798087e-06,True,False,4.956040712702305e-06,0.7739371155407428,-1.7884048398356334,3.7610237122337024e-06,True,False,-4.956040712701424e-06,0.7739371155407428,-1.7884048398356331,3.7610237122203142e-06,True,False,2.2787827298127218e-06,1.023375887601481,-1.7864118878921529,1.6532557573025877e-06,True,False
3.13,-2.246466601706354e-06,1.0255870958128444,-1.7858855666779507,1.6303399369477093e-06,True,False,4.9338796196037195e-06,0.7766575543141352,-1.7888815552493311,3.741302202883342e-06,True,False,-4.933879619598366e-06,0.7766575543141347,-1.788881555249331,3.7413022029546864e-06,True,False,2.2464666017200016e-06,1.0255870958128441,-1.7858855666779507,1.630339936936294e-06,True,False
3.14,-2.2140321761192344e-06,1.0277916887974698,-1.7853492802100897,1.6073895409756653e-06,True,False,4.911649854676494e-06,0.7793744596983183,-1.789348285930071,3.721569376393514e-06,True,False,-4.911649854677944e-06,0.779374459698318,-1.7893482859300711,3.721569376388812e-06,True,False,2.2140321761323533e-06,1.0277916887974694,-1.7853492802100897,1.6073895409871087e-06,True,False
3.15,-2.181479420609228e-06,1.0299896396361856,-1.7848030318366472,1.5844052625845314e-06,True,False,4.889350431799369e-06,0.7820878008201755,-1.7898050288837324,3.7018245457797805e-06,True,False,-4.889350431795236e-06,0.7820878008201751,-1.7898050288837324,3.701824545793069e-06,True,False,2.181479420623377e-06,1.0299896396361854,-1.7848030318366472,1.584405262573057e-06,True,False
3.16,-2.1488083086707566e-06,1.0321809215522546,-1.7842468249514711,1.5613878545658027e-06,True,False,4.8669803741257974e-06,0.7847975467283436,-1.790251781168615,3.6820670322625698e-06,True,False,-4.866980374117002e-06,0.7847975467283433,-1.7902517811686147,3.6820670323387815e-06,True,False,2.148808308592721e-06,1.0321809215522546,-1.7842468249514716,1.5613878545658027e-06,True,False
3.17,-2.1160188197418106e-06,1.0343655079127188,-1.7836806629932718,1.5383381337487146e-06,True,False,4.844538713613577e-06,0.7875036663955773,-1.7906885398962096,3.6622961653440458e-06,True,False,-4.84453871360344e-06,0.787503666395577,-1.7906885398962094,3.6622961653658674e-06,True,False,2.1160188196556165e-06,1.0343655079127185,-1.783680662993272,1.5383381337386048e-06,True,False
3.18,-2.0831109386558653e-06,1.0365433722297162,-1.7831045494447024,1.5152569862133095e-06,True,False,4.822024491062501e-06,0.7902061287211216,-1.7911153022319581,3.6425112820411543e-06,True,False,-4.822024491058028e-06,0.7902061287211213,-1.7911153022319581,3.6425112820227343e-06,True,False,2.083110938670014e-06,1.036543372229716,-1.7831045494447026,1.5152569861887767e-06,True,False
3.19,-2.0500846562207363e-06,1.0387144881617725,-1.782518487831424,1.4921453727085633e-06,True,False,4.799436756220606e-06,0.7929049025330985,-1.7915320653959923,3.622711727655895e-06,True,False,-4.799436756224129e-06,0.7929049025330984,-1.7915320653959925,3.62271172762422e-06,True,False,2.0500846562281156e-06,1.038714488161772,-1.7825184878314237,1.4921453727547465e-06,True,False
3.2,-2.0169399679719025e-06,1.0408788295150582,-1.781922481721156,1.4690043349160497e-06,True,False,4.776774567865572e-06,0.7955999565909004,-1.7919388266638605,3.602896855348671e-06,True,False,-4.77677456786339e-06,0.7955999565909002,-1.7919388266638605,3.6028968553355474e-06,True,False,2.0169399679874676e-06,1.040878829515058,-1.781922481721156,1.4690043349160497e-06,True,False
3.21,1.679656926315878e-06,1.0379161516311433,-1.7832878262993657,1.4609715267648145e-06,True,False,4.754036994310544e-06,0.7982912595875932,-1.7923355833672348,3.5830660263793245e-06,True,False,-4.754036994314176e-06,0.798291259587593,-1.792335583367235,3.583066026392415e-06,True,False,-1.6796569263003062e-06,1.037916151631143,-1.7832878262993657,1.4609715267648145e-06,True,False
3.22,-1.4552459376186544e-06,1.0354538632134496,-1.7855205936721499,9.98069386231211e-07,True,False,4.73122311244385e-06,0.8009787801523314,-1.7927223328946094,3.563218609750179e-06,True,False,-4.731223112447347e-06,0.8009787801523311,-1.7927223328946096,3.563218609750179e-06,True,False,1.4552459376346633e-06,1.0354538632134493,-1.7855205936721499,9.98069386231211e-07,True,False
3.23,-4.665272928071755e-06,1.0335032546707104,-1.7886383829603323,2.8910498436614997e-06,True,False,4.7083320086316566e-06,0.8036624868527785,-1.7930990726919738,3.5433539825866838e-06,True,False,-4.7083320086329305e-06,0.8036624868527781,-1.7930990726919738,3.5433539825997086e-06,True,False,4.665272928089163e-06,1.0335032546707104,-1.7886383829603323,2.891049843669313e-06,True,False
3.24,-7.815199945066206e-06,1.0320499606786695,-1.7926256203983872,4.871464270046354e-06,True,False,4.685362778812362e-06,0.80634234819754,-1.7934658002634787,3.5234715298117775e-06,True,False,-4.685362778807849e-06,0.8063423481975396,-1.7934658002634787,3.523471529850753e-06,True,False,7.815199945082313e-06,1.0320499606786693,-1.7926256203983872,4.871464270058091e-06,True,False
3.25,-1.0887575649274063e-05,1.0310759085707857,-1.7974598730008293,6.793863877347039e-06,True,False,4.662314528044726e-06,0.8090183326385987,-1.7938225131720795,3.5035706442053107e-06,True,False,-4.6623145280344535e-06,0.8090183326385981,-1.793822513172079,3.503570644295357e-06,True,False,1.0887575649188886e-05,1.0310759085707852,-1.7974598730008293,6.793863877375278e-06,True,False
3.26,-1.3867359908805525e-05,1.0305597679261806,-1.8031125411235205,8.629816439425637e-06,True,False,4.63918637066881e-06,0.8116904085737632,-1.7941692090401653,3.4836507266504666e-06,True,False,-4.639186370667536e-06,0.811690408573763,-1.7941692090401653,3.4836507266277526e-06,True,False,1.3867359908813101e-05,1.03055976792618,-1.80311254112352,8.629816439477878e-06,True,False
3.27,-2.132474288495955e-06,1.0305127111732604,-1.809605492258393,1.2835736329838766e-06,True,False,4.615977430936924e-06,0.8143585443491207,-1.7945058855501757,3.463711185596686e-06,True,False,-4.615977430828789e-06,0.8143585443491205,-1.7945058855501757,3.4637111855868907e-06,True,False,2.132474288521752e-06,1.0305127111732604,-1.809605492258393,1.2835736329838766e-06,True,False
3.28,-2.4534332417089453e-06,1.030842252768516,-1.8167947567254128,1.4639002576663012e-06,True,False,4.592686842071295e-06,0.8170227082614981,-1.794832540445194,3.4437514375562866e-06,True,False,-4.592686842062147e-06,0.8170227082614978,-1.794832540445194,3.4437514375562866e-06,True,False,2.4534332417404007e-06,1.030842252768516,-1.8167947567254132,1.4639002576171345e-06,True,False
3.29,-2.779732049384573e-06,1.031547597958456,-1.8246822273379903,1.641737974102302e-06,True,False,4.569313747309061e-06,0.819682868560927,-1.79514917152953,3.423770906753654e-06,True,False,-4.56931374730097e-06,0.8196828685609268,-1.79514917152953,3.4237709067988023e-06,True,False,2.7797320494014593e-06,1.031547597958456,-1.8246822273379903,1.6417379741144653e-06,True,False
3.3000000000000003,-3.0860759117983764e-06,1.0325964660820153,-1.8332183197894032,1.8019229233149354e-06,True,False,4.545857299545838e-06,0.8223389934531184,-1.7954557766692836,3.4037690255318085e-06,True,False,-4.54585729953562e-06,0.8223389934531181,-1.7954557766692836,3.4037690254994256e-06,True,False,3.0860759118123287e-06,1.0325964660820148,-1.8332183197894032,1.8019229233197408e-06,True,False
3.31,-3.3711489399898363e-06,1.0339543915378138,-1.842349222925436,1.9437923868409856e-06,True,False,4.522316661222819e-06,0.8249910511019403,-1.7957523537928923,3.3837452336526003e-06,True,False,-4.522316661207816e-06,0.8249910511019399,-1.795752353792892,3.38374523369781e-06,True,False,3.3711489400051778e-06,1.0339543915378138,-1.8423492229254357,1.9437923868483256e-06,True,False
3.3200000000000003,-3.6337841107245893e-06,1.0355850575569527,-1.8520174769918425,2.066951470982333e-06,True,False,4.49869100443661e-06,0.8276390096319006,-1.7960389008916615,3.363698979095045e-06,True,False,-4.498691004421566e-06,0.8276390096319003,-1.7960389008916615,3.3636989790625363e-06,True,False,3.633784110745582e-06,1.0355850575569527,-1.8520174769918427,2.0669514709720044e-06,True,False
3.33,-3.8728912930271824e-06,1.0374505796952882,-1.8621624767091047,2.1712201329583676e-06,True,False,4.474979511568533e-06,0.8302828371306382,-1.7963154160202806,3.3436297173925292e-06,True,False,-4.474979511547527e-06,0.8302828371306378,-1.7963154160202803,3.3436297174052284e-06,True,False,3.8728912929292925e-06,1.0374505796952878,-1.8621624767091047,2.1712201329565385e-06,True,False
3.34,-4.087428949849914e-06,1.039511794902299,-1.8727209776777884,2.2566034129059985e-06,True,False,4.451181374412358e-06,0.8329225016514126,-1.796581897297318,3.323536911953322e-06,True,False,-4.451181374392422e-06,0.8329225016514122,-1.7965818972973178,3.3235369119406553e-06,True,False,4.087428949865702e-06,1.0395117949022987,-1.8727209776777887,2.2566034129059985e-06,True,False
3.35,-4.276376103078122e-06,1.0417285536459715,-1.8836275998716527,2.3232599303477544e-06,True,False,4.4272957947586854e-06,0.8355579712156029,-1.796838342905704,3.30342003403502e-06,True,False,-4.427295794738709e-06,0.8355579712156026,-1.7968383429057038,3.303420034009751e-06,True,False,4.276376103096066e-06,1.0417285536459713,-1.883627599871653,2.323259930323766e-06,True,False
3.36,-4.438706550867537e-06,1.0440600128462336,-1.8948153227618096,2.3714704072335973e-06,True,False,4.403321984586215e-06,0.8381892138152065,-1.7970847510931929,3.283278562588292e-06,True,False,-4.403321984572351e-06,0.8381892138152062,-1.7970847510931929,3.283278562588292e-06,True,False,4.438706550877945e-06,1.0440600128462332,-1.8948153227618096,2.3714704072394918e-06,True,False
3.37,-4.573367381266859e-06,1.046464927742615,-1.906215967599594,2.4016078104310608e-06,True,False,4.379259165759186e-06,0.8408161974153442,-1.7973211201728112,3.2631119843682844e-06,True,False,-4.379259165745213e-06,0.8408161974153439,-1.7973211201728112,3.2631119843682844e-06,True,False,4.573367381077991e-06,1.046464927742615,-1.9062159675995944,2.401607810351482e-06,True,False
3.38,-4.679263722677431e-06,1.0489019411548546,-1.9177606633569886,2.414110435683114e-06,True,False,4.355106570122147e-06,0.8434388899567639,-1.797547448523286,3.242919793905992e-06,True,False,-4.3551065701081745e-06,0.8434388899567635,-1.797547448523286,3.242919793905992e-06,True,False,4.679263722703276e-06,1.0489019411548544,-1.9177606633569888,2.4141104356657295e-06,True,False
3.39,-4.755251510958413e-06,1.0513298688644168,-1.929380293740276,2.4094589507817173e-06,True,False,4.330863439888389e-06,0.8460572593583501,-1.7977637345894582,3.2227014937357124e-06,True,False,-4.330863439973512e-06,0.8460572593583495,-1.7977637345894582,3.2227014937857424e-06,True,False,4.755251510980843e-06,1.0513298688644166,-1.929380293740276,2.409458950788514e-06,True,False
3.4,-4.8001398192004424e-06,1.0537079800326885,-1.9410059235234534,2.388158106803764e-06,True,False,4.306529027249073e-06,0.8486712735196325,-1.797969976882678,3.2024565938218335e-06,True,False,-4.306529027235358e-06,0.848671273519632,-1.797969976882678,3.2024565938218335e-06,True,False,4.800139819115278e-06,1.0537079800326883,-1.9410059235234536,2.3881581067903856e-06,True,False
3.41,-4.812704005293549e-06,1.0559962716673834,-1.9525692031713564,2.3507235302254584e-06,True,False,4.282102594644244e-06,0.8512809003233003,-1.7981661739811845,3.1821846120294504e-06,True,False,-4.282102594624471e-06,0.8512809003232998,-1.7981661739811843,3.182184612074955e-06,True,False,4.812704005200064e-06,1.0559962716673832,-1.9525692031713564,2.350723530228402e-06,True,False
3.42,-4.7917105372900315e-06,1.058155736148698,-1.964002751325761,2.2976737284660287e-06,True,False,4.257583414557262e-06,0.853886107637709,-1.798352324530465,3.161885074078819e-06,True,False,-4.257583414544319e-06,0.8538861076377087,-1.798352324530465,3.161885074078819e-06,True,False,4.791710537311756e-06,1.0581557361486977,-1.964002751325761,2.2976737284590457e-06,True,False
3.43,-4.735953879308143e-06,1.0601486207346116,-1.9752405152064447,2.229527185230813e-06,True,False,4.232970770251074e-06,0.8564868633193977,-1.7985284272435995,3.1415575133930716e-06,True,False,-4.232970770246222e-06,0.8564868633193976,-1.7985284272435997,3.1415575133475097e-06,True,False,4.735953879328323e-06,1.0601486207346114,-1.9752405152064447,2.229527185223661e-06,True,False
3.44,-4.64430522718976e-06,1.0619386777909234,-1.9862181093351956,2.146804194546248e-06,True,False,4.208263954915567e-06,0.8590831352155979,-1.7986944809015888,3.121201471109321e-06,True,False,-4.208263954908804e-06,0.8590831352155975,-1.7986944809015888,3.1212014710870595e-06,True,False,4.644305227212406e-06,1.061938677790923,-1.9862181093351958,2.1468041945608757e-06,True,False
3.45,-4.515772186178206e-06,1.063491404253574,-1.9968731332313587,2.050032876081593e-06,True,False,4.183462272222289e-06,0.8616748911667461,-1.798850484353661,3.1008164962271325e-06,True,False,-4.1834622722156616e-06,0.8616748911667458,-1.798850484353661,3.100816496239453e-06,True,False,4.51577218618753e-06,1.0634914042535735,-1.9968731332313587,2.050032876081593e-06,True,False
3.46,-4.349567691735277e-06,1.0647742685518826,-2.0071454688635066,1.9397586392347417e-06,True,False,4.158565036195726e-06,0.864262099008995,-1.798996436517565,3.0804021456182763e-06,True,False,-4.158565036196092e-06,0.8642620990089948,-1.7989964365175652,3.0804021455603413e-06,True,False,4.349567691631485e-06,1.0647742685518822,-2.0071454688635066,1.939758639257332e-06,True,False
3.47,-4.1451856163662325e-06,1.0657569229304198,-2.0169775586868925,1.8165562246667173e-06,True,False,4.133571571184421e-06,0.8668447265767242,-1.7991323363798464,3.0599579835612903e-06,True,False,-4.133571571169771e-06,0.8668447265767236,-1.7991323363798462,3.0599579835735502e-06,True,False,4.14518561637948e-06,1.0657569229304193,-2.0169775586868925,1.816556224696907e-06,True,False
3.48,-3.902479651934406e-06,1.066411398837049,-2.02631466506544,1.6810433607377166e-06,True,False,4.108481212636655e-06,0.8694227417050432,-1.7992581829960996,3.039483582594714e-06,True,False,-4.108481212624919e-06,0.869422741705043,-1.7992581829960994,3.0394835826281836e-06,True,False,3.902479651954884e-06,1.0664113988370485,-2.02631466506544,1.681043360745554e-06,True,False
3.49,-3.6217412512641635e-06,1.0667122828303992,-2.0351051117861596,1.5338950641356673e-06,True,False,4.083293305437563e-06,0.8719961122323007,-1.7993739754912115,3.018978522940674e-06,True,False,-4.083293305417817e-06,0.8719961122323002,-1.799373975491211,3.0189785229764596e-06,True,False,3.6217412512842823e-06,1.0667122828303988,-2.0351051117861596,1.5338950641578712e-06,True,False
3.5,-3.303771784677798e-06,1.066636870336729,-2.043300508238824,1.375857760179188e-06,True,False,4.058007205881448e-06,0.8745648060025852,-1.7994797130595819,2.998442392474322e-06,True,False,-4.058007205868857e-06,0.874564806002585,-1.7994797130595817,2.998442392495735e-06,True,False,3.3037717845900048e-06,1.0666368703367288,-2.043300508238824,1.3758577601933112e-06,True,False
3.51,-2.9499436823827473e-06,1.0661652945864777,-2.0508559566703295,1.2077628569146815e-06,True,False,4.032622280349541e-06,0.8771287908682235,-1.799575394965328,2.9778747870404586e-06,True,False,-4.03262228034946e-06,0.8771287908682233,-1.7995753949653281,2.9778747870068195e-06,True,False,2.9499436824138706e-06,1.0661652945864775,-2.0508559566703295,1.2077628569146815e-06,True,False
3.52,-2.0933086593730393e-05,1.0652523314330984,-2.0576859086812846,8.640275283858336e-06,True,False,4.007137905993175e-06,0.8796880346922767,-1.7996610205424703,2.957275310240613e-06,True,False,-4.00713790598606e-06,0.8796880346922764,-1.7996610205424703,2.9572753102069188e-06,True,False,2.0933086593757065e-05,1.0652523314330982,-2.057685908681284,8.640275283942108e-06,True,False
3.53,-1.7985428684695853e-05,1.063946185017777,-2.063848597078694,7.241625513134328e-06,True,False,3.981553470483625e-06,0.8822425053510293,-1.7997365891951016,2.936643573571086e-06,True,False,-3.981553470477201e-06,0.8822425053510292,-1.7997365891951014,2.9366435736385836e-06,True,False,1.7985428684724096e-05,1.0639461850177767,-2.063848597078694,7.241625513130868e-06,True,False
3.54,-1.4508226711577236e-05,1.062202952611733,-2.0692603685458266,5.6794416520297055e-06,True,False,3.955868372140483e-06,0.8847921707364778,-1.7998021003975384,2.9159791967859704e-06,True,False,-3.955868372137664e-06,0.8847921707364774,-1.7998021003975384,2.9159791967739175e-06,True,False,1.4508226711601062e-05,1.0622029526117325,-2.0692603685458266,5.679441652031603e-06,True,False
3.5500000000000003,-1.0842588118854698e-05,1.0600142481954429,-2.073891312395988,4.108488519387068e-06,True,False,3.930082019623025e-06,0.8873369987588111,-1.7998575536944565,2.8952818067981967e-06,True,False,-3.930082019627335e-06,0.8873369987588109,-1.7998575536944568,2.8952818067643404e-06,True,False,1.0842588118882833e-05,1.0600142481954427,-2.073891312395988,4.108488519387068e-06,True,False
3.56,-7.025583430520795e-06,1.057375252110445,-2.077716468499277,2.6184455445672853e-06,True,False,3.904193832847947e-06,0.889876957348883,-1.799902948701003,2.8745510391270146e-06,True,False,-3.904193832853219e-06,0.8898769573488828,-1.7999029487010032,2.8745510391150194e-06,True,False,7.025583430548903e-06,1.0573752521104447,-2.077716468499277,2.6184455445460244e-06,True,False
3.5700000000000003,-3.0927098110481853e-06,1.0542841320714322,-2.0807152686567254,1.607197997732409e-06,True,False,3.87820324170792e-06,0.8924120144606865,-1.7999382851028978,2.8537865370924857e-06,True,False,-3.8782032417114575e-06,0.8924120144606863,-1.799938285102898,2.8537865370924857e-06,True,False,3.0927098110717396e-06,1.054284132071432,-2.0807152686567254,1.607197997732409e-06,True,False
3.58,9.183024331666182e-07,1.050741950028185,-2.082871613925278,2.079959612864058e-06,True,False,3.852109687032274e-06,0.8949421380738128,-1.7999635626565131,2.832987951863118e-06,True,False,-3.852109687030349e-06,0.8949421380738127,-1.7999635626565131,2.832987951863118e-06,True,False,-9.18302433143074e-07,1.0507419500281845,-2.082871613925278,2.079959612838326e-06,True,False
3.59,4.968210045716271e-06,1.0467525491911855,-2.0841739428559385,3.494993892578716e-06,True,False,3.825912620459114e-06,0.8974672961959089,-1.7999787811889354,2.8121549428518485e-06,True,False,-3.82591262045639e-06,0.8974672961959088,-1.7999787811889354,2.8121549428518485e-06,True,False,-4.96821004568839e-06,1.0467525491911855,-2.0841739428559385,3.494993892578716e-06,True,False
3.6,9.017113632811621e-06,1.042322417080047,-2.084615280789364,5.122533424112576e-06,True,False,3.799611504112045e-06,0.8999874568651245,-1.7999839405980116,2.7912871774873686e-06,True,False,-3.7996115041075726e-06,0.8999874568651243,-1.7999839405980116,2.791287177463599e-06,True,False,-9.017113632783737e-06,1.042322417080047,-2.084615280789364,5.122533424112576e-06,True,False
3.61,1.3025346460822439e-05,1.037460528697638,-2.0841932697336865,6.801319560884796e-06,True,False,3.7732058108992536e-06,0.902502588152554,-1.799979040852376,2.7703843313236638e-06,True,False,-3.7732058108955673e-06,0.9025025881525539,-1.799979040852376,2.7703843313118066e-06,True,False,-1.3025346460797637e-05,1.0374605286976377,-2.0841932697336865,6.801319560935802e-06,True,False
3.62,1.695435223686591e-05,1.0321781746127656,-2.082910178598305,8.48498448828595e-06,True,False,3.7466950242177313e-06,0.905012658164667,-1.7999640819914582,2.7494460881512837e-06,True,False,-3.7466950242114294e-06,0.9050126581646667,-1.7999640819914582,2.7494460881512837e-06,True,False,-1.6954352236833384e-05,1.0321781746127656,-2.082910178598305,8.48498448828595e-06,True,False
3.63,2.8445406651821892e-06,1.026445335356688,-2.0807268986977605,1.2160647163753309e-06,True,False,3.720078638262106e-06,0.9075176350457315,-1.7999390641254778,2.728472140017556e-06,True,False,-3.720078638265887e-06,0.9075176350457316,-1.799939064125478,2.7284721400293607e-06,True,False,-2.844540665153065e-06,1.0264453353566878,-2.0807268986977605,1.2160647163753309e-06,True,False
3.64,3.2713054726484815e-06,1.0203580323363297,-2.0777386194281924,1.3980366816460187e-06,True,False,3.6933561579755958e-06,0.9100174869802293,-1.7999039874354161,2.707462187336977e-06,True,False,-3.6933561579777506e-06,0.9100174869802292,-1.7999039874354164,2.707462187233015e-06,True,False,-3.271305472619669e-06,1.0203580323363295,-2.0777386194281924,1.3980366816576848e-06,True,False
3.65,3.7047295664361646e-06,1.013896487746002,-2.0739238786754934,1.5868088966191278e-06,True,False,3.666527098592653e-06,0.9125121821952571,-1.7998588521729737,2.6864159385788083e-06,True,False,-3.666527098586717e-06,0.9125121821952569,-1.799858852172974,2.6864159385670553e-06,True,False,-3.7047295664175027e-06,1.0138964877460017,-2.0739238786754934,1.5868088966191278e-06,True,False
3.66,4.109161482302069e-06,1.0070793836658116,-2.0693031240582043,1.7685440418042394e-06,True,False,3.639590986380747e-06,0.9150016889629232,-1.7998036586605073,2.665333111123103e-06,True,False,-3.639590986368211e-06,0.9150016889629229,-1.7998036586605073,2.665333111111375e-06,True,False,-4.109161482408721e-06,1.007079383665811,-2.0693031240582043,1.7685440417952763e-06,True,False
3.67,4.481856784031377e-06,0.9999268617035997,-2.063901256418885,1.942457832809084e-06,True,False,3.61254735804011e-06,0.9174859756027275,-1.7997384072909517,2.644213430666874e-06,True,False,-3.612547358036695e-06,0.9174859756027275,-1.799738407290952,2.6442134306090157e-06,True,False,-4.481856784014653e-06,0.9999268617035993,-2.063901256418885,1.94245783282052e-06,True,False
3.68,4.820787355717935e-06,0.9924603047513125,-2.0577474549088746,2.1078993495167645e-06,True,False,3.5853957609669536e-06,0.9199650104839364,-1.7996630985277229,2.6230566314895396e-06,True,False,-3.585395760954621e-06,0.9199650104839361,-1.7996630985277229,2.6230566314895396e-06,True,False,-4.820787355703311e-06,0.9924603047513123,-2.0577474549088746,2.107899349528149e-06,True,False
3.69,5.124567034281969e-06,0.9847021899592805,-2.050875054029143,2.2643178268856523e-06,True,False,3.558135753081867e-06,0.9224387620279396,-1.7995777329046025,2.6018624568200624e-06,True,False,-3.558135753077774e-06,0.9224387620279395,-1.799577732904603,2.60186245675098e-06,True,False,-5.124567034270233e-06,0.9847021899592803,-2.050875054029143,2.2643178268644515e-06,True,False
3.7,5.39241153995689e-06,0.9766759569678621,-2.0433214033962286,2.4112492515187996e-06,True,False,3.5307669025735384e-06,0.9249071987106022,-1.799482311025607,2.5806306583614467e-06,True,False,-3.530766902562859e-06,0.924907198710602,-1.7994823110256073,2.5806306583268623e-06,True,False,-5.392411539946739e-06,0.9766759569678616,-2.043321403396228,2.4112492514449844e-06,True,False
3.71,5.624080392073111e-06,0.9684058914255278,-2.0351277104746948,2.548300556037527e-06,True,False,3.5032887888266436e-06,0.9273702890645967,-1.799376833564836,2.559360996991728e-06,True,False,-3.503288788807914e-06,0.9273702890645963,-1.7993768335648357,2.5593609969932753e-06,True,False,-5.6240803921666775e-06,0.9684058914255275,-2.0351277104746948,2.548300556051222e-06,True,False
3.72,5.8198057383840464e-06,0.9599170230055275,-2.026338866532767,2.6751321478787144e-06,True,False,3.475701001200829e-06,0.9298280016817267,-1.7992613012663046,2.5380532427011585e-06,True,False,-3.4757010011828856e-06,0.9298280016817264,-1.7992613012663043,2.538053242747412e-06,True,False,-5.81980573848939e-06,0.9599170230055273,-2.026338866532767,2.6751321479328173e-06,True,False
3.73,5.980213228330399e-06,0.9512350363299629,-2.0170032559383513,2.7914396876849597e-06,True,False,3.4480031395787644e-06,0.9322803052152377,-1.7991357149437592,2.5167071745671935e-06,True,False,-3.448003139552608e-06,0.9322803052152372,-1.7991357149437588,2.516707174625028e-06,True,False,-5.9802132283184455e-06,0.9512350363299624,-2.0170032559383513,2.7914396876849597e-06,True,False
3.74,6.106239800100484e-06,0.9423861925505855,-2.0071725487493937,2.8969360665636804e-06,True,False,3.42019481432032e-06,0.9347271683821117,-1.799000075480474,2.4953225809179853e-06,True,False,-3.4201948145071143e-06,0.9347271683821112,-1.799000075480474,2.4953225809381333e-06,True,False,-6.106239800088666e-06,0.9423861925505851,-2.0071725487493937,2.8969360665636804e-06,True,False
3.75,6.199052714956694e-06,0.9333972588387198,-1.9969014763763342,2.991334493347254e-06,True,False,3.392275646668899e-06,0.9371685599653466,-1.7988543838290296,2.4738992599205987e-06,True,False,-3.3922756466566746e-06,0.9371685599653463,-1.7988543838290298,2.473899259862547e-06,True,False,-6.199052714943778e-06,0.9333972588387195,-1.9969014763763342,2.9913344933583336e-06,True,False
3.76,6.2599734570785995e-06,0.9242954427081331,-1.986247589917645,3.0743335295045804e-06,True,False,3.36424526728019e-06,0.9396044488162254,-1.798698641011077,2.452437018888776e-06,True,False,-3.364245267268101e-06,0.9396044488162251,-1.7986986410110772,2.4524370188654524e-06,True,False,-6.259973457063461e-06,0.9242954427081327,-1.986247589917645,3.0743335295045804e-06,True,False
3.77,6.290409312257735e-06,0.9151083279305231,-1.9752710006060379,3.145604816771548e-06,True,False,3.3361033178181646e-06,0.9420348038565663,-1.7985328481170795,2.4309356754646664e-06,True,False,-3.3361033178144105e-06,0.9420348038565662,-1.7985328481170797,2.43093567539676e-06,True,False,-6.290409312358918e-06,0.9151083279305225,-1.975271000606038,3.145604816806406e-06,True,False
3.78,6.2917946335299e-06,0.9058638087911645,-1.9640341016676206,3.2047841384367497e-06,True,False,3.307849449955133e-06,0.9444595940809579,-1.7983570063060415,2.409395057058321e-06,True,False,-3.307849449943952e-06,0.9444595940809577,-1.7983570063060415,2.4093950570253093e-06,True,False,-6.291794633526756e-06,0.905863808791164,-1.9640341016676206,3.2047841384477e-06,True,False
3.79,6.265543029686235e-06,0.8965900195555795,-1.9526012708049154,3.2514663470185387e-06,True,False,3.2794833256973293e-06,0.9468787885589792,-1.7981711168052164,2.387815001498325e-06,True,False,-3.2794833256927485e-06,0.9468787885589791,-1.7981711168052166,2.387815001498325e-06,True,False,-6.265543029682725e-06,0.896590019555579,-1.9526012708049154,3.2514663470406645e-06,True,False
3.8,6.213011057158054e-06,0.8873152562572325,-1.9410385524830267,3.2852045856295804e-06,True,False,3.2510046172298432e-06,0.9492923564374043,-1.7979751809098004,2.36619535710128e-06,True,False,-3.251004617225249e-06,0.9492923564374042,-1.7979751809098006,2.3661953570784326e-06,True,False,-6.213011057159138e-06,0.887315256257232,-1.9410385524830267,3.2852045856295804e-06,True,False
3.81,6.135473418693836e-06,0.8780678882522048,-1.9294133192422962,3.30551411505875e-06,True,False,3.222413006390959e-06,0.9517002669423875,-1.7977691999826066,2.344535982649894e-06,True,False,-3.2224130063862426e-06,0.9517002669423873,-1.7977691999826069,2.3445359826727064e-06,True,False,-6.135473418691979e-06,0.8780678882522044,-1.9294133192422962,3.3055141150702343e-06,True,False
3.82,6.0341092369389695e-06,0.8688762574014428,-1.9177939113954556,3.3118809401215474e-06,True,False,3.193708185689732e-06,0.9541024893816319,-1.7975531754537215,2.322836748353892e-06,True,False,-3.193708185677589e-06,0.9541024893816313,-1.7975531754537213,2.322836748423083e-06,True,False,-6.034109236933128e-06,0.8688762574014426,-1.9177939113954559,3.3118809401447684e-06,True,False
3.83,5.9099986177681764e-06,0.8597685632194655,-1.906249254706127,3.3037752907386296e-06,True,False,3.1648898573513373e-06,0.9564989931465436,-1.7973271088201452,2.3010975354691825e-06,True,False,-3.164889857348193e-06,0.9564989931465434,-1.7973271088201452,2.301097535457809e-06,True,False,-5.90999861777376e-06,0.8597685632194652,-1.906249254706127,3.303775290772849e-06,True,False
3.84,5.764128464288924e-06,0.8507727328574421,-1.8948484559992338,3.2806698562118515e-06,True,False,3.135957733269769e-06,0.9588897477143626,-1.7970910016454158,2.279318236903311e-06,True,False,-3.135957733265134e-06,0.9588897477143622,-1.7970910016454158,2.2793182369146694e-06,True,False,-5.764128464298668e-06,0.8507727328574418,-1.8948484559992338,3.2806698562462627e-06,True,False
3.85,5.597406309310477e-06,0.8419162753583898,-1.8836603771297364,3.2420624856661067e-06,True,False,3.1069115354867067e-06,0.9612747226502808,-1.7968448555592145,2.257498757450299e-06,True,False,-3.106911535476095e-06,0.9612747226502805,-1.7968448555592142,2.2574987574740607e-06,True,False,-5.597406309318975e-06,0.8419162753583896,-1.8836603771297362,3.2420624855969296e-06,True,False
3.86,5.410680795385416e-06,0.8332261202240457,-1.8727531883358797,3.187502853277857e-06,True,False,3.077750995679731e-06,0.9636538876095344,-1.7965886722569526,2.2356390144022366e-06,True,False,-3.077750995675706e-06,0.9636538876095342,-1.7965886722569526,2.2356390144022366e-06,True,False,-5.410680795287309e-06,0.8332261202240453,-1.8727531883358794,3.187502853288544e-06,True,False
3.87,5.204767317921319e-06,0.8247284409587599,-1.8621939027223893,3.1166223466250344e-06,True,False,3.0484758552465525e-06,0.9660272123394862,-1.7963224534993454,2.2137389375837647e-06,True,False,-3.048475855241931e-06,0.9660272123394859,-1.7963224534993454,2.2137389375837647e-06,True,False,-5.2047673179274855e-06,0.8247284409587595,-1.862193902722389,3.116622346568795e-06,True,False
3.88,4.980477262708083e-06,0.8164484648966994,-1.8520478944453211,3.029166175668012e-06,True,False,3.0190858651785803e-06,0.9683946666816766,-1.7960462011119651,2.1917984700590353e-06,True,False,-3.0190858651731457e-06,0.9683946666816762,-1.7960462011119651,2.1917984700703402e-06,True,False,-4.9804772627097364e-06,0.8164484648966991,-1.8520478944453211,3.029166175668012e-06,True,False
3.89,4.7386492000788075e-06,0.808410271263812,-1.84237840408211,2.9250264403916042e-06,True,False,2.989580785912264e-06,0.9707562205738676,-1.7957599169847793,2.1698175684806083e-06,True,False,-2.9895807859148525e-06,0.9707562205738675,-1.7957599169847795,2.169817568422827e-06,True,False,-4.738649200078184e-06,0.8084102712638118,-1.84237840408211,2.925026440448055e-06,True,False
3.9,4.480180355678279e-06,0.8006365800618866,-1.8332460356368363,2.80427464619069e-06,True,False,2.959960387296582e-06,0.973111844052056,-1.7954636030716715,2.1477962032707624e-06,True,False,-2.9599603872902935e-06,0.9731118440520555,-1.7954636030716715,2.147796203328541e-06,True,False,-4.480180355675081e-06,0.8006365800618866,-1.833246035636836,2.804274646109598e-06,True,False
3.91,4.206056663524438e-06,0.7931485349711828,-1.824708250611097,2.6671919584682744e-06,True,False,2.930224448821915e-06,0.975461507252469,-1.7951572613899436,2.1257343602198867e-06,True,False,-2.9302244487247706e-06,0.9754615072524689,-1.7951572613899438,2.125734360198481e-06,True,False,-4.206056663514965e-06,0.7931485349711824,-1.824708250611097,2.66719195850355e-06,True,False
3.92,3.91737974538772e-06,0.7859654840299025,-1.8168188655158373,2.5142953624566665e-06,True,False,2.900372758708045e-06,0.9778051804135447,-1.794840894019806,2.1036320395209417e-06,True,False,-2.9003727587026645e-06,0.9778051804135443,-1.7948408940198057,2.1036320395209417e-06,True,False,-3.917379745381296e-06,0.7859654840299024,-1.8168188655158373,2.514295362399947e-06,True,False
3.93,3.615389254135325e-06,0.7791047623391023,-1.8096275600528,2.346357867646038e-06,True,False,2.8704051147534614e-06,0.9801428338778785,-1.794514503103845,2.08148925760527e-06,True,False,-2.8704051148555526e-06,0.9801428338778783,-1.794514503103845,2.0814892575565097e-06,True,False,-3.6153892540300624e-06,0.7791047623391019,-1.8096275600527998,2.346357867578074e-06,True,False
3.94,3.301479192804497e-06,0.7725814814348696,-1.8031794038960254,2.1644210146078043e-06,True,False,2.8403213236966203e-06,0.9824744380941618,-1.794178090846478,2.059306047255747e-06,True,False,-2.840321323798183e-06,0.9824744380941614,-1.7941780908464782,2.059306047287275e-06,True,False,-3.3014791927941836e-06,0.7725814814348697,-1.8031794038960254,2.1644210146078043e-06,True,False
3.95,2.977207079668092e-06,0.7664083302395779,-1.7975144104942082,1.9697981934898996e-06,True,False,2.8101212013141846e-06,0.984799963619087,-1.7938316595133914,2.0370824586879293e-06,True,False,-2.810121201210372e-06,0.9847999636190867,-1.7938316595133916,2.037082458632378e-06,True,False,-2.9772070796614514e-06,0.7664083302395776,-1.7975144104942082,1.9697981934682346e-06,True,False
3.96,2.6442951678682937e-06,0.7605953926270252,-1.79266712653923,1.764067699977568e-06,True,False,2.779804571690557e-06,0.9871193811192371,-1.7934752114309602,2.0148185597833033e-06,True,False,-2.7798045717872407e-06,0.9871193811192369,-1.7934752114309602,2.0148185597458166e-06,True,False,-2.644295167768093e-06,0.7605953926270248,-1.7926671265392295,1.7640676999314703e-06,True,False
3.97,2.304623353088565e-06,0.7551499865929122,-1.7886662656604617,1.5490550268165216e-06,True,False,2.749371268358854e-06,0.9894326613729512,-1.793108748985652,1.9925144374578257e-06,True,False,-2.7493712683543815e-06,0.9894326613729509,-1.7931087489856523,1.992514437469067e-06,True,False,-2.3046233529831875e-06,0.7551499865929118,-1.7886662656604615,1.5490550267244648e-06,True,False
3.98,1.9602138718078656e-06,0.7500765298001723,-1.785534394479585,1.3268045993018031e-06,True,False,2.7188211331761537e-06,0.991739775272161,-1.7927322746234169,1.9701701986949167e-06,True,False,-2.718821133171695e-06,0.9917397752721607,-1.7927322746234173,1.970170198635585e-06,True,False,-1.960213871890299e-06,0.750076529800172,-1.7855343944795854,1.3268045993605353e-06,True,False
3.99,1.2086288128997623e-05,0.7454094341833287,-1.7833351607331382,8.965331084464615e-06,True,False,2.6881540161866844e-06,0.9940406938242149,-1.792345790849058,1.9477859706257273e-06,True,False,-2.6881540161759508e-06,0.9940406938242148,-1.7923457908490583,1.947785970615584e-06,True,False,-1.2086288128891832e-05,0.7454094341833284,-1.7833351607331378,8.965331084388919e-06,True,False
