trial,time,roll_rad,pitch_rad,roll_deg,pitch_deg,omega_x,omega_y,omega_z,base_z,desired_pitch_moment_y,tau_attitude_max_abs,tau_raw_max_abs,tau_applied_max_abs,contact_count,com_x,com_y,com_z,FR_tau_att_0,FR_tau_att_1,FR_tau_att_2,FL_tau_att_0,FL_tau_att_1,FL_tau_att_2,RR_tau_att_0,RR_tau_att_1,RR_tau_att_2,RL_tau_att_0,RL_tau_att_1,RL_tau_att_2,FR_force_x,FR_force_y,FR_force_z,FL_force_x,FL_force_y,FL_force_z,RR_force_x,RR_force_y,RR_force_z,RL_force_x,RL_force_y,RL_force_z
no_feedback,0.0,1.8233615267514613e-06,0.07471496763100371,0.00010447092000938888,4.280852311713072,0.0,0.0,0.0,0.3242495249663171,0.0,0.0,5.552536230241026,5.552536230241026,2,0.00782960265978797,7.495407524409469e-06,0.3024868207456415,0.0,0.0,0.0,0.0,0.0,0.0,0.0,0.0,0.0,0.0,0.0,0.0,0.0,0.0,0.0,0.0,0.0,0.0,0.0,0.0,0.0,0.0,0.0,0.0
no_feedback,0.01,4.61841384602472e-06,0.0726620101116684,0.0002646156214219989,4.163226510335511,0.00043842370200957006,-0.3479504214168546,-4.3741406047366744e-05,0.3241538765170013,0.0,0.0,6.403886596973103,6.403886596973103,2,0.007845233129776615,7.495997752998118e-06,0.3023949252782409,0.0,0.0,0.0,0.0,0.0,0.0,0.0,0.0,0.0,0.0,0.0,0.0,0.0,0.0,0.0,0.0,0.0,0.0,0.0,0.0,0.0,0.0,0.0,0.0
no_feedback,0.02,1.0463159416077374e-05,0.06709867247821141,0.0005994948749138004,3.844470743932126,0.0006355311338843601,-0.6892248891689001,-5.325298475991265e-05,0.32386325675635663,0.0,0.0,6.173149933424862,6.173149933424862,2,0.00788479766775643,7.498810590952237e-06,0.3021076652005068,0.0,0.0,0.0,0.0,0.0,0.0,0.0,0.0,0.0,0.0,0.0,0.0,0.0,0.0,0.0,0.0,0.0,0.0,0.0,0.0,0.0,0.0,0.0,0.0
no_feedback,0.03,1.665264409555918e-05,0.05848891039807984,0.0009541262244089911,3.3511677141288105,0.0006051603804221808,-0.9707722420165606,-3.045742175458901e-05,0.3233079036372887,0.0,0.0,5.725237533638455,5.725237533638455,2,0.007918019880489843,7.510001975457628e-06,0.30154707984161144,0.0,0.0,0.0,0.0,0.0,0.0,0.0,0.0,0.0,0.0,0.0,0.0,0.0,0.0,0.0,0.0,0.0,0.0,0.0,0.0,0.0,0.0,0.0,0.0
no_feedback,0.04,2.2406111492007773e-05,0.04744157455801149,0.0012837756237916173,2.718201995629282,0.00043998578985630796,-1.1313470804754813,-1.9631352525063586e-05,0.32245416931770093,0.0,0.0,5.300471089319836,5.300471089319836,4,0.007916127543576432,7.51312871243062e-06,0.3006873070069548,0.0,0.0,0.0,0.0,0.0,0.0,0.0,0.0,0.0,0.0,0.0,0.0,0.0,0.0,0.0,0.0,0.0,0.0,0.0,0.0,0.0,0.0,0.0,0.0
no_feedback,0.05,2.294910688620046e-05,0.03784551515033423,0.0013148869681739008,2.1683882916125663,-8.602064272498175e-05,-0.8370535873461921,8.709357746393206e-06,0.32168850677461597,0.0,0.0,5.341113942900639,5.341113942900639,4,0.007812225970834561,7.5134058124278485e-06,0.3000130875659722,0.0,0.0,0.0,0.0,0.0,0.0,0.0,0.0,0.0,0.0,0.0,0.0,0.0,0.0,0.0,0.0,0.0,0.0,0.0,0.0,0.0,0.0,0.0,0.0
no_feedback,0.06,2.193537124059184e-05,0.0312861612073778,0.001256804194138557,1.792564994348668,-0.00011155250694693477,-0.5406777947928054,2.5811828174354108e-05,0.3212203271473755,0.0,0.0,5.398195645988812,5.398195645988812,4,0.007663728571657336,7.584119081702173e-06,0.2996589239716642,0.0,0.0,0.0,0.0,0.0,0.0,0.0,0.0,0.0,0.0,0.0,0.0,0.0,0.0,0.0,0.0,0.0,0.0,0.0,0.0,0.0,0.0,0.0,0.0
no_feedback,0.07,2.0752071565028657e-05,0.027370064769213266,0.001189006116829587,1.5681891962756256,-0.00012151337483509013,-0.3010870254905313,2.4547892890640742e-05,0.32103239973344067,0.0,0.0,5.4391606374475145,5.4391606374475145,4,0.007515661427117973,7.726543777195312e-06,0.2995562763578448,0.0,0.0,0.0,0.0,0.0,0.0,0.0,0.0,0.0,0.0,0.0,0.0,0.0,0.0,0.0,0.0,0.0,0.0,0.0,0.0,0.0,0.0,0.0,0.0
no_feedback,0.08,1.9565295317461186e-05,0.025447821982341447,0.0011210088466175982,1.458052797388405,-0.0001154730972518483,-0.12866688484245106,1.4874137988478845e-05,0.32106159996501865,0.0,0.0,5.474785992876592,5.474785992876592,4,0.007386713905154649,7.910979845170691e-06,0.2996332537671145,0.0,0.0,0.0,0.0,0.0,0.0,0.0,0.0,0.0,0.0,0.0,0.0,0.0,0.0,0.0,0.0,0.0,0.0,0.0,0.0,0.0,0.0,0.0,0.0
no_feedback,0.09,1.8554250243730078e-05,0.02484515419085528,0.0010630802309953124,1.4235224764877774,-8.707911586467148e-05,-0.02607816174789263,3.3579573041517608e-06,0.32122621013053415,0.0,0.0,5.483325784257614,5.483325784257614,4,0.007290550763066757,8.10505441154e-06,0.2998161607520961,0.0,0.0,0.0,0.0,0.0,0.0,0.0,0.0,0.0,0.0,0.0,0.0,0.0,0.0,0.0,0.0,0.0,0.0,0.0,0.0,0.0,0.0,0.0,0.0
no_feedback,0.1,1.7846043623125597e-05,0.02488725944779191,0.001022502980611453,1.4259349300055602,-6.075231699043541e-05,0.018757187762520854,-2.1848629039965273e-07,0.321450451987404,0.0,0.0,5.469444039571796,5.469444039571796,4,0.00722788201137577,8.258436312036378e-06,0.3000418488297876,0.0,0.0,0.0,0.0,0.0,0.0,0.0,0.0,0.0,0.0,0.0,0.0,0.0,0.0,0.0,0.0,0.0,0.0,0.0,0.0,0.0,0.0,0.0,0.0
no_feedback,0.11,1.735979031138595e-05,0.025180931381323015,0.000994642718074512,1.442761092358339,-4.1583922194625735e-05,0.0339292877327137,-1.167811218261886e-06,0.3216764962346788,0.0,0.0,5.459389892088016,5.459389892088016,4,0.007183026870356046,8.360572773226797e-06,0.3002620259966918,0.0,0.0,0.0,0.0,0.0,0.0,0.0,0.0,0.0,0.0,0.0,0.0,0.0,0.0,0.0,0.0,0.0,0.0,0.0,0.0,0.0,0.0,0.0,0.0
no_feedback,0.12,1.701382314120171e-05,0.025539877623109334,0.0009748202593728709,1.4633271970847774,-3.056667171760095e-05,0.03618105011480979,-2.4815692942828936e-06,0.3218799859732955,0.0,0.0,5.45105167315471,5.45105167315471,4,0.007144535801626844,8.42979985124834e-06,0.30045673955155344,0.0,0.0,0.0,0.0,0.0,0.0,0.0,0.0,0.0,0.0,0.0,0.0,0.0,0.0,0.0,0.0,0.0,0.0,0.0,0.0,0.0,0.0,0.0,0.0
no_feedback,0.13,1.6748620704207846e-05,0.02588649133442252,0.0009596252790165384,1.4831866998643888,-2.4259213385934915e-05,0.03319558053462075,-2.186613451595107e-06,0.322052362432813,0.0,0.0,5.447013344362332,5.447013344362332,4,0.007109412378224709,8.481846307154331e-06,0.30061964713373757,0.0,0.0,0.0,0.0,0.0,0.0,0.0,0.0,0.0,0.0,0.0,0.0,0.0,0.0,0.0,0.0,0.0,0.0,0.0,0.0,0.0,0.0,0.0,0.0
no_feedback,0.14,1.65293544731191e-05,0.026187839368432445,0.0009470622493854131,1.5004526703777223,-2.04211029155456e-05,0.027914228583744465,-1.8210879424048207e-06,0.32219114143969835,0.0,0.0,5.447403088258658,5.447403088258658,4,0.007077998333795513,8.52401387167787e-06,0.30074960603454576,0.0,0.0,0.0,0.0,0.0,0.0,0.0,0.0,0.0,0.0,0.0,0.0,0.0,0.0,0.0,0.0,0.0,0.0,0.0,0.0,0.0,0.0,0.0,0.0
no_feedback,0.15,1.634394180825034e-05,0.026428724266309198,0.0009364388862201596,1.5142543583745,-1.729699412296247e-05,0.021450527840102915,-1.5172050913133901e-06,0.3222973633683156,0.0,0.0,5.448439658535769,5.448439658535769,4,0.007050772572247073,8.558245070088382e-06,0.3008484207855937,0.0,0.0,0.0,0.0,0.0,0.0,0.0,0.0,0.0,0.0,0.0,0.0,0.0,0.0,0.0,0.0,0.0,0.0,0.0,0.0,0.0,0.0,0.0,0.0
no_feedback,0.16,1.618214209460537e-05,0.026606590878676856,0.0009271684455018775,1.5244453645794565,-1.5503581249104532e-05,0.015523832838742422,-5.907417173228599e-07,0.3223751318075729,0.0,0.0,5.449781866662641,5.449781866662641,4,0.007027971909433773,8.585764802335703e-06,0.30092041024341565,0.0,0.0,0.0,0.0,0.0,0.0,0.0,0.0,0.0,0.0,0.0,0.0,0.0,0.0,0.0,0.0,0.0,0.0,0.0,0.0,0.0,0.0,0.0,0.0
no_feedback,0.17,1.603347692996349e-05,0.0267340255671404,0.0009186505590072802,1.5317468343919818,-1.4480775702846857e-05,0.011126389931684874,-3.56019925234247e-07,0.3224300026694492,0.0,0.0,5.451875502159033,5.451875502159033,4,0.007010140893483247,8.609475452393095e-06,0.3009709676006771,0.0,0.0,0.0,0.0,0.0,0.0,0.0,0.0,0.0,0.0,0.0,0.0,0.0,0.0,0.0,0.0,0.0,0.0,0.0,0.0,0.0,0.0,0.0,0.0
no_feedback,0.18,1.5892538751142856e-05,0.026826644464636326,0.0009105753961885977,1.5370535063216533,-1.387914880335151e-05,0.008170608857700387,-3.1202443791458347e-07,0.32246793160784487,0.0,0.0,5.454097472765313,5.454097472765313,4,0.006996781000281571,8.631133072064662e-06,0.3010056872073139,0.0,0.0,0.0,0.0,0.0,0.0,0.0,0.0,0.0,0.0,0.0,0.0,0.0,0.0,0.0,0.0,0.0,0.0,0.0,0.0,0.0,0.0,0.0,0.0
no_feedback,0.19,1.5755035271790213e-05,0.02689549424384672,0.000902697027153327,1.5409983080908165,-1.3664455745399883e-05,0.0061243172545468235,-3.206349994986345e-07,0.3224936774619235,0.0,0.0,5.4562166612861365,5.4562166612861365,4,0.006987119858899113,8.65182741770426e-06,0.30102904230289107,0.0,0.0,0.0,0.0,0.0,0.0,0.0,0.0,0.0,0.0,0.0,0.0,0.0,0.0,0.0,0.0,0.0,0.0,0.0,0.0,0.0,0.0,0.0,0.0
no_feedback,0.2,1.5619245950073686e-05,0.026947735246598152,0.0008949168721160259,1.543991497066005,-1.3497708369127131e-05,0.004693737366638125,-3.40619470939301e-07,0.32251075790182787,0.0,0.0,5.45814106945302,5.45814106945302,4,0.006980423001564152,8.672074196112009e-06,0.3010443464272776,0.0,0.0,0.0,0.0,0.0,0.0,0.0,0.0,0.0,0.0,0.0,0.0,0.0,0.0,0.0,0.0,0.0,0.0,0.0,0.0,0.0,0.0,0.0,0.0
no_feedback,0.21,1.5487041318977458e-05,0.026989038272727785,0.000887342104722128,1.5463579861443513,-1.3039260043616435e-05,0.003830461520913104,-3.096447960193549e-07,0.32252196756210066,0.0,0.0,5.459344879082425,5.459344879082425,4,0.006975898308980924,8.691680300576792e-06,0.3010542114309802,0.0,0.0,0.0,0.0,0.0,0.0,0.0,0.0,0.0,0.0,0.0,0.0,0.0,0.0,0.0,0.0,0.0,0.0,0.0,0.0,0.0,0.0,0.0,0.0
no_feedback,0.22,1.53589025853439e-05,0.027024349603556496,0.000880000296092774,1.5483811763698268,-1.2650670238024343e-05,0.00336632270491559,-3.094767916188117e-07,0.3225297082659867,0.0,0.0,5.459828542853813,5.459828542853813,4,0.006972592536098161,8.710588210428993e-06,0.30106084872212496,0.0,0.0,0.0,0.0,0.0,0.0,0.0,0.0,0.0,0.0,0.0,0.0,0.0,0.0,0.0,0.0,0.0,0.0,0.0,0.0,0.0,0.0,0.0,0.0
no_feedback,0.23,1.523458981686631e-05,0.027056225285560818,0.0008728776991194213,1.5502075184177755,-1.2271851201158659e-05,0.0030840950298658015,-3.1842719169732374e-07,0.3225355532483248,0.0,0.0,5.459986019804047,5.459986019804047,4,0.006969946509661885,8.728862974017487e-06,0.3010657268709642,0.0,0.0,0.0,0.0,0.0,0.0,0.0,0.0,0.0,0.0,0.0,0.0,0.0,0.0,0.0,0.0,0.0,0.0,0.0,0.0,0.0,0.0,0.0,0.0
no_feedback,0.24,1.5113984724958365e-05,0.02708582202919486,0.0008659675363653087,1.5519032869153369,-1.1909039327067179e-05,0.0028837946849344424,-3.292048035182489e-07,0.32254045636647954,0.0,0.0,5.459956334874954,5.459956334874954,4,0.006967666685993591,8.746539959873074e-06,0.3010697463634036,0.0,0.0,0.0,0.0,0.0,0.0,0.0,0.0,0.0,0.0,0.0,0.0,0.0,0.0,0.0,0.0,0.0,0.0,0.0,0.0,0.0,0.0,0.0,0.0
no_feedback,0.25,1.4996843649440257e-05,0.02711366315035607,0.0008592558471304978,1.5534984656547866,-1.1575579178790392e-05,0.0027210294137931575,-3.39422723181345e-07,0.3225449723071015,0.0,0.0,5.459800515263372,5.459800515263372,4,0.006965591651961154,8.763665750620846e-06,0.3010734326177921,0.0,0.0,0.0,0.0,0.0,0.0,0.0,0.0,0.0,0.0,0.0,0.0,0.0,0.0,0.0,0.0,0.0,0.0,0.0,0.0,0.0,0.0,0.0,0.0
no_feedback,0.26,1.488282285152051e-05,0.02714000066632283,0.0008527229366329823,1.5550074941625402,-1.1278826284771061e-05,0.0025775222188898017,-3.483820711331664e-07,0.32254940098773,0.0,0.0,5.4595550307273175,5.4595550307273175,4,0.006963629875930597,8.780299684459342e-06,0.3010770686706645,0.0,0.0,0.0,0.0,0.0,0.0,0.0,0.0,0.0,0.0,0.0,0.0,0.0,0.0,0.0,0.0,0.0,0.0,0.0,0.0,0.0,0.0,0.0,0.0
no_feedback,0.27,1.4771544109334941e-05,0.027164982195602577,0.0008463471343562248,1.5564388303560521,-1.1019903340924689e-05,0.002446759887666528,-3.55973072167872e-07,0.32255388484803604,0.0,0.0,5.459246673724698,5.459246673724698,4,0.006961729517096338,8.796506215631465e-06,0.3010807870023968,0.0,0.0,0.0,0.0,0.0,0.0,0.0,0.0,0.0,0.0,0.0,0.0,0.0,0.0,0.0,0.0,0.0,0.0,0.0,0.0,0.0,0.0,0.0,0.0
no_feedback,0.28,1.466264331413003e-05,0.027188722687546244,0.0008401075784053649,1.5577990603479885,-1.0796040805372571e-05,0.002327017241000501,-3.6229116508961284e-07,0.3225584738025979,0.0,0.0,5.458896293255378,5.458896293255378,4,0.0069598626227762,8.81234788960669e-06,0.3010846316734949,0.0,0.0,0.0,0.0,0.0,0.0,0.0,0.0,0.0,0.0,0.0,0.0,0.0,0.0,0.0,0.0,0.0,0.0,0.0,0.0,0.0,0.0,0.0,0.0
no_feedback,0.29,1.4555796184608748e-05,0.02721133063216452,0.0008339856888307077,1.5590944001580813,-1.060268191272132e-05,0.0022180881831647325,-3.6749710464454014e-07,0.32256316739608115,0.0,0.0,5.4585198189624835,5.4585198189624835,4,0.006958016003923336,8.827881090104988e-06,0.30108859887964073,0.0,0.0,0.0,0.0,0.0,0.0,0.0,0.0,0.0,0.0,0.0,0.0,0.0,0.0,0.0,0.0,0.0,0.0,0.0,0.0,0.0,0.0,0.0,0.0
no_feedback,0.3,1.4450727395345275e-05,0.02723291386425496,0.0008279656906473613,1.5603310282651148,-1.0434841688927806e-05,0.002119893339411864,-3.7176297433138267e-07,0.3225679410758498,0.0,0.0,5.458128897906821,5.458128897906821,4,0.006956185489484836,8.843154239995669e-06,0.3010926622469644,0.0,0.0,0.0,0.0,0.0,0.0,0.0,0.0,0.0,0.0,0.0,0.0,0.0,0.0,0.0,0.0,0.0,0.0,0.0,0.0,0.0,0.0,0.0,0.0
no_feedback,0.31,1.4347496529594213e-05,0.02725358696804917,0.0008220509977243438,1.5615155098619589,-1.0195275901730192e-05,0.0020356001551393383,-3.3908320703866364e-07,0.3225727623566826,0.0,0.0,5.45773697157018,5.45773697157018,4,0.006954371461881359,8.858161450868493e-06,0.30109678819057445,0.0,0.0,0.0,0.0,0.0,0.0,0.0,0.0,0.0,0.0,0.0,0.0,0.0,0.0,0.0,0.0,0.0,0.0,0.0,0.0,0.0,0.0,0.0,0.0
no_feedback,0.32,1.4247144351651313e-05,0.02727360036606403,0.0008163012414632698,1.562662193101926,-9.93269749725596e-06,0.001981753870839244,-2.9800428859311877e-07,0.32257760882945735,0.0,0.0,5.457377619695734,5.457377619695734,4,0.006952566629762616,8.87272320691019e-06,0.3011009509118737,0.0,0.0,0.0,0.0,0.0,0.0,0.0,0.0,0.0,0.0,0.0,0.0,0.0,0.0,0.0,0.0,0.0,0.0,0.0,0.0,0.0,0.0,0.0,0.0
no_feedback,0.33,1.4148931171624609e-05,0.027293189639803924,0.0008106740407551811,1.5637845758109483,-9.742438229736122e-06,0.0019452899604354872,-2.842137893815394e-07,0.3225824631355446,0.0,0.0,5.457040841308797,5.457040841308797,4,0.006950763986491933,8.88694939294972e-06,0.3011051300010287,0.0,0.0,0.0,0.0,0.0,0.0,0.0,0.0,0.0,0.0,0.0,0.0,0.0,0.0,0.0,0.0,0.0,0.0,0.0,0.0,0.0,0.0,0.0,0.0
no_feedback,0.34,1.405241243365157e-05,0.027312472167098478,0.0008051439244253969,1.5648893832432722,-9.58429904923392e-06,0.0019177747963060373,-2.7896182977771243e-07,0.32258730669609764,0.0,0.0,5.456719550895691,5.456719550895691,4,0.006948963579698373,8.900919150921869e-06,0.30110930594614815,0.0,0.0,0.0,0.0,0.0,0.0,0.0,0.0,0.0,0.0,0.0,0.0,0.0,0.0,0.0,0.0,0.0,0.0,0.0,0.0,0.0,0.0,0.0,0.0
no_feedback,0.35000000000000003,1.395735326991607e-05,0.027331513038988436,0.0007996974355393097,1.565980344840816,-9.445640403622039e-06,0.0018955115351177631,-2.764800110444833e-07,0.3225921235635436,0.0,0.0,5.456411256278324,5.456411256278324,4,0.006947167794230235,8.914677812485685e-06,0.30111346261733674,0.0,0.0,0.0,0.0,0.0,0.0,0.0,0.0,0.0,0.0,0.0,0.0,0.0,0.0,0.0,0.0,0.0,0.0,0.0,0.0,0.0,0.0,0.0,0.0
no_feedback,0.36,1.3863591147641345e-05,0.027350352733650413,0.0007943252616547785,1.5670597798322625,-9.321561926624343e-06,0.0018766432079842326,-2.7499224071596993e-07,0.3225969014400768,0.0,0.0,5.456114871270629,5.456114871270629,4,0.006945379368255436,8.928256584294369e-06,0.30111758775869124,0.0,0.0,0.0,0.0,0.0,0.0,0.0,0.0,0.0,0.0,0.0,0.0,0.0,0.0,0.0,0.0,0.0,0.0,0.0,0.0,0.0,0.0,0.0,0.0
no_feedback,0.37,1.377099727992528e-05,0.027369018321419622,0.0007890200238258552,1.568129239233569,-9.209363790208667e-06,0.0018600912994729043,-2.739437190315362e-07,0.32260163148135446,0.0,0.0,5.455829714243244,5.455829714243244,4,0.006943600700293549,8.941679457051723e-06,0.3011216726101058,0.0,0.0,0.0,0.0,0.0,0.0,0.0,0.0,0.0,0.0,0.0,0.0,0.0,0.0,0.0,0.0,0.0,0.0,0.0,0.0,0.0,0.0,0.0,0.0
no_feedback,0.38,1.367946500039619e-05,0.02738752853371541,0.0007837756105196267,1.5691897962760089,-9.107073230922036e-06,0.0018451529456582712,-2.731519564528722e-07,0.32260630770500576,0.0,0.0,5.455555219085587,5.455555219085587,4,0.006941833665434374,8.954965811620694e-06,0.30112571125632803,0.0,0.0,0.0,0.0,0.0,0.0,0.0,0.0,0.0,0.0,0.0,0.0,0.0,0.0,0.0,0.0,0.0,0.0,0.0,0.0,0.0,0.0,0.0,0.0
no_feedback,0.39,1.3588905122417521e-05,0.027405896432316026,0.0007785869117182293,1.5702421993443485,-9.013072190652809e-06,0.001831338054620542,-2.7254828036036926e-07,0.3226109263352133,0.0,0.0,5.4552908678098815,5.4552908678098815,4,0.006940079625043007,8.968131588648734e-06,0.3011296999560615,0.0,0.0,0.0,0.0,0.0,0.0,0.0,0.0,0.0,0.0,0.0,0.0,0.0,0.0,0.0,0.0,0.0,0.0,0.0,0.0,0.0,0.0,0.0,0.0
no_feedback,0.4,1.349924306792539e-05,0.02742413105261433,0.0007734496544133581,1.571286966128465,-8.92599946743303e-06,0.0018182954730845693,-2.720995535741757e-07,0.32261548521363215,0.0,0.0,5.45503618415813,5.45503618415813,4,0.006938339502343397,8.981189966204762e-06,0.301133636552999,0.0,0.0,0.0,0.0,0.0,0.0,0.0,0.0,0.0,0.0,0.0,0.0,0.0,0.0,0.0,0.0,0.0,0.0,0.0,0.0,0.0,0.0,0.0,0.0
no_feedback,0.41000000000000003,1.341041654616554e-05,0.027442238538579,0.0007683602696076918,1.5723244486518329,-8.84471192401727e-06,0.001805773328577944,-2.71784518973376e-07,0.3226199833189566,0.0,0.0,5.454790738253316,5.454790738253316,4,0.0069366138724517214,8.994151846180468e-06,0.3011375200005417,0.0,0.0,0.0,0.0,0.0,0.0,0.0,0.0,0.0,0.0,0.0,0.0,0.0,0.0,0.0,0.0,0.0,0.0,0.0,0.0,0.0,0.0,0.0,0.0
no_feedback,0.42,1.3322373547596467e-05,0.027460222975223433,0.0007633157773740076,1.5733548809684792,-8.768255466428183e-06,0.0017935935357362347,-2.7158660641598623e-07,0.322624420398212,0.0,0.0,5.454554148909404,5.454554148909404,4,0.006934903046672064,9.007026243900179e-06,0.30114134999926967,0.0,0.0,0.0,0.0,0.0,0.0,0.0,0.0,0.0,0.0,0.0,0.0,0.0,0.0,0.0,0.0,0.0,0.0,0.0,0.0,0.0,0.0,0.0,0.0
no_feedback,0.43,1.323507061688535e-05,0.027478087010735768,0.0007583136879051374,1.574378414808408,-8.695837756130388e-06,0.0017816331830865183,-2.714916820814827e-07,0.3226287966963968,0.0,0.0,5.454326081713473,5.454326081713473,4,0.006933207143967068,9.019820611619953e-06,0.30114512673228566,0.0,0.0,0.0,0.0,0.0,0.0,0.0,0.0,0.0,0.0,0.0,0.0,0.0,0.0,0.0,0.0,0.0,0.0,0.0,0.0,0.0,0.0,0.0,0.0
no_feedback,0.44,1.3148471388170917e-05,0.027495832318919403,0.0007533519175907124,1.5753951460734892,-8.626802888302744e-06,0.0017698101169873477,-2.714872862596729e-07,0.3226331127657782,0.0,0.0,5.454106244079602,5.454106244079602,4,0.006931526148144157,9.03254110889717e-06,0.3011488506792447,0.0,0.0,0.0,0.0,0.0,0.0,0.0,0.0,0.0,0.0,0.0,0.0,0.0,0.0,0.0,0.0,0.0,0.0,0.0,0.0,0.0,0.0,0.0,0.0
no_feedback,0.45,1.306254535722212e-05,0.02751345993674023,0.0007484287186670358,1.5764051341774923,-8.560608903931656e-06,0.0017580716413932759,-2.715623244357538e-07,0.32263736933618015,0.0,0.0,5.453894378859646,5.453894378859646,4,0.006929859951715501,9.045192827987651e-06,0.30115252249033553,0.0,0.0,0.0,0.0,0.0,0.0,0.0,0.0,0.0,0.0,0.0,0.0,0.0,0.0,0.0,0.0,0.0,0.0,0.0,0.0,0.0,0.0,0.0,0.0
no_feedback,0.46,1.2977266859556603e-05,0.0275309705045364,0.0007435426206675854,1.5774084158090904,-8.496808499144945e-06,0.0017463857672260924,-2.7170690021959305e-07,0.32264156722998893,0.0,0.0,5.453690257727802,5.453690257727802,4,0.006928208388347223,9.057779981098579e-06,0.3011561429040413,0.0,0.0,0.0,0.0,0.0,0.0,0.0,0.0,0.0,0.0,0.0,0.0,0.0,0.0,0.0,0.0,0.0,0.0,0.0,0.0,0.0,0.0,0.0,0.0
no_feedback,0.47000000000000003,1.289261422340001e-05,0.027548364431813875,0.0007386923818911561,1.5784050144312471,-8.435032740324073e-06,0.001734734591396934,-2.7191219620830984e-07,0.32264570730873765,0.0,0.0,5.453493675086896,5.453493675086896,4,0.006926571256063703,9.070306055456717e-06,0.30115971269570035,0.0,0.0,0.0,0.0,0.0,0.0,0.0,0.0,0.0,0.0,0.0,0.0,0.0,0.0,0.0,0.0,0.0,0.0,0.0,0.0,0.0,0.0,0.0,0.0
no_feedback,0.48,1.2808569068941478e-05,0.027565642007628573,0.0007338769492521571,1.5793949466056467,-8.374977504399695e-06,0.0017231094263802226,-2.721703720085904e-07,0.32264979044121833,0.0,0.0,5.453304442862189,5.453304442862189,4,0.006924948333274261,9.082773941559964e-06,0.3011632326469858,0.0,0.0,0.0,0.0,0.0,0.0,0.0,0.0,0.0,0.0,0.0,0.0,0.0,0.0,0.0,0.0,0.0,0.0,0.0,0.0,0.0,0.0,0.0,0.0
no_feedback,0.49,1.2725115729116388e-05,0.027582803470920864,0.0007290954250939083,1.5803782260225636,-8.316392223050608e-06,0.0017115073275046193,-2.7247447149722223e-07,0.3226538174857523,0.0,0.0,5.453122386290448,5.453122386290448,4,0.006923339389429209,9.095186039031204e-06,0.30116670352908526,0.0,0.0,0.0,0.0,0.0,0.0,0.0,0.0,0.0,0.0,0.0,0.0,0.0,0.0,0.0,0.0,0.0,0.0,0.0,0.0,0.0,0.0,0.0,0.0
no_feedback,0.5,1.264224077130173e-05,0.02759984905283839,0.0007243470397838037,1.5813548659257823,-8.259070545850982e-06,0.0016999286998814688,-2.7281833608563924e-07,0.32265778928140904,0.0,0.0,5.4529473406579685,5.4529473406579685,4,0.006921744191794135,9.107544344082716e-06,0.3011701260944987,0.0,0.0,0.0,0.0,0.0,0.0,0.0,0.0,0.0,0.0,0.0,0.0,0.0,0.0,0.0,0.0,0.0,0.0,0.0,0.0,0.0,0.0,0.0,0.0
no_feedback,0.51,1.2559932602306581e-05,0.02761677900016491,0.0007196311290809321,1.5823248804549708,-8.202842633151492e-06,0.0016883757115695563,-2.7319652258976826e-07,0.32266170664461546,0.0,0.0,5.452779148864043,5.452779148864043,4,0.0069201625095141345,9.119850521553516e-06,0.3011735010739943,0.0,0.0,0.0,0.0,0.0,0.0,0.0,0.0,0.0,0.0,0.0,0.0,0.0,0.0,0.0,0.0,0.0,0.0,0.0,0.0,0.0,0.0,0.0,0.0
no_feedback,0.52,1.2478181142607543e-05,0.027633593586531377,0.0007149471154711435,1.5832882852880275,-8.147568747554612e-06,0.001676851288502332,-2.736042284346254e-07,0.3226655703688083,0.0,0.0,5.452617659658266,5.452617659658266,4,0.006918594115854339,9.132105964348795e-06,0.3011768291764537,0.0,0.0,0.0,0.0,0.0,0.0,0.0,0.0,0.0,0.0,0.0,0.0,0.0,0.0,0.0,0.0,0.0,0.0,0.0,0.0,0.0,0.0,0.0,0.0
no_feedback,0.53,1.2396977557654373e-05,0.027650293116130643,0.0007102944927719947,1.5842450978539193,-8.093133972536863e-06,0.0016653585146390857,-2.7403722127502203e-07,0.32266938122564065,0.0,0.0,5.452462726402985,5.452462726402985,4,0.006917038789264165,9.144311842367715e-06,0.3011801110901694,0.0,0.0,0.0,0.0,0.0,0.0,0.0,0.0,0.0,0.0,0.0,0.0,0.0,0.0,0.0,0.0,0.0,0.0,0.0,0.0,0.0,0.0,0.0,0.0
no_feedback,0.54,1.231631403656114e-05,0.02766687792315502,0.000705672813452688,1.585195337300455,-8.039443835513954e-06,0.0016539003037561477,-2.74491775571211e-07,0.3226731399668386,0.0,0.0,5.452314206228519,5.452314206228519,4,0.006915496313720574,9.156469142828767e-06,0.3011833474847302,0.0,0.0,0.0,0.0,0.0,0.0,0.0,0.0,0.0,0.0,0.0,0.0,0.0,0.0,0.0,0.0,0.0,0.0,0.0,0.0,0.0,0.0,0.0,0.0
no_feedback,0.55,1.2236183609915188e-05,0.02768334836906224,0.0007010816781952923,1.5861390243376372,-7.986420674183575e-06,0.001642479245479603,-2.7496461446057435e-07,0.32267684732619234,0.0,0.0,5.45217195947238,5.45217195947238,4,0.006913966478660456,9.16857870339998e-06,0.3011865390130059,0.0,0.0,0.0,0.0,0.0,0.0,0.0,0.0,0.0,0.0,0.0,0.0,0.0,0.0,0.0,0.0,0.0,0.0,0.0,0.0,0.0,0.0,0.0,0.0
no_feedback,0.56,1.2156579999998403e-05,0.027699704838981407,0.0006965207273130548,1.5870761810317382,-7.934000652663257e-06,0.0016310975570621885,-2.7545285835863416e-07,0.3226805040214147,0.0,0.0,5.4520358493165775,5.4520358493165775,4,0.006912449078703851,9.180641239413478e-06,0.3011896863129795,0.0,0.0,0.0,0.0,0.0,0.0,0.0,0.0,0.0,0.0,0.0,0.0,0.0,0.0,0.0,0.0,0.0,0.0,0.0,0.0,0.0,0.0,0.0,0.0
no_feedback,0.5700000000000001,1.207749749772668e-05,0.027715947738022915,0.0006919896336995513,1.5880068305938737,-7.88213128530915e-06,0.001619757094573919,-2.7595397802473575e-07,0.32268411075574754,0.0,0.0,5.451905741558895,5.451905741558895,4,0.006910943913293362,9.192657366232155e-06,0.3011927900093194,0.0,0.0,0.0,0.0,0.0,0.0,0.0,0.0,0.0,0.0,0.0,0.0,0.0,0.0,0.0,0.0,0.0,0.0,0.0,0.0,0.0,0.0,0.0,0.0
no_feedback,0.58,1.1998930861629424e-05,0.027732077487895565,0.0006874880970406383,1.5889309971861783,-7.830769400789067e-06,0.0016084593935147139,-2.7646575345835667e-07,0.3226876682192874,0.0,0.0,5.451781504471258,5.451781504471258,4,0.006909450786322813,9.204627617569767e-06,0.30119585071466914,0.0,0.0,0.0,0.0,0.0,0.0,0.0,0.0,0.0,0.0,0.0,0.0,0.0,0.0,0.0,0.0,0.0,0.0,0.0,0.0,0.0,0.0,0.0,0.0
no_feedback,0.59,1.1920875235063386e-05,0.027748094524006263,0.0006830158390711551,1.5898487057556299,-7.779879457001874e-06,0.001597205720323675,-2.7698623665629277e-07,0.3226911770900438,0.0,0.0,5.451663008712533,5.451663008712533,4,0.006907969505793738,9.216552460569357e-06,0.3011988690306701,0.0,0.0,0.0,0.0,0.0,0.0,0.0,0.0,0.0,0.0,0.0,0.0,0.0,0.0,0.0,0.0,0.0,0.0,0.0,0.0,0.0,0.0,0.0,0.0
no_feedback,0.6,1.1843326078379318e-05,0.02776399929308319,0.0006785725996883593,1.590759981897868,-7.729432164166757e-06,0.001585997124226723,-2.775137192675499e-07,0.32269463803476767,0.0,0.0,5.451550127273599,5.451550127273599,4,0.0069064998835165455,9.228432308037947e-06,0.30120184554875856,0.0,0.0,0.0,0.0,0.0,0.0,0.0,0.0,0.0,0.0,0.0,0.0,0.0,0.0,0.0,0.0,0.0,0.0,0.0,0.0,0.0,0.0,0.0,0.0
no_feedback,0.61,1.1766279113457055e-05,0.027779792251289043,0.0006741581337740212,1.59166485174909,-7.679403331832809e-06,0.001574834483925845,-2.780467044169126e-07,0.32269805170959204,0.0,0.0,5.451442735439949,5.451442735439949,4,0.006905041734860306,9.240267528492741e-06,0.30120478085077734,0.0,0.0,0.0,0.0,0.0,0.0,0.0,0.0,0.0,0.0,0.0,0.0,0.0,0.0,0.0,0.0,0.0,0.0,0.0,0.0,0.0,0.0,0.0,0.0
no_feedback,0.62,1.1689730278310982e-05,0.02779547386275751,0.0006697722085935085,1.592563341902197,-7.629772962814112e-06,0.0015637185468327167,-2.785838798871802e-07,0.32270141876052577,0.0,0.0,5.4513407107629845,5.4513407107629845,4,0.0069035948785484144,9.252058454462386e-06,0.30120767550944477,0.0,0.0,0.0,0.0,0.0,0.0,0.0,0.0,0.0,0.0,0.0,0.0,0.0,0.0,0.0,0.0,0.0,0.0,0.0,0.0,0.0,0.0,0.0,0.0
no_feedback,0.63,1.1613675689992507e-05,0.02781104459847592,0.0006654146016702549,1.5934554793427755,-7.580524461283058e-06,0.001552649960637457,-2.791240970485923e-07,0.32270473982383646,0.0,0.0,5.4512439330346325,5.4512439330346325,4,0.006902159136493824,9.263805389096222e-06,0.3012105300887149,0.0,0.0,0.0,0.0,0.0,0.0,0.0,0.0,0.0,0.0,0.0,0.0,0.0,0.0,0.0,0.0,0.0,0.0,0.0,0.0,0.0,0.0,0.0,0.0
no_feedback,0.64,1.1538111614394109e-05,0.02782650493543914,0.0006610850990556592,1.594341291400618,-7.531644014071317e-06,0.0015416292976196096,-2.7966635037959285e-07,0.3227080155263518,0.0,0.0,5.451152284262028,5.451152284262028,4,0.006900734333666807,9.275508611665598e-06,0.30121334514405945,0.0,0.0,0.0,0.0,0.0,0.0,0.0,0.0,0.0,0.0,0.0,0.0,0.0,0.0,0.0,0.0,0.0,0.0,0.0,0.0,0.0,0.0,0.0,0.0
no_feedback,0.65,1.146303444156189e-05,0.027841855356009346,0.0006567834939145989,1.5952208057130417,-7.483120078549363e-06,0.0015306570728837938,-2.802097604853909e-07,0.32271124648570215,0.0,0.0,5.451065648641126,5.451065648641126,4,0.0068993202979882925,9.287168382019324e-06,0.30121612122269237,0.0,0.0,0.0,0.0,0.0,0.0,0.0,0.0,0.0,0.0,0.0,0.0,0.0,0.0,0.0,0.0,0.0,0.0,0.0,0.0,0.0,0.0,0.0,0.0
no_feedback,0.66,1.1388440665603395e-05,0.02785709634742753,0.0006525095853742326,1.5960940501968985,-7.434942958761587e-06,0.0015197337576578088,-2.8075355850882017e-07,0.3227144333105224,0.0,0.0,5.450983912528604,5.450983912528604,4,0.006897916860242588,9.298784944215925e-06,0.30121885886375604,0.0,0.0,0.0,0.0,0.0,0.0,0.0,0.0,0.0,0.0,0.0,0.0,0.0,0.0,0.0,0.0,0.0,0.0,0.0,0.0,0.0,0.0,0.0,0.0
no_feedback,0.67,1.1314326868358024e-05,0.027872228401434277,0.0006482631775883846,1.5969610530268492,-7.387104454867379e-06,0.001508859788758002,-2.8129707320059136e-07,0.3227175766006253,0.0,0.0,5.450906964411937,5.450906964411937,4,0.006896523854004648,9.310358529402073e-06,0.3012215585984792,0.0,0.0,0.0,0.0,0.0,0.0,0.0,0.0,0.0,0.0,0.0,0.0,0.0,0.0,0.0,0.0,0.0,0.0,0.0,0.0,0.0,0.0,0.0,0.0
no_feedback,0.68,1.1240689706088168e-05,0.027887252013966968,0.0006440440789750019,1.5978218426180124,-7.3395975980061655e-06,0.0014980355751808673,-2.8183971796580483e-07,0.32272067694715567,0.0,0.0,5.450834694878158,5.450834694878158,4,0.0068951411155777804,9.321889358254775e-06,0.3012242209503172,0.0,0.0,0.0,0.0,0.0,0.0,0.0,0.0,0.0,0.0,0.0,0.0,0.0,0.0,0.0,0.0,0.0,0.0,0.0,0.0,0.0,0.0,0.0,0.0
no_feedback,0.6900000000000001,1.116752589862643e-05,0.02790216768491028,0.0006398521015943365,1.59867644761167,-7.292416409118966e-06,0.001487261502620788,-2.82380981767049e-07,0.32272373493273193,0.0,0.0,5.450766996581477,5.450766996581477,4,0.006893768483938853,9.333377642930745e-06,0.3012268464350805,0.0,0.0,0.0,0.0,0.0,0.0,0.0,0.0,0.0,0.0,0.0,0.0,0.0,0.0,0.0,0.0,0.0,0.0,0.0,0.0,0.0,0.0,0.0,0.0
no_feedback,0.7000000000000001,1.1094832220652415e-05,0.02791697591788214,0.0006356870606491423,1.599524896863004,-7.245555712847508e-06,0.00147653793648771,-2.8292041905237976e-07,0.3227267511315793,0.0,0.0,5.45070376421004,5.45070376421004,4,0.00689240580068868,9.344823588564943e-06,0.3012294355610545,0.0,0.0,0.0,0.0,0.0,0.0,0.0,0.0,0.0,0.0,0.0,0.0,0.0,0.0,0.0,0.0,0.0,0.0,0.0,0.0,0.0,0.0,0.0,0.0
no_feedback,0.71,1.1022605494571928e-05,0.027931677220043482,0.000631548774076683,1.6003672194301954,-7.199010983847874e-06,0.0014658652238863062,-2.8345764248977737e-07,0.322729726109657,0.0,0.0,5.450644894452251,5.450644894452251,4,0.006891052910006264,9.356227394581104e-06,0.3012319888291153,0.0,0.0,0.0,0.0,0.0,0.0,0.0,0.0,0.0,0.0,0.0,0.0,0.0,0.0,0.0,0.0,0.0,0.0,0.0,0.0,0.0,0.0,0.0,0.0
no_feedback,0.72,1.0950842584753822e-05,0.027946272101923547,0.0006274370622185275,1.6012034445644152,-7.152778230053879e-06,0.0014552436949359577,-2.8399231493733976e-07,0.32273266042478205,0.0,0.0,5.450590285963016,5.450590285963016,4,0.006889709658605232,9.367589255697456e-06,0.3012345067328401,0.0,0.0,0.0,0.0,0.0,0.0,0.0,0.0,0.0,0.0,0.0,0.0,0.0,0.0,0.0,0.0,0.0,0.0,0.0,0.0,0.0,0.0,0.0,0.0
no_feedback,0.73,1.0879540392832244e-05,0.027960761077255487,0.0006233517475513892,1.6020336017004047,-7.106853889471631e-06,0.0014446736636498222,-2.8452414404707916e-07,0.3227355546267501,0.0,0.0,5.450539839329966,5.450539839329966,4,0.006888375895692322,9.378909362746255e-06,0.30123698975861757,0.0,0.0,0.0,0.0,0.0,0.0,0.0,0.0,0.0,0.0,0.0,0.0,0.0,0.0,0.0,0.0,0.0,0.0,0.0,0.0,0.0,0.0,0.0,0.0
no_feedback,0.74,1.0808695853954967e-05,0.02797514466281926,0.0006192926544721708,1.602857720447474,-7.061234735772159e-06,0.0014341554285320166,-2.850528762038054e-07,0.3227384092574542,0.0,0.0,5.450493457039859,5.450493457039859,4,0.006887051472927052,9.390187903360089e-06,0.3012394383857543,0.0,0.0,0.0,0.0,0.0,0.0,0.0,0.0,0.0,0.0,0.0,0.0,0.0,0.0,0.0,0.0,0.0,0.0,0.0,0.0,0.0,0.0,0.0,0.0
no_feedback,0.75,1.073830593373536e-05,0.027989423378288893,0.0006152596091233249,1.6036758305807521,-7.015917836916968e-06,0.0014236892729930042,-2.855782926472945e-07,0.3227412248510021,0.0,0.0,5.4504510434453355,5.4504510434453355,4,0.006885736244382282,9.401425062428188e-06,0.30124185308658075,0.0,0.0,0.0,0.0,0.0,0.0,0.0,0.0,0.0,0.0,0.0,0.0,0.0,0.0,0.0,0.0,0.0,0.0,0.0,0.0,0.0,0.0,0.0,0.0
no_feedback,0.76,1.0668367625751547e-05,0.028003597746083787,0.0006112524392495661,1.6044879620326657,-6.970900475098963e-06,0.001413275465686599,-2.861002040861605e-07,0.3227440019338316,0.0,0.0,5.450412504732089,5.450412504732089,4,0.006884430066505682,9.412621022603838e-06,0.30124423432655545,0.0,0.0,0.0,0.0,0.0,0.0,0.0,0.0,0.0,0.0,0.0,0.0,0.0,0.0,0.0,0.0,0.0,0.0,0.0,0.0,0.0,0.0,0.0,0.0
no_feedback,0.77,1.0598877949611505e-05,0.028017668291223003,0.0006072709740870108,1.6052941448845912,-6.926180120003437e-06,0.00140291426082347,-2.866184477358369e-07,0.3227467410248247,0.0,0.0,5.450377748886522,5.450377748886522,4,0.006883132798081593,9.42377596459461e-06,0.30124658256436826,0.0,0.0,0.0,0.0,0.0,0.0,0.0,0.0,0.0,0.0,0.0,0.0,0.0,0.0,0.0,0.0,0.0,0.0,0.0,0.0,0.0,0.0,0.0,0.0
no_feedback,0.78,1.0529833949288895e-05,0.02803163554118226,0.0006033150442678254,1.6060944093586609,-6.881754388530142e-06,0.0013926058984119313,-2.8713288389343927e-07,0.32274944263542016,0.0,0.0,5.450346685663795,5.450346685663795,4,0.0068818443001937395,9.434890067421535e-06,0.30124889825204204,0.0,0.0,0.0,0.0,0.0,0.0,0.0,0.0,0.0,0.0,0.0,0.0,0.0,0.0,0.0,0.0,0.0,0.0,0.0,0.0,0.0,0.0,0.0,0.0
no_feedback,0.79,1.0461232691861868e-05,0.0280455000257536,0.0005993844817479663,1.606888785809723,-6.837621014293472e-06,0.0013823506045324409,-2.876433931157274e-07,0.3227521072697251,0.0,0.0,5.450319226556472,5.450319226556472,4,0.006880564436188317,9.445963508665517e-06,0.30125118183503324,0.0,0.0,0.0,0.0,0.0,0.0,0.0,0.0,0.0,0.0,0.0,0.0,0.0,0.0,0.0,0.0,0.0,0.0,0.0,0.0,0.0,0.0,0.0,0.0
no_feedback,0.8,1.0393071266451525e-05,0.028059262276907585,0.0005954791197463578,1.6076773047174453,-6.793777829397844e-06,0.0013721485915848303,-2.881498737392966e-07,0.32275473542462413,0.0,0.0,5.450295284763655,5.450295284763655,4,0.006879293071637658,9.456996464607885e-06,0.3012534337523307,0.0,0.0,0.0,0.0,0.0,0.0,0.0,0.0,0.0,0.0,0.0,0.0,0.0,0.0,0.0,0.0,0.0,0.0,0.0,0.0,0.0,0.0,0.0,0.0
no_feedback,0.81,1.032534678337577e-05,0.028072922828658173,0.0005915987926964119,1.608459996678574,-6.750222743022081e-06,0.001362000058577418,-2.8865223965382066e-07,0.32275732758988757,0.0,0.0,5.450274775160639,5.450274775160639,4,0.006878030074304382,9.467989110354495e-06,0.30125565443655355,0.0,0.0,0.0,0.0,0.0,0.0,0.0,0.0,0.0,0.0,0.0,0.0,0.0,0.0,0.0,0.0,0.0,0.0,0.0,0.0,0.0,0.0,0.0,0.0
no_feedback,0.8200000000000001,1.025805637345856e-05,0.028086482216930424,0.0005877433362064505,1.6092368923993532,-6.706953726272164e-06,0.001351905191383508,-2.8915041835893503e-07,0.3227598842482781,0.0,0.0,5.4502576142691215,5.4502576142691215,4,0.006876775314106119,9.478941619990889e-06,0.3012578443140474,0.0,0.0,0.0,0.0,0.0,0.0,0.0,0.0,0.0,0.0,0.0,0.0,0.0,0.0,0.0,0.0,0.0,0.0,0.0,0.0,0.0,0.0,0.0,0.0
no_feedback,0.8300000000000001,1.0191197187477619e-05,0.028099940979430773,0.0005839125870280624,1.6100080226880922,-6.663968802602139e-06,0.001341864163025921,-2.8964434924137447e-07,0.32276240587565586,0.0,0.0,5.450243720227902,5.450243720227902,4,0.006875528663080773,9.489854166574992e-06,0.30126000380497925,0.0,0.0,0.0,0.0,0.0,0.0,0.0,0.0,0.0,0.0,0.0,0.0,0.0,0.0,0.0,0.0,0.0,0.0,0.0,0.0,0.0,0.0,0.0,0.0
no_feedback,0.84,1.0124766395693873e-05,0.02811329965552026,0.0005801063830291413,1.6107734184479021,-6.62126604053085e-06,0.0013318771339642236,-2.9013398241461586e-07,0.32276489294108157,0.0,0.0,5.450233012764092,5.450233012764092,4,0.006874289995352134,9.500726922274001e-06,0.30126213332343077,0.0,0.0,0.0,0.0,0.0,0.0,0.0,0.0,0.0,0.0,0.0,0.0,0.0,0.0,0.0,0.0,0.0,0.0,0.0,0.0,0.0,0.0,0.0,0.0
no_feedback,0.85,1.0058761187478233e-05,0.02812655878609056,0.000576324563172503,1.6115331106695931,-6.578843539873018e-06,0.0013219442523572625,-2.906192767961226e-07,0.32276734590691875,0.0,0.0,5.4502254131648025,5.4502254131648025,4,0.006873059187096388,9.511560058373519e-06,0.30126423327749097,0.0,0.0,0.0,0.0,0.0,0.0,0.0,0.0,0.0,0.0,0.0,0.0,0.0,0.0,0.0,0.0,0.0,0.0,0.0,0.0,0.0,0.0,0.0,0.0
no_feedback,0.86,9.993178771007035e-06,0.028139718913442625,0.0005725669674984341,1.612287130424721,-6.53669942953245e-06,0.0013120656543600786,-2.911001997524084e-07,0.3227697652289338,0.0,0.0,5.450220844249338,5.450220844249338,4,0.0068718361165087186,9.52235374532683e-06,0.3012663040693461,0.0,0.0,0.0,0.0,0.0,0.0,0.0,0.0,0.0,0.0,0.0,0.0,0.0,0.0,0.0,0.0,0.0,0.0,0.0,0.0,0.0,0.0,0.0,0.0
no_feedback,0.87,9.928016372997256e-06,0.02815278058116828,0.000568833437109522,1.6130355088588033,-6.494831864463429e-06,0.0013022414643810401,-2.915767252228593e-07,0.3227721513563949,0.0,0.0,5.450219230341938,5.450219230341938,4,0.006870620663770748,9.533108152782277e-06,0.30126834609536907,0.0,0.0,0.0,0.0,0.0,0.0,0.0,0.0,0.0,0.0,0.0,0.0,0.0,0.0,0.0,0.0,0.0,0.0,0.0,0.0,0.0,0.0,0.0,0.0
no_feedback,0.88,9.863271238490087e-06,0.028165744334034553,0.0005651238141582544,1.6137782771846914,-6.453239018521948e-06,0.001292471795388216,-2.920488337589081e-07,0.32277450473216934,0.0,0.0,5.450220497244842,5.450220497244842,4,0.00686941271101823,9.54382344958875e-06,0.30127035974620775,0.0,0.0,0.0,0.0,0.0,0.0,0.0,0.0,0.0,0.0,0.0,0.0,0.0,0.0,0.0,0.0,0.0,0.0,0.0,0.0,0.0,0.0,0.0,0.0
no_feedback,0.89,9.79894063063808e-06,0.028178610717870842,0.0005614379418348233,1.6145154666761061,-6.4119190880209405e-06,0.0012827567491599215,-2.925165110641295e-07,0.322776825792819,0.0,0.0,5.4502245722120115,5.4502245722120115,4,0.006868212142309602,9.554499803812095e-06,0.30127234540687087,0.0,0.0,0.0,0.0,0.0,0.0,0.0,0.0,0.0,0.0,0.0,0.0,0.0,0.0,0.0,0.0,0.0,0.0,0.0,0.0,0.0,0.0,0.0,0.0
no_feedback,0.9,9.735021830574994e-06,0.028191380279458556,0.0005577756643596679,1.6152471086613145,-6.370870277495725e-06,0.0012730964165535502,-2.92979747787099e-07,0.3227791149686951,0.0,0.0,5.450231383923078,5.450231383923078,4,0.006867018843594701,9.565137382769812e-06,0.3012743034568136,0.0,0.0,0.0,0.0,0.0,0.0,0.0,0.0,0.0,0.0,0.0,0.0,0.0,0.0,0.0,0.0,0.0,0.0,0.0,0.0,0.0,0.0,0.0,0.0
no_feedback,0.91,9.671512137254198e-06,0.028204053566423585,0.0005541368269742161,1.6159732345169688,-6.330090811583791e-06,0.0012634908777777256,-2.934385385122289e-07,0.3227813726840308,0.0,0.0,5.450240862457913,5.450240862457913,4,0.006865832702684089,9.575736353018261e-06,0.3012762342700214,0.0,0.0,0.0,0.0,0.0,0.0,0.0,0.0,0.0,0.0,0.0,0.0,0.0,0.0,0.0,0.0,0.0,0.0,0.0,0.0,0.0,0.0,0.0,0.0
no_feedback,0.92,9.608408867293775e-06,0.02821663112713131,0.0005505212759320092,1.6166938756620912,-6.289578926899562e-06,0.0012539402026444351,-2.938928815827686e-07,0.3227835993570324,0.0,0.0,5.450252939271628,5.450252939271628,4,0.006864653609219,9.586296880347201e-06,0.3012781382150922,0.0,0.0,0.0,0.0,0.0,0.0,0.0,0.0,0.0,0.0,0.0,0.0,0.0,0.0,0.0,0.0,0.0,0.0,0.0,0.0,0.0,0.0,0.0,0.0
no_feedback,0.93,9.545709354870739e-06,0.02822911351058427,0.0005469288584926411,1.6174090635522096,-6.249332871293139e-06,0.001244444450835483,-2.943427784495319e-07,0.3227857953999696,0.0,0.0,5.450267547169932,5.450267547169932,4,0.006863481454641599,9.596819129807162e-06,0.3012800156553177,0.0,0.0,0.0,0.0,0.0,0.0,0.0,0.0,0.0,0.0,0.0,0.0,0.0,0.0,0.0,0.0,0.0,0.0,0.0,0.0,0.0,0.0,0.0,0.0
no_feedback,0.9400000000000001,9.483410951626004e-06,0.02824150126632216,0.0005433594229163137,1.6181188296736297,-6.209350901622088e-06,0.0012350036721252104,-2.9478823337502665e-07,0.32278796121926395,0.0,0.0,5.450284620284864,5.450284620284864,4,0.006862316132165802,9.60730326569849e-06,0.30128186694876374,0.0,0.0,0.0,0.0,0.0,0.0,0.0,0.0,0.0,0.0,0.0,0.0,0.0,0.0,0.0,0.0,0.0,0.0,0.0,0.0,0.0,0.0,0.0,0.0
no_feedback,0.9500000000000001,9.421511026511789e-06,0.02825379494432452,0.0005398128184550934,1.6188232055378577,-6.169631290154662e-06,0.001225617906672734,-2.9522925321909616e-07,0.322790097215576,0.0,0.0,5.450304094051194,5.450304094051194,4,0.0068611575367485,9.617749451564056e-06,0.3012836924483484,0.0,0.0,0.0,0.0,0.0,0.0,0.0,0.0,0.0,0.0,0.0,0.0,0.0,0.0,0.0,0.0,0.0,0.0,0.0,0.0,0.0,0.0,0.0,0.0
no_feedback,0.96,9.360006965715838e-06,0.028265995094915803,0.0005362888953485694,1.6195222226761623,-6.130172316847036e-06,0.0012162871852138529,-2.9566584680295544e-07,0.3227922037838914,0.0,0.0,5.450325905182872,5.450325905182872,4,0.006860005565061416,9.628157850214797e-06,0.30128549250191994,0.0,0.0,0.0,0.0,0.0,0.0,0.0,0.0,0.0,0.0,0.0,0.0,0.0,0.0,0.0,0.0,0.0,0.0,0.0,0.0,0.0,0.0,0.0,0.0
no_feedback,0.97,9.298896172567487e-06,0.028278102268672597,0.0005327875048184718,1.6202159126342581,-6.090972269282746e-06,0.0012070115293185174,-2.960980248871662e-07,0.3227942813136053,0.0,0.0,5.450349991650159,5.450349991650159,4,0.006858860115463115,9.638528623709652e-06,0.30128726745233336,0.0,0.0,0.0,0.0,0.0,0.0,0.0,0.0,0.0,0.0,0.0,0.0,0.0,0.0,0.0,0.0,0.0,0.0,0.0,0.0,0.0,0.0,0.0,0.0
no_feedback,0.98,9.238176067423364e-06,0.02829011701633342,0.0005293084990621229,1.620904306967138,-6.0520294496796646e-06,0.001197790951624749,-2.965257998164616e-07,0.32279633018860554,0.0,0.0,5.4503762926570705,5.4503762926570705,4,0.006857721087971788,9.648861933364676e-06,0.3012890176375245,0.0,0.0,0.0,0.0,0.0,0.0,0.0,0.0,0.0,0.0,0.0,0.0,0.0,0.0,0.0,0.0,0.0,0.0,0.0,0.0,0.0,0.0,0.0,0.0
no_feedback,0.99,9.177844087552174e-06,0.02830203988871068,0.0005258517312458356,1.621587437234028,-6.0133421678856685e-06,0.0011886254560529864,-2.969491853565715e-07,0.32279835078735464,0.0,0.0,5.450404748619131,5.450404748619131,4,0.006856588384238267,9.659157939722017e-06,0.30129074339058526,0.0,0.0,0.0,0.0,0.0,0.0,0.0,0.0,0.0,0.0,0.0,0.0,0.0,0.0,0.0,0.0,0.0,0.0,0.0,0.0,0.0,0.0,0.0,0.0
no_feedback,1.0,9.117897687076397e-06,0.028313871436604927,0.0005224170555015726,1.6222653349934752,-5.974908743491628e-06,0.0011795150380380552,-2.9736819683319226e-07,0.3228003434829704,0.0,0.0,5.450435301141619,5.450435301141619,4,0.006855461907519548,9.669416802630226e-06,0.3012924450398351,0.0,0.0,0.0,0.0,0.0,0.0,0.0,0.0,0.0,0.0,0.0,0.0,0.0,0.0,0.0,0.0,0.0,0.0,0.0,0.0,0.0,0.0,0.0,0.0
no_feedback,1.01,9.058334336839118e-06,0.028325612210721232,0.0005190043269193169,1.622938031798556,-5.9367275066741e-06,0.0011704596847448869,-2.9778285024902035e-07,0.3228023086433053,0.0,0.0,5.450467892998176,5.450467892998176,4,0.006854341562652684,9.679638681142046e-06,0.30129412290889357,0.0,0.0,0.0,0.0,0.0,0.0,0.0,0.0,0.0,0.0,0.0,0.0,0.0,0.0,0.0,0.0,0.0,0.0,0.0,0.0,0.0,0.0,0.0,0.0
no_feedback,1.02,8.999151524329835e-06,0.028337262761587847,0.0005156134015428209,1.6236055591922156,-5.898796794014876e-06,0.001161459375287271,-2.9819316258601443e-07,0.322804246631025,0.0,0.0,5.450502468109689,5.450502468109689,4,0.006853227256029162,9.689823733583761e-06,0.3012957773167506,0.0,0.0,0.0,0.0,0.0,0.0,0.0,0.0,0.0,0.0,0.0,0.0,0.0,0.0,0.0,0.0,0.0,0.0,0.0,0.0,0.0,0.0,0.0,0.0
no_feedback,1.03,8.940346753585202e-06,0.02834882363947695,0.0005122441363639191,1.6242679487027272,-5.861114956923956e-06,0.00115251408093151,-2.985991520538899e-07,0.3228061578036849,0.0,0.0,5.450538971523675,5.450538971523675,4,0.0068521188955697285,9.699972117549737e-06,0.3012974085778357,0.0,0.0,0.0,0.0,0.0,0.0,0.0,0.0,0.0,0.0,0.0,0.0,0.0,0.0,0.0,0.0,0.0,0.0,0.0,0.0,0.0,0.0,0.0,0.0
no_feedback,1.04,8.88191754507779e-06,0.02836029539432727,0.0005088963893161545,1.6249252318392593,-5.823680352941584e-06,0.0011436237652914965,-2.99000837292489e-07,0.32280804251380635,0.0,0.0,5.450577349393823,5.450577349393823,4,0.006851016390699538,9.710083989856772e-06,0.3012990170020871,0.0,0.0,0.0,0.0,0.0,0.0,0.0,0.0,0.0,0.0,0.0,0.0,0.0,0.0,0.0,0.0,0.0,0.0,0.0,0.0,0.0,0.0,0.0,0.0
no_feedback,1.05,8.823861435636333e-06,0.02837167857566882,0.0005055700192702093,1.6255774400875622,-5.786491350286758e-06,0.0011347883845348233,-2.993982377832714e-07,0.322809901108951,0.0,0.0,5.450617548960067,5.450617548960067,4,0.006849919652323623,9.720159506611646e-06,0.3013006028950177,0.0,0.0,0.0,0.0,0.0,0.0,0.0,0.0,0.0,0.0,0.0,0.0,0.0,0.0,0.0,0.0,0.0,0.0,0.0,0.0,0.0,0.0,0.0,0.0
no_feedback,1.06,8.766175978321747e-06,0.028382973732549725,0.0005022648860268015,1.6262246049057762,-5.74954632865711e-06,0.001126007887584065,-2.997913732973729e-07,0.3228117339317947,0.0,0.0,5.450659518528995,5.450659518528995,4,0.006848828592803004,9.730198823163657e-06,0.30130216655778286,0.0,0.0,0.0,0.0,0.0,0.0,0.0,0.0,0.0,0.0,0.0,0.0,0.0,0.0,0.0,0.0,0.0,0.0,0.0,0.0,0.0,0.0,0.0,0.0
no_feedback,1.07,8.708858742372866e-06,0.02839418141346483,0.0004989808503135751,1.626866757720341,-5.712843673424294e-06,0.00111728221631199,-3.0018026432118567e-07,0.32281354132019907,0.0,0.0,5.450703207454465,5.450703207454465,4,0.006847743125930968,9.740202094108272e-06,0.30130370828724456,0.0,0.0,0.0,0.0,0.0,0.0,0.0,0.0,0.0,0.0,0.0,0.0,0.0,0.0,0.0,0.0,0.0,0.0,0.0,0.0,0.0,0.0,0.0,0.0
no_feedback,1.08,8.651907313028727e-06,0.028405302166286416,0.0004957177737749185,1.6275039299220262,-5.676381788013498e-06,0.001108611305735489,-3.005649315669735e-07,0.32281532360728366,0.0,0.0,5.450748566118751,5.450748566118751,4,0.006846663166909833,9.750169473316328e-06,0.3013052283760358,0.0,0.0,0.0,0.0,0.0,0.0,0.0,0.0,0.0,0.0,0.0,0.0,0.0,0.0,0.0,0.0,0.0,0.0,0.0,0.0,0.0,0.0,0.0,0.0
no_feedback,1.09,8.595319291517518e-06,0.02841633653819674,0.0004924755189713307,1.6281361528620655,-5.640159076113405e-06,0.0010999950841845208,-3.0094539618982795e-07,0.3228170811214957,0.0,0.0,5.450795545913777,5.450795545913777,4,0.006845588632328051,9.760101113934044e-06,0.3013067271126245,0.0,0.0,0.0,0.0,0.0,0.0,0.0,0.0,0.0,0.0,0.0,0.0,0.0,0.0,0.0,0.0,0.0,0.0,0.0,0.0,0.0,0.0,0.0,0.0
no_feedback,1.1,8.539092294922055e-06,0.028427285075622078,0.0004892539493717142,1.6287634578483783,-5.604173956610907e-06,0.0010914334734834642,-3.013216798562595e-07,0.322818814186679,0.0,0.0,5.450844099222785,5.450844099222785,4,0.006844519440137674,9.769997168339199e-06,0.3013082047813749,0.0,0.0,0.0,0.0,0.0,0.0,0.0,0.0,0.0,0.0,0.0,0.0,0.0,0.0,0.0,0.0,0.0,0.0,0.0,0.0,0.0,0.0,0.0,0.0
no_feedback,1.11,8.483223956058166e-06,0.028438148324169018,0.00048605292934640664,1.6293858761419195,-5.568424858068098e-06,0.0010829263891410541,-3.016938042456749e-07,0.3228205231221422,0.0,0.0,5.45089417940243,5.45089417940243,4,0.006843455509632229,9.779857788212327e-06,0.3013096616626091,0.0,0.0,0.0,0.0,0.0,0.0,0.0,0.0,0.0,0.0,0.0,0.0,0.0,0.0,0.0,0.0,0.0,0.0,0.0,0.0,0.0,0.0,0.0,0.0
no_feedback,1.12,8.427711923419812e-06,0.02844892682856208,0.0004828723241640365,1.6300034389531053,-5.532910217359953e-06,0.0010744737405138317,-3.020617913773379e-07,0.3228222082427257,0.0,0.0,5.450945740765017,5.450945740765017,4,0.006842396761424879,9.78968312446553e-06,0.30131109803266776,0.0,0.0,0.0,0.0,0.0,0.0,0.0,0.0,0.0,0.0,0.0,0.0,0.0,0.0,0.0,0.0,0.0,0.0,0.0,0.0,0.0,0.0,0.0,0.0
no_feedback,1.1300000000000001,8.37255386105792e-06,0.028459621132583584,0.0004797119999845807,1.6306161774383672,-5.4976284801164624e-06,0.0010660754310053574,-3.024256635684326e-07,0.3228238698588673,0.0,0.0,5.4509987385611804,5.4509987385611804,4,0.006841343117426997,9.79947332730089e-06,0.30131251416396887,0.0,0.0,0.0,0.0,0.0,0.0,0.0,0.0,0.0,0.0,0.0,0.0,0.0,0.0,0.0,0.0,0.0,0.0,0.0,0.0,0.0,0.0,0.0,0.0
no_feedback,1.1400000000000001,8.317747448480619e-06,0.028470231779014775,0.00047657182385364857,1.63122412269678,-5.462578106247656e-06,0.001057731358196746,-3.02785443109148e-07,0.3228255082766679,0.0,0.0,5.4510531289627195,5.4510531289627195,4,0.006840294500827094,9.809228546197676e-06,0.30131391032506694,0.0,0.0,0.0,0.0,0.0,0.0,0.0,0.0,0.0,0.0,0.0,0.0,0.0,0.0,0.0,0.0,0.0,0.0,0.0,0.0,0.0,0.0,0.0,0.0
no_feedback,1.1500000000000001,8.263290380546284e-06,0.02848075930957867,0.000473451663696354,1.6318273057667863,-5.4277575640557125e-06,0.001049441414016662,-3.031411524657764e-07,0.3228271237979547,0.0,0.0,5.4511088690458,5.4511088690458,4,0.006839250836069995,9.818948929897765e-06,0.3013152867807101,0.0,0.0,0.0,0.0,0.0,0.0,0.0,0.0,0.0,0.0,0.0,0.0,0.0,0.0,0.0,0.0,0.0,0.0,0.0,0.0,0.0,0.0,0.0,0.0
no_feedback,1.16,8.20918036736624e-06,0.028491204264884617,0.0004703513883117403,1.6324257576230197,-5.393165330231425e-06,0.0010412054849140058,-3.034928143964829e-07,0.3228287167203443,0.0,0.0,5.45116591677449,5.45116591677449,4,0.006838212048836491,9.828634626412929e-06,0.301316643791897,0.0,0.0,0.0,0.0,0.0,0.0,0.0,0.0,0.0,0.0,0.0,0.0,0.0,0.0,0.0,0.0,0.0,0.0,0.0,0.0,0.0,0.0,0.0,0.0
no_feedback,1.17,8.155415134228546e-06,0.028501567184374254,0.00046727086736841347,1.6330195091732098,-5.358799889706834e-06,0.0010330234520081769,-3.038404516972847e-07,0.32283028733730484,0.0,0.0,5.451224230984512,5.451224230984512,4,0.006837178066023154,9.838285783070466e-06,0.3013179816159322,0.0,0.0,0.0,0.0,0.0,0.0,0.0,0.0,0.0,0.0,0.0,0.0,0.0,0.0,0.0,0.0,0.0,0.0,0.0,0.0,0.0,0.0,0.0,0.0
no_feedback,1.18,8.101992421471993e-06,0.028511848606269395,0.00046420997139732324,1.6336085912551948,-5.324659742845776e-06,0.0010248951912578657,-3.04184087266633e-07,0.322831835938217,0.0,0.0,5.4512837713673745,5.4512837713673745,4,0.0068361488157226,9.847902546452975e-06,0.30131930050648204,0.0,0.0,0.0,0.0,0.0,0.0,0.0,0.0,0.0,0.0,0.0,0.0,0.0,0.0,0.0,0.0,0.0,0.0,0.0,0.0,0.0,0.0,0.0,0.0
no_feedback,1.19,8.048909984412648e-06,0.02852204906752111,0.00046116857178755396,1.6341930346340048,-5.2907433947959565e-06,0.0010168205735921964,-3.0452374379160677e-07,0.322833362808434,0.0,0.0,5.451344498454636,5.451344498454636,4,0.0068351242272041215,9.857485062442155e-06,0.30132060071362754,0.0,0.0,0.0,0.0,0.0,0.0,0.0,0.0,0.0,0.0,0.0,0.0,0.0,0.0,0.0,0.0,0.0,0.0,0.0,0.0,0.0,0.0,0.0,0.0
no_feedback,1.2,7.996165593231626e-06,0.02853216910376045,0.0004581465407798944,1.6347728699990385,-5.257049360650903e-06,0.0010087994650687425,-3.048594444045565e-07,0.32283486822934093,0.0,0.0,5.451406373602559,5.451406373602559,4,0.006834104230894379,9.8670334761896e-06,0.3013218824839188,0.0,0.0,0.0,0.0,0.0,0.0,0.0,0.0,0.0,0.0,0.0,0.0,0.0,0.0,0.0,0.0,0.0,0.0,0.0,0.0,0.0,0.0,0.0,0.0
no_feedback,1.21,7.943757032876351e-06,0.028542209249250567,0.0004551437514611805,1.6353481279613193,-5.223576169554619e-06,0.0010008317270199353,-3.0519121216220045e-07,0.3228363524784132,0.0,0.0,5.451469358976926,5.451469358976926,4,0.00683308875835873,9.87654793216426e-06,0.30132314606042704,0.0,0.0,0.0,0.0,0.0,0.0,0.0,0.0,0.0,0.0,0.0,0.0,0.0,0.0,0.0,0.0,0.0,0.0,0.0,0.0,0.0,0.0,0.0,0.0
no_feedback,1.22,7.891682102979786e-06,0.02855217003684011,0.00045216007775966764,1.6359188390508266,-5.190322354969924e-06,0.0009929172161639633,-3.055190700521676e-07,0.3228378158292732,0.0,0.0,5.451533417538183,5.451533417538183,4,0.006832077742282643,9.886028574123238e-06,0.3013243916827958,0.0,0.0,0.0,0.0,0.0,0.0,0.0,0.0,0.0,0.0,0.0,0.0,0.0,0.0,0.0,0.0,0.0,0.0,0.0,0.0,0.0,0.0,0.0,0.0
no_feedback,1.23,7.839938617748808e-06,0.02856205199791829,0.00044919539443863507,1.636485033713919,-5.157286463346562e-06,0.0009850557847975072,-3.0584304103090374e-07,0.32283925855174767,0.0,0.0,5.451598513026957,5.451598513026957,4,0.006831071116453448,9.895475545108137e-06,0.30132561958729237,0.0,0.0,0.0,0.0,0.0,0.0,0.0,0.0,0.0,0.0,0.0,0.0,0.0,0.0,0.0,0.0,0.0,0.0,0.0,0.0,0.0,0.0,0.0,0.0
no_feedback,1.24,7.788524405854536e-06,0.028571855662371276,0.000446249577090102,1.6370467423108372,-5.124467052496599e-06,0.0009772472809015512,-3.061631483100367e-07,0.322840680911923,0.0,0.0,5.451664609949568,5.451664609949568,4,0.006830068815742416,9.904888987496161e-06,0.3013268300068577,0.0,0.0,0.0,0.0,0.0,0.0,0.0,0.0,0.0,0.0,0.0,0.0,0.0,0.0,0.0,0.0,0.0,0.0,0.0,0.0,0.0,0.0,0.0,0.0
no_feedback,1.25,7.73743731036538e-06,0.028581581558539848,0.0004433225021309915,1.637603995113279,-5.091862683245073e-06,0.0009694915482693587,-3.064794149288935e-07,0.3228420831721997,0.0,0.0,5.451731673563993,5.451731673563993,4,0.0068290707760871715,9.914269042892438e-06,0.3013280231711555,0.0,0.0,0.0,0.0,0.0,0.0,0.0,0.0,0.0,0.0,0.0,0.0,0.0,0.0,0.0,0.0,0.0,0.0,0.0,0.0,0.0,0.0,0.0,0.0
no_feedback,1.26,7.686675188649008e-06,0.02859123021317827,0.000440414046797514,1.6381568223020397,-5.059471929738649e-06,0.000961788426640865,-3.0679186392254275e-07,0.322843465591347,0.0,0.0,5.451799669865965,5.451799669865965,4,0.00682807693447423,9.923615852318013e-06,0.30132919930662116,0.0,0.0,0.0,0.0,0.0,0.0,0.0,0.0,0.0,0.0,0.0,0.0,0.0,0.0,0.0,0.0,0.0,0.0,0.0,0.0,0.0,0.0,0.0,0.0
no_feedback,1.27,7.63623591227521e-06,0.028600802151414577,0.00043752408913960147,1.6387052539647402,-5.027293377561351e-06,0.0009541377518375222,-3.07100518389613e-07,0.3228448284245555,0.0,0.0,5.4518685655753965,5.4518685655753965,4,0.006827087228922073,9.932929556030972e-06,0.301330358636509,0.0,0.0,0.0,0.0,0.0,0.0,0.0,0.0,0.0,0.0,0.0,0.0,0.0,0.0,0.0,0.0,0.0,0.0,0.0,0.0,0.0,0.0,0.0,0.0
no_feedback,1.28,7.586117366915014e-06,0.02861029789671221,0.00043465250801512725,1.6392493200936258,-4.995325618593938e-06,0.0009465393558914131,-3.0740540140655434e-07,0.32284617192348947,0.0,0.0,5.451938328123002,5.451938328123002,4,0.006826101598464147,9.942210293621357e-06,0.30133150138093967,0.0,0.0,0.0,0.0,0.0,0.0,0.0,0.0,0.0,0.0,0.0,0.0,0.0,0.0,0.0,0.0,0.0,0.0,0.0,0.0,0.0,0.0,0.0,0.0
no_feedback,1.29,7.536317452206418e-06,0.028619717970832882,0.00043179918308221325,1.6397890505834407,-4.963567258673763e-06,0.0009389930671729634,-3.077065356537658e-07,0.322847496336339,0.0,0.0,5.452008925637185,5.452008925637185,4,0.006825119983132586,9.951458203991093e-06,0.3013326277569469,0.0,0.0,0.0,0.0,0.0,0.0,0.0,0.0,0.0,0.0,0.0,0.0,0.0,0.0,0.0,0.0,0.0,0.0,0.0,0.0,0.0,0.0,0.0,0.0
no_feedback,1.3,7.486834081767269e-06,0.028629062893800267,0.0004289639947999676,1.6403244752293467,-4.932016904495433e-06,0.000931498710456871,-3.080039448085973e-07,0.32284880190787,0.0,0.0,5.452080326930924,5.452080326930924,4,0.0068241423239417155,9.960673425386835e-06,0.30133373797852203,0.0,0.0,0.0,0.0,0.0,0.0,0.0,0.0,0.0,0.0,0.0,0.0,0.0,0.0,0.0,0.0,0.0,0.0,0.0,0.0,0.0,0.0,0.0,0.0
no_feedback,1.31,7.437665182997635e-06,0.02863833318386527,0.00042614682441716157,1.6408556237249332,-4.900673180533062e-06,0.0009240561071032618,-3.082976512778672e-07,0.3228500888794747,0.0,0.0,5.45215250148935,5.45215250148935,4,0.006823168562872154,9.969856095357989e-06,0.30133483225666013,0.0,0.0,0.0,0.0,0.0,0.0,0.0,0.0,0.0,0.0,0.0,0.0,0.0,0.0,0.0,0.0,0.0,0.0,0.0,0.0,0.0,0.0,0.0,0.0
no_feedback,1.32,7.3888086970374575e-06,0.028647529357472397,0.00042334755396980327,1.6413825256602914,-4.86953471601209e-06,0.0009166650751572634,-3.0858767810186607e-07,0.32285135748922045,0.0,0.0,5.452225419457126,5.452225419457126,4,0.006822198642855125,9.979006350771321e-06,0.3013359107994034,0.0,0.0,0.0,0.0,0.0,0.0,0.0,0.0,0.0,0.0,0.0,0.0,0.0,0.0,0.0,0.0,0.0,0.0,0.0,0.0,0.0,0.0,0.0,0.0
no_feedback,1.33,7.340262578643643e-06,0.028656651929227273,0.00042056606627409525,1.641905210520151,-4.838600153559971e-06,0.0009093254294567907,-3.088740483442722e-07,0.3228526079718984,0.0,0.0,5.452299051626242,5.452299051626242,4,0.006821232507756914,9.988124327841975e-06,0.30133697381188496,0.0,0.0,0.0,0.0,0.0,0.0,0.0,0.0,0.0,0.0,0.0,0.0,0.0,0.0,0.0,0.0,0.0,0.0,0.0,0.0,0.0,0.0,0.0,0.0
no_feedback,1.34,7.292024796164128e-06,0.02866570141186512,0.00041780224492494897,1.6424237076820765,-4.8078681321838106e-06,0.0009020369817194287,-3.0915678440575613e-07,0.32285384055907146,0.0,0.0,5.452373369423926,5.452373369423926,4,0.006820270102363654,9.997210162175466e-06,0.301338021496372,0.0,0.0,0.0,0.0,0.0,0.0,0.0,0.0,0.0,0.0,0.0,0.0,0.0,0.0,0.0,0.0,0.0,0.0,0.0,0.0,0.0,0.0,0.0,0.0
no_feedback,1.35,7.244093331425633e-06,0.028674678316220236,0.00041505597428955306,1.6429380464147174,-4.777337314776288e-06,0.0008947995406704062,-3.094359093576758e-07,0.32285505547912097,0.0,0.0,5.452448344900775,5.452448344900775,4,0.0068193113723662695,1.0006263988572364e-05,0.30133905405230776,0.0,0.0,0.0,0.0,0.0,0.0,0.0,0.0,0.0,0.0,0.0,0.0,0.0,0.0,0.0,0.0,0.0,0.0,0.0,0.0,0.0,0.0,0.0,0.0
no_feedback,1.36,7.196466179571506e-06,0.028683583151196897,0.0004123271394980829,1.6434482558761405,-4.747006369018095e-06,0.000887612912163233,-3.0971144589936866e-07,0.32285625295729303,0.0,0.0,5.45252395071929,5.45252395071929,4,0.00681835626434583,1.0015285941285669e-05,0.3013400716763532,0.0,0.0,0.0,0.0,0.0,0.0,0.0,0.0,0.0,0.0,0.0,0.0,0.0,0.0,0.0,0.0,0.0,0.0,0.0,0.0,0.0,0.0,0.0,0.0
no_feedback,1.37,7.149141349050102e-06,0.0286924164237411,0.00040961562644303455,1.6439543651122122,-4.716873967281268e-06,0.0008804768992611728,-3.0998341673471244e-07,0.32285743321574406,0.0,0.0,5.452600160142309,5.452600160142309,4,0.006817404725758992,1.0024276153893035e-05,0.30134107456242765,0.0,0.0,0.0,0.0,0.0,0.0,0.0,0.0,0.0,0.0,0.0,0.0,0.0,0.0,0.0,0.0,0.0,0.0,0.0,0.0,0.0,0.0,0.0,0.0
no_feedback,1.3800000000000001,7.102116861500919e-06,0.02870117863881334,0.0004069213217727009,1.6444564030550373,-4.6869387958638976e-06,0.000873391302352689,-3.102518445406225e-07,0.3228585964735859,0.0,0.0,5.452676947021864,5.452676947021864,4,0.006816456704923773,1.0033234759293114e-05,0.3013420629017495,0.0,0.0,0.0,0.0,0.0,0.0,0.0,0.0,0.0,0.0,0.0,0.0,0.0,0.0,0.0,0.0,0.0,0.0,0.0,0.0,0.0,0.0,0.0,0.0
no_feedback,1.3900000000000001,7.0553907516580695e-06,0.028709870299362304,0.0004042441128856409,1.6449543985214534,-4.657199546856738e-06,0.000866355919227888,-3.105167517852977e-07,0.32285974294692993,0.0,0.0,5.452754285788099,5.452754285788099,4,0.006815512151005429,1.0042161889743908e-05,0.30134303688287606,0.0,0.0,0.0,0.0,0.0,0.0,0.0,0.0,0.0,0.0,0.0,0.0,0.0,0.0,0.0,0.0,0.0,0.0,0.0,0.0,0.0,0.0,0.0,0.0
no_feedback,1.4000000000000001,7.0089610672758545e-06,0.028718491906299628,0.0004015838879264155,1.6454483802115827,-4.627654922768581e-06,0.0008593705451974432,-3.1077816105027557e-07,0.32286087284893045,0.0,0.0,5.452832151438483,5.452832151438483,4,0.006814571014002745,1.0051057676891943e-05,0.301343996691742,0.0,0.0,0.0,0.0,0.0,0.0,0.0,0.0,0.0,0.0,0.0,0.0,0.0,0.0,0.0,0.0,0.0,0.0,0.0,0.0,0.0,0.0,0.0,0.0
no_feedback,1.41,6.962825869041701e-06,0.02872704395847563,0.0003989405357805991,1.6459383767074434,-4.598303630236541e-06,0.000852434973170372,-3.110360947399298e-07,0.3228619863898278,0.0,0.0,5.452910519527151,5.452910519527151,4,0.0068136332447343425,1.0059922251675556e-05,0.30134494251169847,0.0,0.0,0.0,0.0,0.0,0.0,0.0,0.0,0.0,0.0,0.0,0.0,0.0,0.0,0.0,0.0,0.0,0.0,0.0,0.0,0.0,0.0,0.0,0.0
no_feedback,1.42,6.9169832305073765e-06,0.02873552695265581,0.0003963139460708385,1.6464244164716015,-4.569144390364304e-06,0.0008455489937584359,-3.11290575386753e-07,0.3228630837769907,0.0,0.0,5.452989366154386,5.452989366154386,4,0.0068126987948254215,1.0068755744427094e-05,0.301345874523551,0.0,0.0,0.0,0.0,0.0,0.0,0.0,0.0,0.0,0.0,0.0,0.0,0.0,0.0,0.0,0.0,0.0,0.0,0.0,0.0,0.0,0.0,0.0,0.0
no_feedback,1.43,6.871431237956418e-06,0.028743941383498478,0.00039370400914925724,1.6469065278458912,-4.540175930413323e-06,0.0008387123953689062,-3.1154162506868756e-07,0.32286416521495714,0.0,0.0,5.4530686679564635,5.4530686679564635,4,0.006811767616694492,1.0077558284876576e-05,0.3013467929055961,0.0,0.0,0.0,0.0,0.0,0.0,0.0,0.0,0.0,0.0,0.0,0.0,0.0,0.0,0.0,0.0,0.0,0.0,0.0,0.0,0.0,0.0,0.0,0.0
no_feedback,1.44,6.82616799036286e-06,0.0287522877435332,0.00039111061609509065,1.6473847390501777,-4.511396985173959e-06,0.000831924964281628,-3.1178926619120376e-07,0.3228652309054763,0.0,0.0,5.453148402095472,5.453148402095472,4,0.006810839663540514,1.0086330002056764e-05,0.30134769783365895,0.0,0.0,0.0,0.0,0.0,0.0,0.0,0.0,0.0,0.0,0.0,0.0,0.0,0.0,0.0,0.0,0.0,0.0,0.0,0.0,0.0,0.0,0.0,0.0
no_feedback,1.45,6.781191599287431e-06,0.028760566523140126,0.00038853365870873875,1.6478590781811733,-4.4828062994081316e-06,0.0008251864847504884,-3.1203352084217996e-07,0.3228662810475481,0.0,0.0,5.45322854624947,5.45322854624947,4,0.006809914889330105,1.0095071024409048e-05,0.3013485894811289,0.0,0.0,0.0,0.0,0.0,0.0,0.0,0.0,0.0,0.0,0.0,0.0,0.0,0.0,0.0,0.0,0.0,0.0,0.0,0.0,0.0,0.0,0.0,0.0
no_feedback,1.46,6.7365001888005775e-06,0.028768778210530133,0.00038597302950735534,1.6483295732113015,-4.4544026250502364e-06,0.0008184967390764462,-3.1227441110016005e-07,0.32286731583746353,0.0,0.0,5.453309078602678,5.453309078602678,4,0.006808993248785173,1.010378147972867e-05,0.30134946801899565,0.0,0.0,0.0,0.0,0.0,0.0,0.0,0.0,0.0,0.0,0.0,0.0,0.0,0.0,0.0,0.0,0.0,0.0,0.0,0.0,0.0,0.0,0.0,0.0
no_feedback,1.47,6.692091895375858e-06,0.028776923291725782,0.00038342862171874035,1.6487962519876036,-4.426184725986511e-06,0.000811855507677121,-3.125119591906633e-07,0.32286833546884347,0.0,0.0,5.453389977835869,5.453389977835869,4,0.006808074697370352,1.0112461495193938e-05,0.30135033361588415,0.0,0.0,0.0,0.0,0.0,0.0,0.0,0.0,0.0,0.0,0.0,0.0,0.0,0.0,0.0,0.0,0.0,0.0,0.0,0.0,0.0,0.0,0.0,0.0
no_feedback,1.48,6.647964867829196e-06,0.028785002250543045,0.0003809003292778591,1.6492591422306928,-4.398151369878993e-06,0.0008052625691924725,-3.1274618699066107e-07,0.3228693401326773,0.0,0.0,5.453471223117056,5.453471223117056,4,0.006807159191281111,1.0121111197360747e-05,0.301351186438089,0.0,0.0,0.0,0.0,0.0,0.0,0.0,0.0,0.0,0.0,0.0,0.0,0.0,0.0,0.0,0.0,0.0,0.0,0.0,0.0,0.0,0.0,0.0,0.0
no_feedback,1.49,6.604117267250235e-06,0.028793015568574006,0.0003783880468229092,1.6497182715337628,-4.370301331633563e-06,0.0007987177005582655,-3.129771162939413e-07,0.3228703300173609,0.0,0.0,5.453552794092231,5.453552794092231,4,0.006806246687431651,1.0129730712173534e-05,0.30135202664960875,0.0,0.0,0.0,0.0,0.0,0.0,0.0,0.0,0.0,0.0,0.0,0.0,0.0,0.0,0.0,0.0,0.0,0.0,0.0,0.0,0.0,0.0,0.0,0.0
no_feedback,1.5,6.560547266893994e-06,0.028800963725170308,0.00037589166968911313,1.65017366736164,-4.342633399878388e-06,0.0007922206770839504,-3.132047689030866e-07,0.32287130530873387,0.0,0.0,5.453634670876318,5.453634670876318,4,0.006805337143443288,1.013832016496345e-05,0.3013528544121795,0.0,0.0,0.0,0.0,0.0,0.0,0.0,0.0,0.0,0.0,0.0,0.0,0.0,0.0,0.0,0.0,0.0,0.0,0.0,0.0,0.0,0.0,0.0,0.0
no_feedback,1.51,6.517253052131259e-06,0.02880884719742729,0.00037341109390587546,1.6506253570498735,-4.3151463634979556e-06,0.0007857712725258675,-3.134291666736408e-07,0.32287226619011666,0.0,0.0,5.453716834044166,5.453716834044166,4,0.006804430517632875,1.0146879680420979e-05,0.30135366988530715,0.0,0.0,0.0,0.0,0.0,0.0,0.0,0.0,0.0,0.0,0.0,0.0,0.0,0.0,0.0,0.0,0.0,0.0,0.0,0.0,0.0,0.0,0.0,0.0
no_feedback,1.52,6.474232820323909e-06,0.028816666460168797,0.0003709462161896398,1.6510733678038658,-4.287839030177991e-06,0.0007793692591358172,-3.136503314442452e-07,0.32287321284234666,0.0,0.0,5.453799264621799,5.453799264621799,4,0.006803526769001499,1.0155409382652523e-05,0.30135447322630127,0.0,0.0,0.0,0.0,0.0,0.0,0.0,0.0,0.0,0.0,0.0,0.0,0.0,0.0,0.0,0.0,0.0,0.0,0.0,0.0,0.0,0.0,0.0,0.0
no_feedback,1.53,6.431484780755733e-06,0.02882442198593281,0.00036849693393992513,1.6515177266980487,-4.260710208669501e-06,0.0007730144077797892,-3.1386828437359554e-07,0.3228741454438139,0.0,0.0,5.453881944077974,5.453881944077974,4,0.006802625857223196,1.0163909395162155e-05,0.30135526459030587,0.0,0.0,0.0,0.0,0.0,0.0,0.0,0.0,0.0,0.0,0.0,0.0,0.0,0.0,0.0,0.0,0.0,0.0,0.0,0.0,0.0,0.0,0.0,0.0
no_feedback,1.54,6.389007154595927e-06,0.028832114244957876,0.0003660631452372337,1.6519584606751065,-4.233758711271327e-06,0.0007667064879921164,-3.14083047235209e-07,0.3228750641704961,0.0,0.0,5.453964854315527,5.453964854315527,4,0.006801727742634018,1.0172379840844306e-05,0.30135604413033157,0.0,0.0,0.0,0.0,0.0,0.0,0.0,0.0,0.0,0.0,0.0,0.0,0.0,0.0,0.0,0.0,0.0,0.0,0.0,0.0,0.0,0.0,0.0,0.0
no_feedback,1.55,6.346798174775533e-06,0.02883974370517019,0.0003636447488359722,1.652395596545235,-4.206983370676729e-06,0.000760445268022925,-3.1429464144952255e-07,0.322875969195994,0.0,0.0,5.454047977663198,5.454047977663198,4,0.0068008323862212925,1.0180820842005679e-05,0.30135681199728664,0.0,0.0,0.0,0.0,0.0,0.0,0.0,0.0,0.0,0.0,0.0,0.0,0.0,0.0,0.0,0.0,0.0,0.0,0.0,0.0,0.0,0.0,0.0,0.0
no_feedback,1.56,6.3048560858919175e-06,0.02884731083217125,0.00036124164415897854,1.6528291609854353,-4.180383017215836e-06,0.0007542305149309911,-3.145030881862403e-07,0.32287686069156457,0.0,0.0,5.454131296867423,5.454131296867423,4,0.00679993974961297,1.0189232520312312e-05,0.3013575683400075,0.0,0.0,0.0,0.0,0.0,0.0,0.0,0.0,0.0,0.0,0.0,0.0,0.0,0.0,0.0,0.0,0.0,0.0,0.0,0.0,0.0,0.0,0.0,0.0
no_feedback,1.57,6.26317914419759e-06,0.028854816089226104,0.00035885373129688076,1.6532591805388392,-4.15395649106451e-06,0.0007480619946212785,-3.1470840874821627e-07,0.32287773882615517,0.0,0.0,5.454214795084298,5.454214795084298,4,0.006799049795067062,1.0197614996902742e-05,0.3013583133052885,0.0,0.0,0.0,0.0,0.0,0.0,0.0,0.0,0.0,0.0,0.0,0.0,0.0,0.0,0.0,0.0,0.0,0.0,0.0,0.0,0.0,0.0,0.0,0.0
no_feedback,1.58,6.221765617490148e-06,0.028862259937252603,0.000356480911001792,1.6536856816140943,-4.127702640333932e-06,0.0007419394719566835,-3.149106244500616e-07,0.3228786037664366,0.0,0.0,5.454298455871794,5.454298455871794,4,0.006798162485461383,1.0205968392265718e-05,0.30135904703791194,0.0,0.0,0.0,0.0,0.0,0.0,0.0,0.0,0.0,0.0,0.0,0.0,0.0,0.0,0.0,0.0,0.0,0.0,0.0,0.0,0.0,0.0,0.0,0.0
no_feedback,1.59,6.1806137850260015e-06,0.028869642834811006,0.000354123084682367,1.6541086904847684,-4.1016203231904375e-06,0.0007358627107809297,-3.1510975631962744e-07,0.3228794556768358,0.0,0.0,5.454382263181936,5.454382263181936,4,0.006797277784283533,1.0214292826344237e-05,0.30135976968067774,0.0,0.0,0.0,0.0,0.0,0.0,0.0,0.0,0.0,0.0,0.0,0.0,0.0,0.0,0.0,0.0,0.0,0.0,0.0,0.0,0.0,0.0,0.0,0.0
no_feedback,1.6,6.139721937430619e-06,0.02887696523809434,0.0003517801543986594,1.654528233288796,-4.075708406058944e-06,0.000729831473988715,-3.1530582533658805e-07,0.3228802947195677,0.0,0.0,5.454466201353298,5.454466201353298,4,0.0067963956556207775,1.022258841845523e-05,0.3013604813744311,0.0,0.0,0.0,0.0,0.0,0.0,0.0,0.0,0.0,0.0,0.0,0.0,0.0,0.0,0.0,0.0,0.0,0.0,0.0,0.0,0.0,0.0,0.0,0.0
no_feedback,1.61,6.099088376642508e-06,0.028884227600919174,0.00034945202285891234,1.6549443360279519,-4.049965756839214e-06,0.0007238455235909847,-3.1549885241187597e-07,0.3228811210546672,0.0,0.0,5.454550255103428,5.454550255103428,4,0.006795516064150466,1.0230855287415514e-05,0.30136118225809194,0.0,0.0,0.0,0.0,0.0,0.0,0.0,0.0,0.0,0.0,0.0,0.0,0.0,0.0,0.0,0.0,0.0,0.0,0.0,0.0,0.0,0.0,0.0,0.0
no_feedback,1.62,6.058711415882848e-06,0.028891430374717274,0.00034713859341781845,1.6553570245673703,-4.024391255077399e-06,0.0007179046207867511,-3.1568885826572676e-07,0.3228819348400202,0.0,0.0,5.454634409521653,5.454634409521653,4,0.0067946389751301324,1.0239093551341004e-05,0.301361872468682,0.0,0.0,0.0,0.0,0.0,0.0,0.0,0.0,0.0,0.0,0.0,0.0,0.0,0.0,0.0,0.0,0.0,0.0,0.0,0.0,0.0,0.0,0.0,0.0
no_feedback,1.6300000000000001,6.018589379464586e-06,0.02889857400852755,0.0003448397700655819,1.655766324635086,-3.9989837913593126e-06,0.0007120085259707566,-3.158758636695778e-07,0.3228827362313943,0.0,0.0,5.454718650061747,5.454718650061747,4,0.00679376435438817,1.0247303327878525e-05,0.30136255214135277,0.0,0.0,0.0,0.0,0.0,0.0,0.0,0.0,0.0,0.0,0.0,0.0,0.0,0.0,0.0,0.0,0.0,0.0,0.0,0.0,0.0,0.0,0.0,0.0
no_feedback,1.6400000000000001,5.978720602832148e-06,0.02890565894898867,0.00034255545743019336,1.6561722618216097,-3.9737422558485985e-06,0.0007061569988505899,-3.1605988951347964e-07,0.32288352538246884,0.0,0.0,5.45480296253493,5.45480296253493,4,0.006792892168314485,1.0255484734059792e-05,0.3013632214094126,0.0,0.0,0.0,0.0,0.0,0.0,0.0,0.0,0.0,0.0,0.0,0.0,0.0,0.0,0.0,0.0,0.0,0.0,0.0,0.0,0.0,0.0,0.0,0.0
no_feedback,1.6500000000000001,5.9391034324399245e-06,0.028912685640332378,0.0003402855607704683,1.6565748615795453,-3.948665552300694e-06,0.0007003497984724015,-3.162409561503996e-07,0.32288430244486505,0.0,0.0,5.454887333103,5.454887333103,4,0.006792022383851294,1.0263637886345214e-05,0.30136388040435275,0.0,0.0,0.0,0.0,0.0,0.0,0.0,0.0,0.0,0.0,0.0,0.0,0.0,0.0,0.0,0.0,0.0,0.0,0.0,0.0,0.0,0.0,0.0,0.0
no_feedback,1.6600000000000001,5.8997362256802336e-06,0.028919654524377184,0.0003380299859719192,1.6569741492232288,-3.923752586727943e-06,0.0006945866832746789,-3.1641908408651455e-07,0.32288506756817525,0.0,0.0,5.4549717482713795,5.4549717482713795,4,0.0067911549684841095,1.0271762900627546e-05,0.3013645292558746,0.0,0.0,0.0,0.0,0.0,0.0,0.0,0.0,0.0,0.0,0.0,0.0,0.0,0.0,0.0,0.0,0.0,0.0,0.0,0.0,0.0,0.0,0.0,0.0
no_feedback,1.67,5.860617350811274e-06,0.02892656604052264,0.00033578863954262736,1.6573701499284,-3.899002279001177e-06,0.0006888674111434286,-3.1659429369814416e-07,0.32288582089999185,0.0,0.0,5.455056194882493,5.455056194882493,4,0.006790289890232835,1.0279859892262918e-05,0.3013651680919147,0.0,0.0,0.0,0.0,0.0,0.0,0.0,0.0,0.0,0.0,0.0,0.0,0.0,0.0,0.0,0.0,0.0,0.0,0.0,0.0,0.0,0.0,0.0,0.0
no_feedback,1.68,5.821745186884083e-06,0.02893342062574409,0.00033356142860905863,1.6577628887319018,-3.874413549886322e-06,0.0006831917394642645,-3.167666053484114e-07,0.3228865625859358,0.0,0.0,5.455140660109164,5.455140660109164,4,0.006789427117643103,1.0287928976008777e-05,0.3013657970386708,0.0,0.0,0.0,0.0,0.0,0.0,0.0,0.0,0.0,0.0,0.0,0.0,0.0,0.0,0.0,0.0,0.0,0.0,0.0,0.0,0.0,0.0,0.0,0.0
no_feedback,1.69,5.783118123682442e-06,0.02894021871458795,0.00033134826091261955,1.65815239053141,-3.849985330959343e-06,0.0006775594251618957,-3.169360392837537e-07,0.32288729276968436,0.0,0.0,5.455225131448132,5.455225131448132,4,0.006788566619777551,1.0295970266071342e-05,0.30136641622062654,0.0,0.0,0.0,0.0,0.0,0.0,0.0,0.0,0.0,0.0,0.0,0.0,0.0,0.0,0.0,0.0,0.0,0.0,0.0,0.0,0.0,0.0,0.0,0.0
no_feedback,1.7,5.744734561639896e-06,0.028946960739167464,0.0003291490448049031,1.6585386800851896,-3.825716559052149e-06,0.0006719702247648437,-3.171026156236143e-07,0.32288801159299896,0.0,0.0,5.4553095967137635,5.4553095967137635,4,0.006787708366207492,1.0303983876136635e-05,0.30136702576057617,0.0,0.0,0.0,0.0,0.0,0.0,0.0,0.0,0.0,0.0,0.0,0.0,0.0,0.0,0.0,0.0,0.0,0.0,0.0,0.0,0.0,0.0,0.0,0.0
no_feedback,1.71,5.7065929117584426e-06,0.02895364712915899,0.00032696368924303016,1.6589217820118825,-3.801606182199334e-06,0.0006664238944524697,-3.17266354079666e-07,0.3228887191957527,0.0,0.0,5.455394044031798,5.455394044031798,4,0.006786852327004456,1.0311969919317545e-05,0.3013676257796493,0.0,0.0,0.0,0.0,0.0,0.0,0.0,0.0,0.0,0.0,0.0,0.0,0.0,0.0,0.0,0.0,0.0,0.0,0.0,0.0,0.0,0.0,0.0,0.0
no_feedback,1.72,5.6686915955410945e-06,0.02896027831179877,0.0003247921037857854,1.6593017207903222,-3.7776531483167943e-06,0.0006609201900738788,-3.174272749484586e-07,0.32288941571595664,0.0,0.0,5.455478461833191,5.455478461833191,4,0.006785998472732258,1.0319928508131934e-05,0.3013682163973346,0.0,0.0,0.0,0.0,0.0,0.0,0.0,0.0,0.0,0.0,0.0,0.0,0.0,0.0,0.0,0.0,0.0,0.0,0.0,0.0,0.0,0.0,0.0,0.0
no_feedback,1.73,5.631029044957292e-06,0.028966854711879864,0.0003226341985916355,1.6596785207593585,-3.753856417432284e-06,0.0006554588672179434,-3.175853980415014e-07,0.32289010128978674,0.0,0.0,5.455562838848072,5.455562838848072,4,0.006785146774438622,1.0327859754643168e-05,0.3013687977315033,0.0,0.0,0.0,0.0,0.0,0.0,0.0,0.0,0.0,0.0,0.0,0.0,0.0,0.0,0.0,0.0,0.0,0.0,0.0,0.0,0.0,0.0,0.0,0.0
no_feedback,1.74,5.593603702349903e-06,0.028973376751749845,0.000320489884413401,1.6600522061177245,-3.7302149548304507e-06,0.0006500396812571599,-3.177407430217508e-07,0.32289077605160926,0.0,0.0,5.455647164099952,5.455647164099952,4,0.006784297203647473,1.0335763770310459e-05,0.30136936989843255,0.0,0.0,0.0,0.0,0.0,0.0,0.0,0.0,0.0,0.0,0.0,0.0,0.0,0.0,0.0,0.0,0.0,0.0,0.0,0.0,0.0,0.0,0.0,0.0
no_feedback,1.75,5.556414020348998e-06,0.028979844851308983,0.0003183590725933155,1.6604228009239335,-3.7067277338487077e-06,0.000644662387390019,-3.178933295419122e-07,0.322891440134007,0.0,0.0,5.455731426899891,5.455731426899891,4,0.006783449732351119,1.0343640666061868e-05,0.3013699330128283,0.0,0.0,0.0,0.0,0.0,0.0,0.0,0.0,0.0,0.0,0.0,0.0,0.0,0.0,0.0,0.0,0.0,0.0,0.0,0.0,0.0,0.0,0.0,0.0
no_feedback,1.76,5.519458461822224e-06,0.02898625942800864,0.00031624167506018265,1.6607903290961867,-3.683393733545526e-06,0.0006393267406692571,-3.1804317710624513e-07,0.3228920936678041,0.0,0.0,5.455815616840714,5.455815616840714,4,0.006782604333002509,1.035149055228518e-05,0.3013704871878478,0.0,0.0,0.0,0.0,0.0,0.0,0.0,0.0,0.0,0.0,0.0,0.0,0.0,0.0,0.0,0.0,0.0,0.0,0.0,0.0,0.0,0.0,0.0,0.0
no_feedback,1.77,5.482735499805387e-06,0.028992620896850122,0.0003141376043253987,1.6611548144123076,-3.660211939982154e-06,0.0006340324960587635,-3.1819030524132754e-07,0.3228927367820913,0.0,0.0,5.455899723791521,5.455899723791521,4,0.00678176097850782,1.035931353883338e-05,0.3013710325351224,0.0,0.0,0.0,0.0,0.0,0.0,0.0,0.0,0.0,0.0,0.0,0.0,0.0,0.0,0.0,0.0,0.0,0.0,0.0,0.0,0.0,0.0,0.0,0.0
no_feedback,1.78,5.446243617434749e-06,0.02899892967038398,0.00031204677347907323,1.6615162805097017,-3.6371813449866123e-06,0.0006287794084615095,-3.1833473337781903e-07,0.3228933696042502,0.0,0.0,5.455983737892133,5.455983737892133,4,0.006780919642218925,1.0367109735052033e-05,0.30137156916477836,0.0,0.0,0.0,0.0,0.0,0.0,0.0,0.0,0.0,0.0,0.0,0.0,0.0,0.0,0.0,0.0,0.0,0.0,0.0,0.0,0.0,0.0,0.0,0.0
no_feedback,1.79,5.409981307878194e-06,0.029005186158709645,0.00030996909618608573,1.661874750885335,-3.6143009509403757e-06,0.0006235672327588847,-3.1847648076837124e-07,0.32289399225997745,0.0,0.0,5.456067649547705,5.456067649547705,4,0.006780080297926145,1.0374879249726352e-05,0.30137209718545926,0.0,0.0,0.0,0.0,0.0,0.0,0.0,0.0,0.0,0.0,0.0,0.0,0.0,0.0,0.0,0.0,0.0,0.0,0.0,0.0,0.0,0.0,0.0,0.0
no_feedback,1.8,5.373947074243394e-06,0.029011390769475443,0.0003079044866808233,1.6622302488957368,-3.591569763714579e-06,0.0006183957238567282,-3.186155665755998e-07,0.3228946048733085,0.0,0.0,5.456151449423446,5.456151449423446,4,0.006779242919851047,1.0382622191114046e-05,0.30137261670434695,0.0,0.0,0.0,0.0,0.0,0.0,0.0,0.0,0.0,0.0,0.0,0.0,0.0,0.0,0.0,0.0,0.0,0.0,0.0,0.0,0.0,0.0,0.0,0.0
no_feedback,1.81,5.338139429570221e-06,0.029017543907879084,0.0003058528597667464,1.662582797757025,-3.5689867930923396e-06,0.000613264636714228,-3.1875200983169636e-07,0.3228952075666413,0.0,0.0,5.456235128439436,5.456235128439436,4,0.006778407482639436,1.039033866697271e-05,0.3013731278271826,0.0,0.0,0.0,0.0,0.0,0.0,0.0,0.0,0.0,0.0,0.0,0.0,0.0,0.0,0.0,0.0,0.0,0.0,0.0,0.0,0.0,0.0,0.0,0.0
no_feedback,1.82,5.302556896711402e-06,0.029023645976668403,0.00030381413080955054,1.6629324205449516,-3.546551061323995e-06,0.000608173726384244,-3.188858297107792e-07,0.322895800460759,0.0,0.0,5.456318677765455,5.456318677765455,4,0.006777573961354383,1.0398028784545214e-05,0.3013736306582871,0.0,0.0,0.0,0.0,0.0,0.0,0.0,0.0,0.0,0.0,0.0,0.0,0.0,0.0,0.0,0.0,0.0,0.0,0.0,0.0,0.0,0.0,0.0,0.0
no_feedback,1.83,5.267198008308788e-06,0.029029697376142503,0.00030178821573580665,1.6632791401949654,-3.524261592989069e-06,0.0006031227480496086,-3.1901704498976396e-07,0.3228963836748528,0.0,0.0,5.4564020888160245,5.4564020888160245,4,0.0067767423314693325,1.0405692650501297e-05,0.30137412530058133,0.0,0.0,0.0,0.0,0.0,0.0,0.0,0.0,0.0,0.0,0.0,0.0,0.0,0.0,0.0,0.0,0.0,0.0,0.0,0.0,0.0,0.0,0.0,0.0
no_feedback,1.84,5.232061306674854e-06,0.029035698504153214,0.0002997750310261718,1.6636229795022968,-3.502117421750828e-06,0.0005981114570523698,-3.1914567453728314e-07,0.3228969573265446,0.0,0.0,5.456485353245473,5.456485353245473,4,0.006775912568861494,1.0413330371059865e-05,0.3013746118556065,0.0,0.0,0.0,0.0,0.0,0.0,0.0,0.0,0.0,0.0,0.0,0.0,0.0,0.0,0.0,0.0,0.0,0.0,0.0,0.0,0.0,0.0,0.0,0.0
no_feedback,1.85,5.1971453437827216e-06,0.029041649756106954,0.00029777449371481724,1.6639639611220651,-3.4801175871553423e-06,0.000593139608920833,-3.192717371445927e-07,0.3228975215319088,0.0,0.0,5.456568462943064,5.456568462943064,4,0.006775084649805145,1.0420942051883115e-05,0.3013750904235436,0.0,0.0,0.0,0.0,0.0,0.0,0.0,0.0,0.0,0.0,0.0,0.0,0.0,0.0,0.0,0.0,0.0,0.0,0.0,0.0,0.0,0.0,0.0,0.0
no_feedback,1.86,5.162448681158492e-06,0.029047551524966762,0.0002957865213832596,1.6643021075693938,-3.4582611338833448e-06,0.0005882069594215118,-3.1939525116917757e-07,0.3228980764054942,0.0,0.0,5.456651410028273,5.456651410028273,4,0.006774258550965113,1.0428527798138603e-05,0.30137556110323266,0.0,0.0,0.0,0.0,0.0,0.0,0.0,0.0,0.0,0.0,0.0,0.0,0.0,0.0,0.0,0.0,0.0,0.0,0.0,0.0,0.0,0.0,0.0,0.0
no_feedback,1.87,5.127969889852694e-06,0.029053404201254872,0.000293811032158725,1.6646374412195588,-3.436547112765246e-06,0.0005833132645735422,-3.195162354115462e-07,0.32289862206034514,0.0,0.0,5.456734186846144,5.456734186846144,4,0.006773434249390486,1.0436087714491938e-05,0.30137602399219193,0.0,0.0,0.0,0.0,0.0,0.0,0.0,0.0,0.0,0.0,0.0,0.0,0.0,0.0,0.0,0.0,0.0,0.0,0.0,0.0,0.0,0.0,0.0,0.0
no_feedback,1.8800000000000001,5.093707550353023e-06,0.029059208173055427,0.0002918479447091495,1.6649699843081436,-3.4149745832739704e-06,0.0005784582806918549,-3.1963470814435415e-07,0.3228991586080231,0.0,0.0,5.45681678596268,5.45681678596268,4,0.006772611722508196,1.0443621905106787e-05,0.30137647918663696,0.0,0.0,0.0,0.0,0.0,0.0,0.0,0.0,0.0,0.0,0.0,0.0,0.0,0.0,0.0,0.0,0.0,0.0,0.0,0.0,0.0,0.0,0.0,0.0
no_feedback,1.8900000000000001,5.0596602525295305e-06,0.029064963826017517,0.0002898971782400384,1.6652997589312133,-3.3935426105073816e-06,0.0005736417643902118,-3.197506876658322e-07,0.32289968615862713,0.0,0.0,5.456899200160349,5.456899200160349,4,0.0067717909481168955,1.0451130473615665e-05,0.3013769267814991,0.0,0.0,0.0,0.0,0.0,0.0,0.0,0.0,0.0,0.0,0.0,0.0,0.0,0.0,0.0,0.0,0.0,0.0,0.0,0.0,0.0,0.0,0.0,0.0
no_feedback,1.9000000000000001,5.025826595580346e-06,0.02907067154335853,0.0002879586524913566,1.665626787045507,-3.3722502605069076e-06,0.0005688634726533562,-3.1986419250018997e-07,0.3229002048208143,0.0,0.0,5.456981422433666,5.456981422433666,4,0.006770971904380843,1.0458613523185647e-05,0.30137736687044303,0.0,0.0,0.0,0.0,0.0,0.0,0.0,0.0,0.0,0.0,0.0,0.0,0.0,0.0,0.0,0.0,0.0,0.0,0.0,0.0,0.0,0.0,0.0,0.0
no_feedback,1.9100000000000001,4.992205187967262e-06,0.029076331705867937,0.0002860322877338379,1.665951090468654,-3.3510966145903292e-06,0.0005641231628290833,-3.1997524059466967e-07,0.32290071470182025,0.0,0.0,5.457063445984892,5.457063445984892,4,0.0067701545698239255,1.046607115645996e-05,0.30137779954588617,0.0,0.0,0.0,0.0,0.0,0.0,0.0,0.0,0.0,0.0,0.0,0.0,0.0,0.0,0.0,0.0,0.0,0.0,0.0,0.0,0.0,0.0,0.0,0.0
no_feedback,1.92,4.95879464733925e-06,0.02908194469191094,0.0002841180047646025,1.6662726908793841,-3.3300807546654223e-06,0.0005594205926585859,-3.2008384983726965e-07,0.3229012159074788,0.0,0.0,5.457145264219772,5.457145264219772,4,0.00676933892332375,1.047350347562187e-05,0.3013782248990149,0.0,0.0,0.0,0.0,0.0,0.0,0.0,0.0,0.0,0.0,0.0,0.0,0.0,0.0,0.0,0.0,0.0,0.0,0.0,0.0,0.0,0.0,0.0,0.0
no_feedback,1.93,4.925593600500638e-06,0.029087510877432842,0.0002822157249053339,1.6665916098177758,-3.3092017636855992e-06,0.0005547555203271476,-3.2019003829168267e-07,0.3229017085422415,0.0,0.0,5.457226870743253,5.457226870743253,4,0.006768524944105841,1.0480910582288809e-05,0.3013786430198031,0.0,0.0,0.0,0.0,0.0,0.0,0.0,0.0,0.0,0.0,0.0,0.0,0.0,0.0,0.0,0.0,0.0,0.0,0.0,0.0,0.0,0.0,0.0,0.0
no_feedback,1.94,4.892600683322626e-06,0.029093030635963454,0.0002803253699972091,1.6669078686855112,-3.288458745191049e-06,0.0005501277044647193,-3.202938240622751e-07,0.32290219270919707,0.0,0.0,5.457308259355549,5.457308259355549,4,0.006767712611737981,1.0488292577722285e-05,0.30137905399702886,0.0,0.0,0.0,0.0,0.0,0.0,0.0,0.0,0.0,0.0,0.0,0.0,0.0,0.0,0.0,0.0,0.0,0.0,0.0,0.0,0.0,0.0,0.0,0.0
no_feedback,1.95,4.859814540685759e-06,0.029098504338621777,0.00027844686239760267,1.6672214887461427,-3.2678507951805993e-06,0.0005455369041913542,-3.20395224574796e-07,0.3229026685100903,0.0,0.0,5.457389424048053,5.457389424048053,4,0.0067669019061245015,1.049564956254497e-05,0.30137945791829107,0.0,0.0,0.0,0.0,0.0,0.0,0.0,0.0,0.0,0.0,0.0,0.0,0.0,0.0,0.0,0.0,0.0,0.0,0.0,0.0,0.0,0.0,0.0,0.0
no_feedback,1.96,4.827233826424669e-06,0.029103932354121,0.00027658012497692053,1.6675324911253797,-3.247377025943355e-06,0.0005409828791261295,-3.2049425764900444e-07,0.3229031360453412,0.0,0.0,5.457470358999328,5.457470358999328,4,0.006766092807500889,1.0502981636985279e-05,0.3013798548700274,0.0,0.0,0.0,0.0,0.0,0.0,0.0,0.0,0.0,0.0,0.0,0.0,0.0,0.0,0.0,0.0,0.0,0.0,0.0,0.0,0.0,0.0,0.0,0.0
no_feedback,1.97,4.794857203249796e-06,0.029109315048773617,0.0002747250811141149,1.6678408968113825,-3.227036545640027e-06,0.0005364653894082451,-3.2059094078744816e-07,0.32290359541406277,0.0,0.0,5.457551058571224,5.457551058571224,4,0.006765285296428269,1.0510288900778804e-05,0.30138024493752913,0.0,0.0,0.0,0.0,0.0,0.0,0.0,0.0,0.0,0.0,0.0,0.0,0.0,0.0,0.0,0.0,0.0,0.0,0.0,0.0,0.0,0.0,0.0,0.0
no_feedback,1.98,4.762683342743067e-06,0.02911465278649683,0.00027288165469643665,1.6681467266550702,-3.206828474208536e-06,0.0005319841957351942,-3.206852916672299e-07,0.32290404671407974,0.0,0.0,5.457631517305125,5.457631517305125,4,0.0067644793537880625,1.0517571453170152e-05,0.3013806282049583,0.0,0.0,0.0,0.0,0.0,0.0,0.0,0.0,0.0,0.0,0.0,0.0,0.0,0.0,0.0,0.0,0.0,0.0,0.0,0.0,0.0,0.0,0.0,0.0
no_feedback,1.99,4.730710925246079e-06,0.029119945928818263,0.000271049770113029,1.6684500013704504,-3.1867519376801994e-06,0.0005275390593780988,-3.2077732743485383e-07,0.3229044900419463,0.0,0.0,5.457711729918236,5.457711729918236,4,0.0067636749607768035,1.0524829392927531e-05,0.3013810047553639,0.0,0.0,0.0,0.0,0.0,0.0,0.0,0.0,0.0,0.0,0.0,0.0,0.0,0.0,0.0,0.0,0.0,0.0,0.0,0.0,0.0,0.0,0.0,0.0
negative_JT,0.0,1.8233615267514613e-06,0.07471496763100371,0.00010447092000938888,4.280852311713072,0.0,0.0,0.0,0.3242495249663171,-1.3448694173580669,0.21344782889828268,5.765984059139309,5.765984059139309,2,0.00782960265978797,7.495407524409469e-06,0.3024868207456415,0.18692637161770648,-0.08137060330752295,0.21344782889828268,-0.18693658531657556,-0.0813744191899467,0.2134440766874698,-0.19024881311850053,0.08370091283746633,-0.204288574436957,0.19025798410634043,0.08370093864980468,-0.20428360875006968,0.09313149317088117,-2.2927181800292112e-07,1.7303157454884721,0.09313147511840451,-2.2927430448312688e-07,1.7303205472351555,-0.09313151704659602,2.2927710988357008e-07,-1.7303268106304768,-0.09313145124268984,2.2926901082612108e-07,-1.7303094820931504
negative_JT,0.01,4.757198896045245e-06,0.07255281325289226,0.000272567419047687,4.156969991191552,0.0004558281492144583,-0.3634756169935088,-4.576640039462931e-05,0.32415806589970336,-0.7389896039156202,0.11654029638220247,6.4569826725889445,6.4569826725889445,2,0.007845981720905552,7.495942718380871e-06,0.30240478625240713,0.10265573767089815,-0.04617384712587788,0.11654029638220247,-0.10266071674497,-0.0461758743356552,0.11653815769062306,-0.10474339335936943,0.04777313311955146,-0.11055096400542536,0.10474784899082877,0.047772455378867915,-0.1105486309822086,0.047136636736102806,-3.470217208243462e-07,0.950370070299246,0.04713691658038495,-3.470216746107346e-07,0.9503726780797914,-0.04713609791936864,3.4702980235711277e-07,-0.9503765642130245,-0.04713745539711908,3.4701359263387895e-07,-0.9503661841660135
negative_JT,0.02,1.071542990659034e-05,0.06683785514977013,0.0006139489093158884,3.829527011788563,0.0006410228900519767,-0.7020254912270111,-5.296104923380521e-05,0.323875949244668,0.05126143891316759,0.007966282279270933,6.104616209512528,6.104616209512528,2,0.007885107660211471,7.499031444879296e-06,0.30213359118034644,-0.007120512266869718,0.003425024865494389,-0.007966282279270933,0.007120831498865529,0.0034251565175023057,-0.007966136983675504,0.0072897894265664944,-0.0035326555627512657,0.007482148808257064,-0.007290089556269417,-0.0035324810035804095,0.007482036712602407,-0.0025953828520883264,6.87033699879874e-08,-0.06594895840210506,-0.002595462290407166,6.870314726426534e-08,-0.06594923304309688,0.002595237710763733,-6.870527490470927e-08,0.06594957991054384,0.0025956074317317686,-6.870124234754347e-08,0.06594861153465809
negative_JT,0.03,1.720208452103082e-05,0.0581635202945716,0.0009856068418823882,3.3325242345024635,0.0006233432595197787,-0.9725576318842536,-3.432117766025333e-05,0.3233279936088539,0.7608268172950141,0.11615219824312159,5.581738474016291,5.581738474016291,2,0.007916466977760534,7.503899121589023e-06,0.3015834071145799,-0.1058936295581252,0.05493074560699979,-0.11615219824312159,0.1058983423452738,0.054932627865230864,-0.11615043412254332,0.1086273825721312,-0.055665698579561954,0.10861759176339839,-0.10863250589907916,-0.05566039470110254,0.10861669705772124,-0.02590406110676508,1.989462097416671e-06,-0.9811739824708176,-0.025906368463572728,1.989457840976021e-06,-0.9811820293924496,0.025899556858981366,-1.9895395891949286e-06,0.9811885258358076,0.025910872711356534,-1.9893803487536745e-06,0.9811674860274605
negative_JT,0.04,2.2977530521146267e-05,0.047173712871334234,0.001316515522494716,2.70285465148942,0.00043835633178457365,-1.1201554486776553,-1.8522756854914448e-05,0.3224745543730382,1.4379561970968326,0.21532948159904589,5.11180958206574,5.11180958206574,4,0.007913260760886935,7.5006475058757724e-06,0.3007220013534306,-0.20102421882162821,0.11256607779018121,-0.21532948159904589,0.2010339918412243,0.11256969536415135,-0.21532779919668193,0.20637947675367777,-0.11083950716231854,0.2018926964107681,-0.20639161828333516,-0.1108229661425175,0.20189217483798516,-0.021620489908400663,6.048500882556419e-06,-1.86299498303125,-0.021627633570204023,6.048498251013396e-06,-1.8630242918182085,0.021606227523933867,-6.048856417677385e-06,1.863039084892979,0.021641895954670844,-6.048142715892431e-06,1.8629801899564793
negative_JT,0.05,2.3011865376581958e-05,0.03778294488759924,0.001318482764801373,2.1648032796348273,-0.00024446669630041824,-0.8121752018157996,1.3873124489310745e-05,0.32170168347412675,1.043049417562847,0.15444849948907535,5.264570691258223,5.264570691258223,4,0.0078120840315163784,7.489400777156991e-06,0.3000375758123479,-0.14623848279287774,0.08522439786320127,-0.15444849948907535,0.14624722344923832,0.08522733156129275,-0.1544479439345266,0.15020438018116164,-0.08287853110117074,0.14595652727596026,-0.15021512462599867,-0.08286508500594267,0.14595543817863335,-0.0031836629581434724,4.682397813024779e-06,-1.3550577312668635,-0.0031889519385907613,4.6824028862644555e-06,-1.3550848981276844,0.003172354624011153,-4.682726051660793e-06,1.3550966542596177,0.0032002602727227783,-4.682074647628443e-06,1.3550459751349313
negative_JT,0.06,2.0946740164601615e-05,0.031486398010572667,0.0012001598059888398,1.8040377180749254,-0.0001747055636378375,-0.5148654446609724,2.6394984853877892e-05,0.32122242369701354,0.5544047295899793,0.08181190437024073,5.409542967582784,5.409542967582784,4,0.007671913299889552,7.540605877654491e-06,0.2996700714950036,-0.0778010085175804,0.04581148761412652,-0.08181190437024073,0.07780578669494874,0.0458131963885306,-0.08181171008231705,0.07994210219924673,-0.04439016061970316,0.07795465843139993,-0.07994805258507476,-0.044383446494839794,0.07795336187324724,0.0006345745707272694,2.15954682535952e-06,-0.7207278419014844,0.0006322424945476112,2.1595509367331603e-06,-0.7207430915788412,-0.0006398460507009416,-2.1597050737597427e-06,0.7207495795588199,-0.0006269710145738387,-2.159392688332938e-06,0.7207213539215067
negative_JT,0.07,1.9442178295507554e-05,0.027790731490592697,0.0011139547608734356,1.5922916239922729,-0.00013924530900938622,-0.28230664729055144,2.2443832442093828e-05,0.3210203244342951,0.13570161443247464,0.020024522140944658,5.505560326689312,5.505560326689312,4,0.007535713207785134,7.673140156452085e-06,0.2995522796250628,-0.019048847036834213,0.011208082957379828,-0.020024522140944658,0.0190500193548125,0.011208531600476263,-0.020024477766847487,0.019578898340574892,-0.010848791065805687,0.019198829809560784,-0.0195803855723828,-0.010847319037867736,0.01919833276597106,0.00028434386083896635,4.2592269262030527e-07,-0.17642910873162726,0.000283913293356247,4.2592395666749785e-07,-0.17643286203120778,-0.00028538822933267527,-4.259541639421609e-07,0.1764344836366239,-0.0002828689248626008,-4.2589248534564225e-07,0.17642748712621126
negative_JT,0.08,1.8193431424412037e-05,0.025994110014127048,0.0010424068354794953,1.4893527960082285,-0.000114791262210493,-0.12054625540973943,1.2193997840719688e-05,0.32103431842119556,-0.17752133045622887,0.026226462399247974,5.563617187563224,5.563617187563224,4,0.007419331398475033,7.848713420657965e-06,0.2996143403407231,0.02492152310965037,-0.014599831830346011,0.026226462399247974,-0.024923034213307823,-0.014600451388323074,0.026226403509078462,-0.025619822946790407,0.014126736468888882,-0.025241393636621076,0.025621768584662603,0.01412502507829918,-0.025240547531476788,-0.00031904363091031794,-4.343580832968953e-07,0.23079212910815888,-0.0003186316746092021,-4.343598042113458e-07,0.23079701052764606,0.0003201096242049636,4.3439015202870937e-07,-0.23079916096926678,0.0003175656813146485,4.343277354795317e-07,-0.23078997866653805
negative_JT,0.09,1.719302328603937e-05,0.025423381967074308,0.0009850876713602017,1.4566524876623628,-8.815510916443205e-05,-0.024874178951945373,6.75097668172053e-07,0.3211854256276298,-0.38343134513696847,0.05672319662465324,5.585617224278669,5.585617224278669,4,0.007334459221025702,8.03030098136462e-06,0.29978482028880893,0.05383043160774141,-0.03138869852967435,0.05672319662465324,-0.053833623797336826,-0.03139009356762114,0.0567230682523195,-0.055344121257716705,0.03036574560188648,-0.05469939182877454,0.0553482591351961,0.030362431683668294,-0.05469724549711064,-0.0004303005918256498,-7.240251806715238e-07,0.498474130964306,-0.0004296367924470624,-7.240284346071201e-07,0.49848460364976266,0.00043207444518910255,7.240784856754976e-07,-0.49848928660696545,0.0004278629390836318,7.239751296031463e-07,-0.49846944800710347
negative_JT,0.1,1.6495698145480948e-05,0.025444600136581643,0.0009451338838578373,1.4578681992241262,-5.997777502536129e-05,0.015260251731803707,-1.4982573000904238e-06,0.3213994024445999,-0.47766690267025885,0.0707407928697351,5.573238490990573,5.573238490990573,4,0.007277680252094318,8.170544554265817e-06,0.30000145793744126,0.06706146370603609,-0.03894915003231499,0.0707407928697351,-0.06706535975428568,-0.03895094631828413,0.07074062485804632,-0.06895019874708645,0.03767474457837405,-0.06827920120760968,0.06895525932214261,0.03767095549506263,-0.06827625161629383,-0.00018857370879564122,-7.144714580641272e-07,0.6209711323459228,-0.00018794254922191027,-7.144751319864997e-07,0.6209841066371571,0.0001903171804825003,7.145239410364951e-07,-0.6209899843054375,0.00018619907753518122,7.14422649458221e-07,-0.6209652546776426
negative_JT,0.11,1.600886680181891e-05,0.025684732750695292,0.0009172405025313197,1.4716267845362818,-4.1943547384717795e-05,0.027359580120566496,-1.0746936330076482e-06,0.3216197626265485,-0.5139631075121699,0.07618086599965711,5.558262837463326,5.558262837463326,4,0.0072344717296713825,8.270762599961138e-06,0.3002169526926553,0.0721581083175125,-0.04177101080796268,0.07618086599965711,-0.0721622385521347,-0.04177298319505549,0.07618068298282307,-0.0741915145720343,0.04039987750047976,-0.07356140930308903,0.07419688695366403,0.040396049414286594,-0.07355803181511857,0.00013978390686327326,-6.279640374833625e-07,0.6681496386211019,0.0001403391555532979,-6.279673457934607e-07,0.668163558681821,-0.00013826077556677906,6.280101259450924e-07,-0.6681699185361138,-0.00014186228684953586,6.279212573317308e-07,-0.6681432787668093
negative_JT,0.12,1.5673535749354677e-05,0.025965757382869336,0.0008980274484854391,1.487728309899071,-2.9018147020348375e-05,0.027647897806037807,-1.2519797061729869e-08,0.3218189543919773,-0.522623003781036,0.07751580046759389,5.543885541334435,5.543885541334435,4,0.007196656762836137,8.338309152793835e-06,0.3004085121540905,0.07337478446566727,-0.042358509044738576,0.07751580046759389,-0.07337894507960642,-0.042360544207445894,0.07751561383198297,-0.07544262528860166,0.04096428767473395,-0.07486619840614846,0.07544804347778018,0.04096057691053666,-0.07486260763545573,0.0004368539075151566,-5.351566652333019e-07,0.679403803238085,0.0004373246859523364,-5.351596343140047e-07,0.6794179427242293,-0.0004355654551651079,5.351959502954554e-07,-0.6794244380857557,-0.0004386131383023147,5.351203505841189e-07,-0.6793973078765592
negative_JT,0.13,1.5427888372510896e-05,0.02621795576388039,0.0008839528905438308,1.5021782127310366,-2.210178734652784e-05,0.02327728867565131,1.5582953109347764e-07,0.3219880000166638,-0.5197216841213751,0.07712444688037778,5.53240135293541,5.53240135293541,4,0.007161061098165217,8.38468461807821e-06,0.3005692793040662,0.07296834520801375,-0.042028879367516175,0.07712444688037778,-0.07297245934923917,-0.04203092736176444,0.07712425888480186,-0.07502446160038076,0.04064232276088405,-0.07449616371832987,0.075029824016144,0.040638770268376756,-0.07449247522855362,0.0006670992923233353,-4.563727950609025e-07,0.6756303019018468,0.0006674878867140262,-4.563756549396187e-07,0.675644347715233,-0.0006660092913470816,4.5640629567267106e-07,-0.6756508258822017,-0.000668577887690363,4.5634215521602866e-07,-0.6756238237348791
negative_JT,0.14,1.5230794575255387e-05,0.026417974683867713,0.000872660247792883,1.5136384526690752,-1.8357448568533592e-05,0.017814615731121912,8.974142680982204e-08,0.32212467900018954,-0.5126782115270705,0.07610804129749589,5.525904711781982,5.525904711781982,4,0.007127945565200263,8.419692424596808e-06,0.3006982450569008,0.07198034076766875,-0.04138467426943375,0.07610804129749589,-0.07198438214369815,-0.04138671485717695,0.07610785354769764,-0.07400821157955094,0.04001682678571094,-0.0735188129698043,0.0740134825703443,0.04001342668790746,-0.07351508615927932,0.0008326606877679733,-3.9455357432252086e-07,0.6664728494921394,0.0008329770466624109,-3.9455648139894437e-07,0.6664866929509727,-0.0008317258731996795,3.945825370672337e-07,-0.6664930967091652,-0.000833911861230638,3.9452751776605323e-07,-0.6664664457339463
negative_JT,0.15,1.5060250388828982e-05,0.026565652600720323,0.0008628887856901577,1.5220997740320137,-1.6382170649356083e-05,0.012866252206015725,-3.100940323620786e-08,0.32223006235234625,-0.5052549649235527,0.07502697535360037,5.524923753070015,5.524923753070015,4,0.007098998761001753,8.448622472292074e-06,0.30079714445728817,0.07093898045001569,-0.04072833478567772,0.07502697535360037,-0.07094294834413023,-0.04073036323906865,0.07502678874951627,-0.07293707498050517,0.03938022364211768,-0.0724773931787491,0.07294225274800079,0.03937695334419985,-0.07247365350178067,0.0009473569262775226,-3.470368058087753e-07,0.656822063584801,0.0009476124418080863,-3.470398392029741e-07,0.6568356971644794,-0.0009465409634120548,3.4706228341761605e-07,-0.6568420182705285,-0.0009484284046734788,3.470143615941334e-07,-0.6568157424787523
negative_JT,0.16,1.4902597151092477e-05,0.026671656619742544,0.0008538559205412833,1.5281733569334113,-1.5256731861720611e-05,0.009239097172787937,-1.5934474497710513e-07,0.32230748966494455,-0.4995399432273453,0.07419345658818674,5.527640637261566,5.527640637261566,4,0.007075508166553208,8.474578014591311e-06,0.300869522238733,0.07013741909251273,-0.04022527449146099,0.07419345658818674,-0.07014132599279868,-0.04022729397819657,0.07419327204347392,-0.07211249575751262,0.03889233427583834,-0.0716740814145284,0.07211759637497346,0.03888916172292871,-0.07167033608051225,0.001026498775515199,-3.122133806883042e-07,0.6493921908678666,0.0010267079100228387,-3.122165369800012e-07,0.6494056632584989,-0.0010257697496494772,3.122363054611104e-07,-0.6494119202315192,-0.001027436935888723,3.1219361265128434e-07,-0.6493859338948464
negative_JT,0.17,1.4756367874606597e-05,0.026746371566775503,0.0008454776001573908,1.5324542080649435,-1.4225778548096975e-05,0.006386867573125872,-2.427919850586262e-07,0.3223627737903108,-0.49500630698320647,0.07353065141964796,5.529027852815564,5.529027852815564,4,0.007057247483262547,8.498197726131397e-06,0.30092097202978396,0.0695016946763035,-0.039829600190983756,0.07353065141964796,-0.06950555013283072,-0.03983161000580667,0.07353047030404544,-0.0714584369097698,0.03850867648555519,-0.07103499734507562,0.07146347240220359,0.038505578982949894,-0.07103125111721434,0.001079699847567268,-2.8454185959197015e-07,0.6434983274544828,0.0010798819394826293,-2.845449371815679e-07,0.6435116726148604,-0.0010790397068851441,2.8456275395924097e-07,-0.6435178780185347,-0.0010805420801647142,2.84524042370208e-07,-0.6434921220508085
negative_JT,0.18,1.4618297900426927e-05,0.026796730130144143,0.0008375667733594154,1.5353395412083086,-1.3582568856356964e-05,0.004220014184627085,-2.9596196324142216e-07,0.3224016527654734,-0.49139756809994173,0.07300163541245293,5.529588172356889,5.529588172356889,4,0.007043390571738635,8.520206619811895e-06,0.3009569644523639,0.06899579716979978,-0.039517328174026464,0.07300163541245293,-0.06899960884771791,-0.03951932940381489,0.07300145834665933,-0.07093787266785449,0.03820596696370159,-0.07052490265994413,0.07094285272636092,0.03820292933997726,-0.07052115684169387,0.001114957017422054,-2.617451103885442e-07,0.6388068928175219,0.0011151217805115588,-2.617480327886604e-07,0.6388201368696411,-0.0011143534159975506,2.6176433245059424e-07,-0.6388263010263855,-0.001115725381936143,2.617288116147888e-07,-0.6388007286607775
negative_JT,0.19,1.4484032489408484e-05,0.026828836152724262,0.0008298739319734694,1.537179080799101,-1.3328178549424024e-05,0.00260113565223851,-3.333064844125168e-07,0.32242859906717547,-0.4886006310848402,0.07259056125209327,5.529791835971294,5.529791835971294,4,0.007033131179361595,8.541416048173123e-06,0.300981761288046,0.06860385420330307,-0.03927695290026461,0.07259056125209327,-0.06860762886699927,-0.03927894831831921,0.0725903880677155,-0.07053448059723064,0.037973000999575214,-0.07012864643282858,0.07053941379418148,0.037970014162808756,-0.07012489818890719,0.0011379407118311746,-2.4153875333967234e-07,0.635170811086572,0.0011380905728553797,-2.4154152720475223e-07,0.6351839763447141,-0.0011373869799431659,2.4155649185104595e-07,-0.6351901089731371,-0.001138644304743434,2.4152378824928946e-07,-0.6351646784581495
negative_JT,0.2,1.4351702758739541e-05,0.02684771546884332,0.000822291996902036,1.5382607859328163,-1.3169288206290265e-05,0.0015095053798221496,-3.811257485447998e-07,0.32244702365687894,-0.486535550283056,0.07228629218885138,5.529829680312215,5.529829680312215,4,0.007025706964566506,8.562237420239539e-06,0.30099859699913933,0.06831464872536205,-0.03910025883005142,0.07228629218885138,-0.06831839224210051,-0.03910225155570777,0.0722861225227256,-0.07023672530304191,0.03780176954712693,-0.06983549924116444,0.07024161910117026,0.03779882723538043,-0.0698317446228571,0.001152469920485947,-2.2281982238694924e-07,0.6324861442122605,0.0011526050294046039,-2.2282247295769537e-07,0.6324992505986794,-0.0011519621737829057,2.2283618776787474e-07,-0.6325053607001185,-0.0011531127761078102,2.2280610802085907e-07,-0.6324800341108222
negative_JT,0.21,1.422204569540113e-05,0.026859711843309646,0.0008148631943886847,1.5389481275591954,-1.2751993967863661e-05,0.001051785196629096,-3.678619578157551e-07,0.32245980649659595,-0.4856588104370569,0.07215745266387845,5.529751467636419,5.529751467636419,4,0.0070201863627770665,8.58260637308576e-06,0.30101014727844855,0.0681922885700065,-0.03902220750596537,0.07215745266387845,-0.068196009830506,-0.03902420180989159,0.07215728620845484,-0.07011051645013096,0.03772599323297742,-0.06971159205251544,0.0701153824811757,0.03772308547383285,-0.0697078245519958,0.0011630336707342181,-2.0608247843488182e-07,0.6313463762826053,0.0011631564621699,-2.0608500285948832e-07,0.6313594562459729,-0.0011625669764942102,2.0609761574603605e-07,-0.6313655583388078,-0.0011636231564096764,2.0606986599242325e-07,-0.6313402741897712
negative_JT,0.22,1.409756227090889e-05,0.026869067313794282,0.0008077308195459439,1.5394841565333244,-1.223892385076658e-05,0.000878672709586383,-3.4588468965377427e-07,0.3224692520928964,-0.48541618599718933,0.07212225700130312,5.529049602949382,5.529049602949382,4,0.007015697872129632,8.602118170041032e-06,0.3010185476030832,0.06815896357347256,-0.03899688284090956,0.07212225700130312,-0.06816266800624868,-0.03899887900807055,0.0721220942327851,-0.07007585177664415,0.03770123453600051,-0.06967789390007109,0.07008069716141632,0.03769835399601954,-0.06967411165493421,0.0011712992676991374,-1.9049105645661802e-07,0.6310310491655762,0.0011714172014691889,-1.904933461485226e-07,0.6310441203561308,-0.0011708708316497444,1.9050504857792403e-07,-0.6310502217741039,-0.0011718456375187445,1.9047935447130584e-07,-0.6310249477476032
negative_JT,0.23,1.3978136739091754e-05,0.026877326480340635,0.0008008882406067167,1.539957371918726,-1.1737621477894134e-05,0.0007964020464944862,-3.343895910134637e-07,0.32247689605997754,-0.4853830777240292,0.07211791466742978,5.527981224080081,5.527981224080081,4,0.007011719586416371,8.620792959471694e-06,0.3010252436883556,0.06815505757911786,-0.038989341805792915,0.07211791466742978,-0.06815874691908741,-0.03899133983372056,0.07211775584297303,-0.07007143585985355,0.037693690102934496,-0.06967381763223454,0.07007626295337141,0.037690832345669806,-0.06967002186813581,0.0011780187245013706,-1.765826753625012e-07,0.6309881600349132,0.0011781346102991423,-1.7658471482087277e-07,0.6310012284744392,-0.0011776244191139167,1.7659564540160475e-07,-0.6310073314314554,-0.001178528915686543,1.7657174522585845e-07,-0.6309820570778975
negative_JT,0.24,1.3863610624076884e-05,0.02688491978837635,0.0007943263775723348,1.5403924364217152,-1.1258239877669902e-05,0.0007354044096313679,-3.267770010767457e-07,0.3224836634483755,-0.48539660980751664,0.07212034536254523,5.526699644714909,5.526699644714909,4,0.007007992421599832,8.638661000413194e-06,0.30103111857609016,0.06815770146376933,-0.03898611546757116,0.07212034536254523,-0.06816137598804457,-0.03898811536127696,0.07212019056610028,-0.07007375515916613,0.03769032959406176,-0.06967615552499282,0.07007856444231832,0.037687491413955415,-0.06967234853702713,0.0011835557041702275,-1.6456471454598292e-07,0.6310059507712152,0.0011836701551635207,-1.645665319574708e-07,0.631019018010627,-0.0011831908855299816,1.645768010852886e-07,-0.6310251227760311,-0.0011840349738038557,1.6455444497407593e-07,-0.6309998460058108
negative_JT,0.25,1.3753657010659023e-05,0.026891913951646793,0.0007880264995812783,1.540793172458337,-1.0817980897754768e-05,0.0006751001096880704,-3.209513171391456e-07,0.3224900897322919,-0.4854048786828554,0.07212188435237325,5.525283744071873,5.525283744071873,4,0.0070043811798055815,8.65577651504525e-06,0.30103668608157313,0.06815960722513772,-0.038982845208239705,0.07212188435237325,-0.06816326678725038,-0.03898484695522151,0.07212173360964909,-0.0700753161513925,0.037686935288729344,-0.06967754202153631,0.07008010754461479,0.03768411405589042,-0.06967372626491469,0.0011881203538321608,-1.543663683001549e-07,0.6310169326958333,0.0011882333382559353,-1.5436800206556345e-07,0.631029998847473,-0.0011877805510025197,1.5437770583334465e-07,-0.6310361050861715,-0.0011885731410854917,1.5435666408828453e-07,-0.6310108264571344
negative_JT,0.26,1.364782196033976e-05,0.026898291502606104,0.0007819625978734298,1.541158579211935,-1.0426085379757417e-05,0.0006127106940987313,-3.162071884382837e-07,0.3224964626461296,-0.48539769078418155,0.07212103757660214,5.523783768345836,5.523783768345836,4,0.007000813055808776,8.672214157934585e-06,0.30104222191635727,0.06815934330175008,-0.03897860898597211,0.07212103757660214,-0.06816298770128579,-0.03898061257009501,0.07212089089289045,-0.07007464676341395,0.03768261382098701,-0.06967656079395054,0.07007942009890449,0.037679807274444185,-0.06967273851418784,0.001191860881589348,-1.4579973030927226e-07,0.6310078442941305,0.001191972236569245,-1.4580121667298042e-07,0.6310209091632433,-0.001191542085449475,1.458104389982264e-07,-0.6310270164476883,-0.0011922910327092427,1.4579050798402634e-07,-0.6310017370096858
negative_JT,0.27,1.354560750607288e-05,0.026904046424172958,0.0007761061410387047,1.5414883119291447,-1.0084080327269176e-05,0.0005510228887955438,-3.1224792823160126e-07,0.32250291673756104,-0.48537924853488534,0.0721184419115461,5.522235829912131,5.522235829912131,4,0.00699724954244539,8.688057279906682e-06,0.30104785376283855,0.06815749954853123,-0.038973680773648656,0.0721184419115461,-0.06816112864800827,-0.038975686186160895,0.07211829928493457,-0.07007235330785551,0.03767762886570292,-0.0696738457124921,0.07007710848155098,0.03767483504077953,-0.06967001882313398,0.0011949019522152818,-1.3864121925314406e-07,0.6309841418180487,0.001195011543582175,-1.3864258861499327e-07,0.6309972052926435,-0.0011946007034656565,1.3865140221493955e-07,-0.631003313280255,-0.0011953127923320145,1.38632406097287e-07,-0.6309780338304376
negative_JT,0.28,1.3446531120217096e-05,0.026909207549932625,0.0007704294822797587,1.5417840226527098,-9.788763970362576e-06,0.0004936208680252715,-3.0890117094016303e-07,0.3225094964602861,-0.48535718703432745,0.07211524288254201,5.520666662800076,5.520666662800076,4,0.006993672346304045,8.703388285474326e-06,0.3010536222318506,0.06815514789352901,-0.038968629972762396,0.07211524288254201,-0.06815876163938732,-0.03897063721484089,0.07211510430904555,-0.07006953777074984,0.03767253001742243,-0.06967051619713714,0.07007427477221509,0.03766974721000886,-0.06966668626995218,0.0011973577214887006,-1.326710666433545e-07,0.6309557461108555,0.0011974654836370727,-1.326723452048857e-07,0.6309688082565214,-0.001197071101333707,1.3268081136331485e-07,-0.6309749167300112,-0.0011977521037922403,1.326626009290146e-07,-0.6309496376373654
negative_JT,0.29,1.3350157074400613e-05,0.02691383492260188,0.0007649076561998737,1.5420491515768924,-9.534740981735728e-06,0.00044320670402015475,-3.0604442972945295e-07,0.32251619725365077,-0.4853383601085591,0.07211247023740044,5.519095670105663,5.519095670105663,4,0.006990075428861676,8.718282894651344e-06,0.3010595207663346,0.0681532506339974,-0.038963974266434005,0.07211247023740044,-0.06815684904376093,-0.03896598334621734,0.0721123357131755,-0.07006718943974442,0.03766781701557151,-0.06966757576664938,0.07007190833843252,0.03766504375542324,-0.06966374406852327,0.0011993339639189322,-1.2769062851351923e-07,0.6309315638570651,0.0011994399001763396,-1.276918371400433e-07,0.6309446248990519,-0.0011990595422722411,1.277000080599941e-07,-0.6309507337532916,-0.0011997143218229964,1.276824580376577e-07,-0.6309254550028259
negative_JT,0.3,1.3256108077762743e-05,0.02691800807239323,0.0007595190456250836,1.5422882554472126,-9.316024433757123e-06,0.00040122384173432024,-3.03586164760546e-07,0.3225229912509874,-0.48532753398738676,0.07211084370401713,5.517536343322434,5.517536343322434,4,0.006986460016861579,8.732807582364113e-06,0.301065520627174,0.0681524769869443,-0.03896007082387589,0.07211084370401713,-0.06815606012772618,-0.038962081751546286,0.0721107132262927,-0.07006599628892336,0.03766383451509571,-0.06966572562486935,0.07007069720878073,0.03766106954116686,-0.0696618931691414,0.0012009265360175842,-1.235280987684227e-07,0.6309177889230395,0.0012010307071729717,-1.2352925293193628e-07,0.6309308491934199,-0.001200662305567687,1.235371733628603e-07,-0.6309369584056702,-0.0012012949376226738,1.2352017922567716e-07,-0.6309116797107889
negative_JT,0.31,1.3164065587978026e-05,0.026921814071845115,0.0007542453994245434,1.5425063231526348,-9.126891983163291e-06,0.00036800325548799994,-3.0145858218575003e-07,0.32252984252294054,-0.485327325327724,0.07211076315725176,5.51599753530665,5.51599753530665,4,0.00698283129647562,8.747019050587752e-06,0.3010715856681767,0.06815319436454205,-0.038957109458000856,0.07211076315725176,-0.06815676233276077,-0.03895912224118121,0.07211063672458977,-0.07006633600911347,0.03766076546126318,-0.06966535602835996,0.07007101910421565,0.03765800769791375,-0.0696615236254727,0.0012022194687968922,-1.2003856866776668e-07,0.6309178214706714,0.0012023219793964627,-1.2003967972885389e-07,0.6309308813536976,-0.0012019637789311868,1.2004738679707398e-07,-0.6309369909532176,-0.0012025776692620876,1.2003086159954662e-07,-0.6309117118711515
negative_JT,0.32,1.3073764614285319e-05,0.02692533823684835,0.0007490715347460294,1.5427082429336278,-8.962265050334672e-06,0.00034307602628348276,-2.996121089199208e-07,0.3225367154474855,-0.485338615527939,0.07211236961029066,5.5144846195232455,5.5144846195232455,4,0.006979196214013891,8.760964803609977e-06,0.30107768040043414,0.06815552653387937,-0.038955144848685036,0.07211236961029066,-0.06815907943951335,-0.038957159489211184,0.07211224722244745,-0.07006833580453485,0.037658662241195275,-0.06966660582049636,0.07007300124013188,0.037655910775429166,-0.06966277412179962,0.0012032839095368036,-1.1710152195579463e-07,0.6309328063372175,0.001203384895086009,-1.1710259930082383e-07,0.6309458662254877,-0.001203035406188966,1.1711012509561915e-07,-0.6309519762687049,-0.001203633398433675,1.1709399660508855e-07,-0.6309266962940007
negative_JT,0.33,1.2984986475114402e-05,0.026928658070051868,0.0007439849220585109,1.5428984553648768,-8.817818547293239e-06,0.00032549199474913595,-2.980103164849479e-07,0.32254357875858714,-0.48536107972291154,0.07211562346254748,5.513000487083286,5.513000487083286,4,0.006975562065928189,8.7746842126167e-06,0.3010837738465099,0.06815942788606348,-0.03895413829381668,0.07211562346254748,-0.0681629658418311,-0.03895615478605091,0.07211550512014242,-0.07007194875093745,0.037657487045391264,-0.06966943845690092,0.07007659669054117,0.037654741105539215,-0.06966560798994514,0.0012041781291788024,-1.1461756278174704e-07,0.6309623205643935,0.001204277745372944,-1.1461861342090412e-07,0.6309753808288556,-0.0012039357028547281,1.1462598399491341e-07,-0.6309814913816151,-0.0012045201716972063,1.1461019220773774e-07,-0.6309562100116337
negative_JT,0.34,1.2897551350386372e-05,0.026931840069688583,0.0007389752584303947,1.5430807705144727,-8.689954879767646e-06,0.0003140803451284647,-2.9662565427287536e-07,0.3225504070216725,-0.485393669113607,0.07212037603410429,5.511546350925396,5.511546350925396,4,0.006971935661049127,8.788209712990078e-06,0.3010898408983669,0.06816475115780272,-0.03895399584148629,0.07212037603410429,-0.06816827427259307,-0.03895601417198837,0.07212026173819643,-0.07007702342093755,0.03765714872717589,-0.06967371141633051,0.0700816540186655,0.03765440766328141,-0.069669882612155,0.0012049483945403138,-1.1250504115170523e-07,0.6310050003099413,0.001205046808550401,-1.1250606971637276e-07,0.6310180612824885,-0.001204711136538595,1.125133081332221e-07,-0.6310241724087777,-0.0012052840665521453,1.1249780317894513e-07,-0.630998889183652
negative_JT,0.35000000000000003,1.281131148354677e-05,0.02693493869841374,0.0007340340780347154,1.543258308862702,-8.57572007584713e-06,0.00030763560408304173,-2.954362417811695e-07,0.3225571806867208,-0.4854349875543113,0.07212642555646379,5.51012235732919,5.51012235732919,4,0.006968322887313978,8.801567950481192e-06,0.3010958623051188,0.06817130030849645,-0.038954597998867524,0.07212642555646379,-0.06817480868399145,-0.038956618147028235,0.07212631530812592,-0.07008335824659323,0.03765753151580166,-0.06967923050231065,0.07008797164347833,0.037654794781895484,-0.06967540371603001,0.001205630387053761,-1.1069701200016837e-07,0.6310590303293685,0.0012057277707568934,-1.1069802135064641e-07,0.6310720922952197,-0.0012053975531915633,1.1070514647674284e-07,-0.6310782040509946,-0.0012059606046192699,1.1068988687407194e-07,-0.6310529185735934
negative_JT,0.36,1.272614534092892e-05,0.026937996789196988,0.0007291544175053032,1.5434335245579502,-8.472703691195688e-06,0.00030503470938130097,-2.944236827876639e-07,0.32256388544360187,-0.4854835543629913,0.07213355636389038,5.508728026302375,5.508728026302375,4,0.006964728550346013,8.814780796278278e-06,0.30110182399713975,0.06817886742318682,-0.03895582036129604,0.07213355636389038,-0.0681823611526669,-0.03895784230055327,0.07213345016382733,-0.07009073945826028,0.03765851494990738,-0.06968578784848338,0.07009533578126494,0.037655782088238464,-0.0696819633746462,0.0012062508705091303,-1.0913861517320086e-07,0.631122485573469,0.001206347395378992,-1.0913960719109464e-07,0.6311355487703353,-0.0012060218513044697,1.0914663579647574e-07,-0.63114166120096,-0.0012065764145834945,1.0913158701190898e-07,-0.6311163731428443
negative_JT,0.37,1.2641952758026666e-05,0.02694104678086035,0.0007243305378386988,1.5436082762078107,-8.378942628193676e-06,0.0003052993472466466,-2.935717062377541e-07,0.32257051131221726,-0.4855379683388826,0.07214156345884284,5.507362552184233,5.507362552184233,4,0.006961156381885295,8.827866208696946e-06,0.3011077161660825,0.06818725574433325,-0.038957546367876364,0.07214156345884284,-0.06819073491283086,-0.03895957006719192,0.07214146130707726,-0.07009896476218545,0.03765998619884887,-0.06969318574665219,0.07010354412487559,0.03765725682605087,-0.06968936383070556,0.001206829381718809,-1.077848902141994e-07,0.6311935443738261,0.00120692521508959,-1.0778586628514796e-07,0.6312066089952467,-0.0012066036779751577,1.0779281184197638e-07,-0.6312127221352486,-0.0012071509188331792,1.0777794510146023e-07,-0.631187431233825
negative_JT,0.38,1.2558650978193303e-05,0.026944112330598145,0.0007195576974283191,1.543783919269674,-8.292837048242512e-06,0.00030761924347347486,-2.928654036738925e-07,0.32257705170777023,-0.4855969957610405,0.07215026579678187,5.506024997280433,5.506024997280433,4,0.006957609143336355,8.840838947203583e-06,0.3011135323321084,0.06819629202952604,-0.038959674016050945,0.07215026579678187,-0.06819975671471046,-0.038961699441413526,0.07215016769241667,-0.07010785604409457,0.037661846544363005,-0.06970124954348783,0.07011241854818964,0.037659120339472246,-0.06969743039042632,0.0012073797969092287,-1.0659897540658275e-07,0.6312706028166444,0.001207475099351929,-1.0659993638840004e-07,0.6312836690174903,-0.0012071569997513052,1.0660681046489125e-07,-0.63128978289163,-0.0012076978965098715,1.0659210177418078e-07,-0.6312644889425045
negative_JT,0.39,1.2476171447557667e-05,0.02694720999837317,0.0007148319684266773,1.5439614025595165,-8.213080443790829e-06,0.00031135027513600074,-2.9229085165756067e-07,0.32258350260042806,-0.48565960512929157,0.07215951164768787,5.5047144080915755,5.5047144080915755,4,0.00695408877280283,8.853711156560923e-06,0.3011192685116021,0.06820583143085013,-0.03896211836289726,0.07215951164768787,-0.0682092817042189,-0.03896414547870418,0.07215941758874048,-0.07011726438445799,0.037664013790130596,-0.06970983285969647,0.07012181012172321,0.03766129048432467,-0.06970601664071238,0.0012079116941029967,-1.0555063901884223e-07,0.6313523198907962,0.0012080066176668649,-1.0555158506283475e-07,0.6313653877935443,-0.0012076914686483002,1.055583975948429e-07,-0.631371502418495,-0.0012082268431217488,1.0554382693092331e-07,-0.6313462052658462
negative_JT,0.4,1.2394457228390837e-05,0.026950350819056577,0.0007101500885422108,1.5441413583288832,-8.138603016617762e-06,0.0003159982534694652,-2.9183496433678876e-07,0.32258986181626,-0.48572496791411235,0.07216917888345123,5.503429878410278,5.503429878410278,4,0.006950596542364721,8.866492841863485e-06,0.3011249225284894,0.0682157576010651,-0.038964811356325624,0.07216917888345123,-0.06821919352917796,-0.03896684012655775,0.07216908886675497,-0.07012707016669283,0.03766642209135953,-0.06971881789163983,0.07013159922083785,0.03766370145924971,-0.06971500474936582,0.001208431481783939,-1.0461508211357547e-07,0.6314376184535611,0.001208526168923091,-1.0461601314778037e-07,0.6314506881544584,-0.001208213553778035,1.0462277230953402e-07,-0.6314568035406263,-0.0012087440969293039,1.0460832295182184e-07,-0.6314315030673934
negative_JT,0.41000000000000003,1.2313460909036258e-05,0.0269535416678588,0.0007055093412870996,1.544324180498315,-8.06852645602345e-06,0.000321196124337137,-2.9148546471344525e-07,0.3225961284859616,-0.4857924400230866,0.07217917237090095,5.502170577913571,5.502170577913571,4,0.006947133206098669,8.879192254354554e-06,0.30113049347346865,0.06822598009176434,-0.038967700170464435,0.07217917237090095,-0.06822940173737221,-0.03896973055962785,0.072179086392059,-0.07013718040150749,0.03766902033966511,-0.06972811290654686,0.07014169284990687,0.03766630219197094,-0.06972430295929657,0.0012089432972668106,-1.0377196126104052e-07,0.6315256611319326,0.0012090378802744415,-1.0377287676565231e-07,0.6315387327065498,-0.001208727442131856,1.0377958980311642e-07,-0.6315448488597815,-0.001209253735409171,1.0376524777948723e-07,-0.6315195449787014
negative_JT,0.42,1.2233142909152214e-05,0.02695678638555649,0.0007009074588748117,1.544510089128104,-8.002127999915123e-06,0.00032667965631101066,-2.9123090332617353e-07,0.3226023026276422,-0.48586153431726553,0.07218942000543747,5.50093575976546,5.50093575976546,4,0.0069436991289887175,8.89181620511636e-06,0.30113598129627744,0.06823643049451956,-0.03897074486685187,0.07218942000543747,-0.06823983791751745,-0.03897277684068563,0.07218933805882012,-0.07014752475913857,0.0376717698974465,-0.06973764841791427,0.07015202067428836,0.037669054074871616,-0.06973384176319862,0.001209449697344537,-1.0300459479055532e-07,0.6316158145913404,0.0012095442981735077,-1.0300549436114112e-07,0.6316288880992935,-0.0012092357311993041,1.0301216776239718e-07,-0.6316350050223267,-0.001209758264318877,1.0299792138929928e-07,-0.6316096976683074
negative_JT,0.43,1.2153470099350018e-05,0.026960086667772665,0.0006963425431311973,1.5446991813702928,-7.938811823707738e-06,0.00033226461087387067,-2.9106068760698573e-07,0.3226083848417775,-0.4859318908667394,0.07219986838175221,5.4997247565400444,5.4997247565400444,4,0.006940294393203893,8.904370321023802e-06,0.30114138650861116,0.06824705826435712,-0.03897391591018291,0.07219986838175221,-0.0682504515225487,-0.03897594943615745,0.07219979046052513,-0.07015805127517848,0.03767464219276026,-0.06974737300630059,0.0701625307258761,0.037671928560895275,-0.06974356972380191,0.0012099521727213301,-1.0229930445089275e-07,0.631707610866864,0.0012100469030801731,-1.02300187001427e-07,0.631720686355659,-0.0012097399449998401,1.0230682619803999e-07,-0.631726804049282,-0.0012102591308018659,1.02292665698369e-07,-0.6317014931732406
negative_JT,0.44,1.2074414671740582e-05,0.026963442743170238,0.0006918130007815747,1.5448914703263015,-7.878086168195468e-06,0.00033782690653357716,-2.909650985541551e-07,0.32261437609499954,-0.4860032488676596,0.07221047868838436,5.498536970547427,5.498536970547427,4,0.00693691888204158,8.916859253991695e-06,0.30114670997427395,0.06825782677639067,-0.03897719184570752,0.07221047868838436,-0.06826120592606703,-0.038979226893341795,0.07221040478456166,-0.0701687222962502,0.03767761647136989,-0.06975724935404398,0.07017318534850504,0.03767490491647218,-0.06975344950816356,0.0012104515198412592,-1.0164488827347179e-07,0.6318007108552167,0.0012105464814986303,-1.0164575285640363e-07,0.631813788363279,-0.0012102409072435052,1.0165236219443324e-07,-0.6318199068272002,-0.0012107570940964236,1.0163827937953138e-07,-0.6317945923912955
negative_JT,0.45,1.1995953212001382e-05,0.026966853874303903,0.0006873174902840829,1.5450869137436263,-7.819544906433061e-06,0.00034328630921066575,-2.909352891831104e-07,0.32262027757137435,-0.48607542219594513,0.07222122312395192,5.497371862298657,5.497371862298657,4,0.006933572343882112,8.929286852844469e-06,0.30115195276533424,0.0682687098930208,-0.03898055729002045,0.07222122312395192,-0.06827207498937678,-0.03898259383105006,0.07222115322846662,-0.07017951095068843,0.03768067785248216,-0.06976725078271391,0.07018395766840009,0.03767796827799229,-0.06976345442477176,0.001210948101722786,-1.0103219044787825e-07,0.6318948725348782,0.001211043386962639,-1.0103303650962592e-07,0.6319079520938613,-0.0012107390032610986,1.0103961947636146e-07,-0.6319140713273288,-0.0012112524854244176,1.0102560748114274e-07,-0.631888753301411
negative_JT,0.46,1.191806593440583e-05,0.026970318716382797,0.0006828548780000938,1.5452854345714262,-7.762852594323268e-06,0.0003485935892907921,-2.909632634646322e-07,0.3226260905732066,-0.486148279300938,0.07223208194369038,5.496228939227555,5.496228939227555,4,0.006930254439366605,8.941656304680342e-06,0.30115711606654066,0.06827968914048112,-0.038984001286003496,0.07223208194369038,-0.06828304023792889,-0.038986039294454204,0.07223201604646419,-0.07019039824575052,0.03768381573709685,-0.06977735839890539,0.0701948286912253,0.0376811080607456,-0.06977356556905874,0.0012114420253425302,-1.0045370049539644e-07,0.6319899248283274,0.001211537717451071,-1.0045452771555526e-07,0.6320030064648453,-0.00121123435821887,1.0046108779610818e-07,-0.632009126467058,-0.0012117453845749,1.0044714085893273e-07,-0.6319838048261147
negative_JT,0.47000000000000003,1.1840736049751375e-05,0.026973835566526685,0.0006784242019791601,1.545486935241851,-7.70773223797795e-06,0.0003537207701789569,-2.910418387744169e-07,0.3226318164570869,-0.48622172738025043,0.07224304113116274,5.49510774572366,5.49510774572366,4,0.006926964775153698,8.953970251565376e-06,0.3011622011139612,0.06829075148655647,-0.03898751601270396,0.07224304113116274,-0.06829408863891023,-0.03898955546486047,0.07224297922119367,-0.07020137078292328,0.037687022559855385,-0.06978755884384305,0.0702057850172157,0.0376843167112996,-0.06978376957273912,0.0012119332581087023,-9.990330771015768e-08,0.6320857470298943,0.0012120294319889614,-9.990411523616767e-08,0.6320988307667796,-0.0012117269544028152,9.991065483378484e-08,-0.6321049515371442,-0.001212235735694814,9.989676811254055e-08,-0.6320796262595301
negative_JT,0.48,1.1763949242299622e-05,0.02697740253144305,0.000674024641989891,1.5456913072772298,-7.653955242032096e-06,0.0003586539619150546,-2.9116459677064653e-07,0.3226374565942913,-0.48629570037430325,0.07225409062956661,5.494007854873412,5.494007854873412,4,0.006923702927347859,8.9662308867664e-06,0.301167209157182,0.06830188765462995,-0.038991095809580385,0.07225409062956661,-0.06830521091525044,-0.0389931366839213,0.07225403269500384,-0.07021241902464659,0.03769029284514505,-0.06979784258361159,0.07021681710782189,0.03768758876399214,-0.06979405689383267,0.0012124217014062835,-9.937600248959454e-08,0.6321822531991554,0.0012125184241378669,-9.937678901901678e-08,0.6321953390563722,-0.0012122167052853153,9.938331126665663e-08,-0.6322014605946384,-0.0012127234202590341,9.936948068604394e-08,-0.6321761316608899
negative_JT,0.49,1.168769323662839e-05,0.026981017636208166,0.0006696554947024037,1.5458984375227687,-7.601333088826454e-06,0.0003633882546383768,-2.9132582682549174e-07,0.32264301234751525,-0.4863701501521894,0.07226522304158699,5.492928861928423,5.492928861928423,4,0.006920468457243901,8.97844003438873e-06,0.30117214143725224,0.06831309088590072,-0.038994736462141265,0.07226522304158699,-0.06831640030775618,-0.038996778739209,0.0722651690698198,-0.0702235360218009,0.03769362251605838,-0.06980820265220887,0.07022791801308846,0.037690920150260404,-0.06980442055950672,0.0012129072345984462,-9.886772712279717e-08,0.6322793807029901,0.0012130045660900446,-9.886849212250097e-08,0.6322924686982715,-0.0012127035001113016,9.887499833864836e-08,-0.6322985910045884,-0.0012132083005771963,9.88612204625606e-08,-0.632273258396673
negative_JT,0.5,1.1611957439053901e-05,0.026984678891811376,0.0006653161531433284,1.5461082120165512,-7.549710445576367e-06,0.00036792419031192453,-2.91520464962157e-07,0.32264848505821353,-0.4864450402372274,0.07227643270277806,5.4918703793260955,5.4918703793260955,4,0.006917260921530462,8.990599215125497e-06,0.3011769991748071,0.06832435605821545,-0.03899843469475943,0.07227643270277806,-0.0683276516939336,-0.03900047835702923,0.07227638268050893,-0.07023471650782823,0.03769700840383,-0.06981863375560948,0.07023908246574212,0.03769430770833411,-0.06981485526997906,0.0012133897396060347,-9.837516682595759e-08,0.6323770820591514,0.0012134877331643461,-9.837591032715537e-08,0.632390172208451,-0.0012131872288141294,9.838240261380711e-08,-0.6323962952833695,-0.0012136902439563119,9.836867453930587e-08,-0.632370958984233
negative_JT,0.51,1.1536732640820132e-05,0.026988384334724315,0.0006610060896898103,1.5463205182566893,-7.498959432309176e-06,0.00037226540307828704,-2.917440342143796e-07,0.3226538760405769,-0.4865203414753099,0.07228771504106245,5.490832033008753,5.490832033008753,4,0.006914079878616725,9.002709700579084e-06,0.30118178356452796,0.06833567907774311,-0.03900218782149602,0.07228771504106245,-0.06833896097963278,-0.03900423285322527,0.07228766895438103,-0.0702459562733526,0.03770044791009468,-0.06982913165243372,0.07025030625576836,0.037697748845730045,-0.0698253567790294,0.0012138691130112816,-9.789562683326666e-08,0.6324753193053743,0.0012139678159166258,-9.78963479913901e-08,0.6324884116231796,-0.0012136677944795762,9.790282733374356e-08,-0.632494535467621,-0.0012141691344481516,9.788914660273479e-08,-0.6324691954609333
negative_JT,0.52,1.1462010772744763e-05,0.026992132048136157,0.0006567248420117583,1.5465352464180124,-7.448974856974113e-06,0.00037641709785856005,-2.9199258433510843e-07,0.3226591865794666,-0.48659602913921235,0.0722990661479786,5.489813459774796,5.489813459774796,4,0.006910924892330502,9.014772558102163e-06,0.3011864957733566,0.06834705647230621,-0.039005993513364465,0.0722990661479786,-0.0683503246923602,-0.03900803990043572,0.07229902398243179,-0.07025725174811794,0.03770393878177745,-0.06983969273933772,0.07026158581231724,0.037701241314337164,-0.06983592147925394,0.0012143452706306862,-9.74269256423783e-08,0.6325740602351861,0.0012144447246943025,-9.742762341809802e-08,0.6325871547347333,-0.001214145118210126,9.743409204537233e-08,-0.6325932793499376,-0.0012146448771147612,9.74204565710148e-08,-0.6325679356199825
negative_JT,0.53,1.13877847026421e-05,0.02699592017164933,0.0006524720014650335,1.5467522899075914,-7.3996702493149705e-06,0.00038038511190973545,-2.922626350248424e-07,0.322664417930561,-0.48667208106114085,0.07231048250173096,5.488814305417813,5.488814305417813,4,0.006907795533893496,9.026788687773714e-06,0.30119113694078753,0.06835848512910359,-0.03900984964873479,0.07231048250173096,-0.06836173971900585,-0.039011897378509464,0.07231044424238461,-0.07026859973136601,0.03770747896641528,-0.0698503137831824,0.070272917934077,0.03770478306587959,-0.069846546134122,0.0012148181478323775,-9.696728375324151e-08,0.6326732759703528,0.0012149183898948776,-9.696795827498872e-08,0.6326863726637861,-0.001214619139634856,9.697441723339943e-08,-0.6326924980512555,-0.0012151173980923537,9.696082523892001e-08,-0.6326671505828837
negative_JT,0.54,1.131404806828629e-05,0.02699974690407532,0.0006482472035209462,1.5469715455249267,-7.350974567412067e-06,0.0003841753689539993,-2.925511255591629e-07,0.3226695713216116,-0.48674847647889957,0.07232196079571511,5.48783422344747,5.48783422344747,4,0.006904691382811451,9.038758852827861e-06,0.30119570818018354,0.0683699621326704,-0.03901375422129611,0.07232196079571511,-0.06837320314378197,-0.03901580328246102,0.07232192642721619,-0.07027999722525911,0.03771106652312185,-0.06986099175521265,0.07028429962267098,0.03770837216302565,-0.06985722771204768,0.001215287697629904,-9.651527596964015e-08,0.632772939460994,0.0012153887600666632,-9.651592674806198e-08,0.6327860383594678,-0.0012150898152359208,9.652237659712695e-08,-0.6327921645209079,-0.0012155866424607355,9.650882656466439e-08,-0.6327668132995546
negative_JT,0.55,1.1240795139896931e-05,0.02700361050239515,0.000644050119887262,1.5471929134023867,-7.302829462562839e-06,0.0003877935885238986,-2.928553653648075e-07,0.32267464795414624,-0.48682519536203045,0.0723334978380823,5.486872874227251,5.486872874227251,4,0.006901612027114754,9.050683704720094e-06,0.30120021058048757,0.06838148467022656,-0.03901770528659193,0.0723334978380823,-0.06838471215358895,-0.039019755669027795,0.07233346734471002,-0.07029144133758253,0.03771469957088596,-0.06987172373393281,0.07029572798536964,0.03771200672777642,-0.06986796328918436,0.0012157538879192186,-9.606973902917731e-08,0.6328730246096199,0.0012158557990679126,-9.607036506293991e-08,0.6328861257233869,-0.0012155571156936304,9.607680695395517e-08,-0.632892252660648,-0.0012160525712935372,9.606329758225129e-08,-0.6328668976723589
negative_JT,0.56,1.1168020707109593e-05,0.02700750927882966,0.000639880452032089,1.547416296837349,-7.2551870143549095e-06,0.00039124515422379126,-2.931729910725294e-07,0.32267964900524265,-0.48690221804887085,0.07234509049738255,5.4859299244013675,5.4859299244013675,4,0.006898557063236856,9.062563803679649e-06,0.30120464520797574,0.06839304998070758,-0.039021700933474714,0.07234509049738255,-0.06839626398703486,-0.03902375262812631,0.07234506386309782,-0.07030292922934989,0.03771837626094821,-0.06988250685256357,0.07030720018268363,0.037715684913938126,-0.0698787499968039,0.0012162166985228253,-9.562973698359287e-08,0.6329735057993477,0.0012163194831006133,-9.563033917019247e-08,0.6329866091378161,-0.0012160210230809918,9.563677299240376e-08,-0.6329927368528434,-0.0012165151585424188,9.56233031613816e-08,-0.6329673780843206
negative_JT,0.5700000000000001,1.1095719986114146e-05,0.02701144159719784,0.000635737925863297,1.5476416020835477,-7.208007864128087e-06,0.0003945350758584038,-2.935019288660364e-07,0.32268457562917785,-0.48697952507714315,0.07235673567694437,5.485005046517105,5.485005046517105,4,0.006895526095713255,9.074399635490903e-06,0.30120901310787057,0.06840465533097004,-0.03902573927099302,0.07235673567694437,-0.06840785591064512,-0.03902779226975056,0.07235671288543478,-0.07031445809034381,0.03772209476411128,-0.06989333827429815,0.07031871340390376,0.03771940489450196,-0.06988958499648948,0.0012166761184765555,-9.519451807545446e-08,0.6330743576736804,0.0012167797979592923,-9.519509510784246e-08,0.6330874632454666,-0.001216481528247138,9.520152266512139e-08,-0.6330935917402543,-0.0012169743881886687,9.518809140635398e-08,-0.6330682291788936
negative_JT,0.58,1.1023888543667806e-05,0.027015405869230666,0.0006316222873747848,1.5478687381398704,-7.161259654127624e-06,0.00039766800279557616,-2.9384035827692325e-07,0.3226894289588707,-0.4870570971284849,0.07236843030621862,5.484097918775235,5.484097918775235,4,0.006892518736811479,9.0861916254511e-06,0.3012133153057415,0.06841629800799877,-0.03902981842431147,0.07236843030621862,-0.06841948521107492,-0.03903187271990653,0.07236841134093606,-0.0703260251311057,0.03772585326678813,-0.06990421518397105,0.07033026485909631,0.037723164857749694,-0.0699004654717525,0.0012171321437232032,-9.476346999441178e-08,0.6331755550643983,0.0012172367366773428,-9.476402160780012e-08,0.6331886628773682,-0.0012169386285826702,9.477044278700016e-08,-0.6331947921539192,-0.0012174302518178724,9.475704925930098e-08,-0.6331694257878477
negative_JT,0.59,1.095252223482777e-05,0.027019400551181124,0.0006275332990788236,1.5480976165561287,-7.114915761694221e-06,0.00040064826167149494,-2.941866827100753e-07,0.3226942101070977,-0.4871349150349022,0.07238017134137138,5.483208224860638,5.483208224860638,4,0.006889534606155602,9.09794014952996e-06,0.30121755280867785,0.06842797531981766,-0.039033936535499095,0.07238017134137138,-0.06843114919601492,-0.03903599212140352,0.07238015618557046,-0.07033762758387355,0.03772964997174903,-0.06991513478868708,0.0703418517800308,0.03772696300805642,-0.06991138862861283,0.001217584775233966,-9.433610549394418e-08,0.6332770729999422,0.0012176902976404043,-9.433663158876613e-08,0.6332901830612486,-0.0012173923262297852,9.434304702897665e-08,-0.6332963131215423,-0.0012178827466447972,9.432969049782287e-08,-0.633270942939649
negative_JT,0.6,1.0881617152019938e-05,0.02702342414087103,0.0006234707370879091,1.5483281512638527,-7.068954255718693e-06,0.00040347990245301004,-2.9453950191301473e-07,0.32269892016749546,-0.48721295981449386,0.07239195577028941,5.482335653821661,5.482335653821661,4,0.0068865733303767555,9.109645543665708e-06,0.30122172660624935,0.06843968460050777,-0.03903809176657045,0.07239195577028941,-0.0684428451992127,-0.03904014863690967,0.07239194440705832,-0.07034926270773832,0.03773348310105716,-0.0699260943227163,0.07035347142534144,0.03773079756886513,-0.06992235170045712,0.0012180340175666476,-9.39120344172877e-08,0.633378886751845,0.0012181404830976903,-9.391253542061457e-08,0.6333919990679596,-0.0012178426266822918,9.391894500872798e-08,-0.6333981299139223,-0.0012183318739822323,9.390562482917432e-08,-0.6333727559058826
negative_JT,0.61,1.0811169583499834e-05,0.02702747517520008,0.0006194343887347486,1.5485602584335698,-7.0233570205334875e-06,0.000406166743946517,-2.9489758819541554e-07,0.3227035602153801,-0.48729121271717807,0.07240378061912477,5.481479899977106,5.481479899977106,4,0.006883634542804033,9.121308111266868e-06,0.3012258376712865,0.06845142321662966,-0.039042282303255745,0.07240378061912477,-0.06845457058690056,-0.03904434045273,0.07240377303141406,-0.07036092779524676,0.03773735089970746,-0.06993709105388564,0.07036512108713118,0.03773466678635834,-0.06993335195439809,0.0012184798777777736,-9.349093999131039e-08,0.6334809718941602,0.0012185872980512227,-9.349141521829495e-08,0.6334940864709049,-0.0012182895377429884,9.349782002559156e-08,-0.6335002181043892,-0.0012187776380861862,9.348453562810302e-08,-0.6334748402606762
negative_JT,0.62,1.0741175979488964e-05,0.02703155222808254,0.0006154240506320158,1.5487938563565864,-6.978109057892021e-06,0.00040871241436423735,-2.9525986526903307e-07,0.32270813130841497,-0.48736965526958115,0.07241564295876315,5.480640662837732,5.480640662837732,4,0.006880717883197813,9.132928129337823e-06,0.30122988696051295,0.0684631885735327,-0.039046506358646274,0.07241564295876315,-0.06846632276409939,-0.039048565782458605,0.07241563912941172,-0.07037262017888475,0.03774125163914196,-0.06994812228989866,0.07037679809745169,0.03773856893300684,-0.06994438669756645,0.001218922364630784,-9.30725719965532e-08,0.6335833043617967,0.0012190307494416182,-9.307302127088773e-08,0.6335964212043703,-0.0012187330687748554,9.307942119447003e-08,-0.6336025536271338,-0.0012192200452976864,9.306617207297089e-08,-0.6335771719390333
negative_JT,0.63,1.0671632924563993e-05,0.027035653908750425,0.0006114395270903684,1.5490288653477666,-6.933197907377876e-06,0.0004111203852493009,-2.956253896429505e-07,0.3227126344871613,-0.4874482693138951,0.07242753991043666,5.479817647034236,5.479817647034236,4,0.006877822997522898,9.144505853458111e-06,0.3012338754150631,0.0684749781208131,-0.039050762176309914,0.07242753991043666,-0.06847809918008323,-0.0390528228701041,0.07242753982219445,-0.07038433723668845,0.037745183620259616,-0.06995918538382907,0.0703884998339167,0.03774250231060046,-0.06995545328258185,0.0012193614880407855,-9.265672669296438e-08,0.633685860501017,0.0012194708455628798,-9.265715002636801e-08,0.6336989796140253,-0.0012191732301673136,9.266354573072322e-08,-0.6337051128277167,-0.0012196591034361274,9.265033143269841e-08,-0.633679727287326
negative_JT,0.64,1.060253711518754e-05,0.02703977886035482,0.0006074806288310572,1.549265207665394,-6.8886131755272065e-06,0.0004133939986023477,-2.9599333491447383e-07,0.322717070775538,-0.4875270370386295,0.07243947228571081,5.479010562247328,5.479010562247328,4,0.006874949537755859,9.156041521870996e-06,0.3012378039609116,0.0684867893566379,-0.03905504803272679,0.07243946865016238,-0.06848989733269821,-0.03905710999252901,0.07243947228571081,-0.07039607639668571,0.03774914517576378,-0.06997027773847875,0.07040022372414116,0.037746465252618044,-0.06996654911189218,0.001219797258687252,-9.22432446083895e-08,0.6337886171093948,0.0012199075956628811,-9.224364212246072e-08,0.6338017384968695,-0.0012196100329808397,9.225003330638468e-08,-0.6338078725030168,-0.001220094821369156,9.223685342446556e-08,-0.6337824831032475
negative_JT,0.65,1.0533885341429857e-05,0.027043925758801046,0.000603547171938655,1.5495028074444324,-6.844346141562526e-06,0.00041553648789514484,-2.963629765472504e-07,0.3227214411812138,-0.4876059410011829,0.07245143375395828,5.478219123137341,5.478219123137341,4,0.00687209716172022,9.167535358719641e-06,0.3012416735092379,0.06849861983091567,-0.03905936223904548,0.07245142641198872,-0.06850171477153828,-0.03906142546121537,0.07245143375395828,-0.07040783514015547,0.0377531346718574,-0.06998139680958351,0.0704119672490022,0.037750456125941606,-0.06997767164096161,0.001220229687757979,-9.183199591418267e-08,0.6338915514651404,0.0012203410096585834,-9.183236777803541e-08,0.6339046751305649,-0.0012200434887069803,9.18387549855613e-08,-0.6339108099305658,-0.0012205272087093798,9.182560915074602e-08,-0.6338854166651403
negative_JT,0.66,1.0465674472194194e-05,0.02704809331176214,0.0005996389770145327,1.5497415906400003,-6.800389443816559e-06,0.0004175509939185794,-2.9673368034246203e-07,0.32272574669595083,-0.48768496414314655,0.07246342152116728,5.477443049272837,5.477443049272837,4,0.006869265532943927,9.178987576748499e-06,0.3012454849567435,0.06851046714744972,-0.03906370314224098,0.07246341049018046,-0.06851354910009591,-0.03906576762342591,0.07246342152116728,-0.07041961100383833,0.03775715050935945,-0.06999254010799011,0.07042372794484822,0.03775447333198386,-0.06998881838043595,0.0012206587867852475,-9.142287903832175e-08,0.6339946413469651,0.0012207710979615597,-9.142322446780227e-08,0.6340077672932967,-0.001220473609119499,9.142960759317116e-08,-0.6340139028884096,-0.0012209562756272914,9.141649546886365e-08,-0.6339885057518522
negative_JT,0.67,1.0397901443171536e-05,0.027052280257825335,0.0005957558684867168,1.5499814849784703,-6.756736827502679e-06,0.00041944057649922855,-2.9710489090122165e-07,0.32272998829591226,-0.4877640897994344,0.07247543294307829,5.476682065057679,5.476682065057679,4,0.006866454320533428,9.190398379429717e-06,0.30124923918593555,0.06852232896522202,-0.03906806912576933,0.07247541824049923,-0.06852539797704812,-0.03907013486286591,0.07247543294307829,-0.07043140158125602,0.03776119112433547,-0.07000370520095825,0.0704355034048189,0.037758515307333186,-0.0699999868974326,0.0012210845675426566,-9.101580983503533e-08,0.6340978650459421,0.0012211978713524362,-9.101612902421971e-08,0.6341109932756307,-0.0012209004061827602,9.102250834693858e-08,-0.6341171296669719,-0.0012213820327123676,9.100942962413804e-08,-0.6340917286546007
negative_JT,0.68,1.0330563247090957e-05,0.027056485365735572,0.0005918976740512753,1.550222419914124,-6.713382931164764e-06,0.0004212082229906244,-2.9747612184748637e-07,0.32273416694194546,-0.4878433017025003,0.07248746543750069,5.475935899656761,5.475935899656761,4,0.006863663199060933,9.201767962759202e-06,0.3012529370653858,0.06853420299898913,-0.03907245860982216,0.07248744708076274,-0.06853725911685091,-0.03907452559994087,0.07248746543750069,-0.07044320452332146,0.0377652549883408,-0.0700148897127641,0.07044729127945355,0.03776258052400748,-0.07001117481613402,0.0012215070419847522,-9.061072227425985e-08,0.6342012013709644,0.0012216213409095033,-9.061101565868319e-08,0.6342143318859729,-0.001221323892004497,9.061739176987862e-08,-0.6342204690745109,-0.001221804490889922,9.060434616306444e-08,-0.6341950641824267
negative_JT,0.6900000000000001,1.0263656925818866e-05,0.02706070743370935,0.0005880642242196381,1.5504643265898386,-6.670323114032593e-06,0.00042285685445430293,-2.978469479245705e-07,0.3227382835798462,-0.48792258398290655,0.07249951648433392,5.475204286921008,5.475204286921008,4,0.006860891848460729,9.213096516578099e-06,0.30125657944997297,0.06854608701936361,-0.03907687005128865,0.0724994944908665,-0.06854913028982154,-0.03907893829172035,0.07249951648433392,-0.07045501753841991,0.03776934060838127,-0.07002609132478216,0.07045908927677427,0.03776666748942272,-0.07002237981786245,0.001221926222204039,-9.020756340922217e-08,0.6343046296494597,0.0012220415179620362,-9.02078303381665e-08,0.6343177624512808,-0.0012217440788034667,9.021420302979095e-08,-0.6343239004378334,-0.0012222236613625582,9.02011902735085e-08,-0.6342984916629069
negative_JT,0.7000000000000001,1.0197179564024612e-05,0.027064945288799255,0.0005842553519556631,1.5507071378006783,-6.6275533215049784e-06,0.0004243893300044993,-2.9821699665923705e-07,0.3227423391406111,-0.4880019211671299,0.07251158362518477,5.474486965311839,5.474486965311839,4,0.006858139953932723,9.224384225771986e-06,0.30126016718111354,0.06855797885250903,-0.03908130194348689,0.07251155801240648,-0.06856100932183302,-0.0390833714316799,0.07251158362518477,-0.07046683839209605,0.03777344652665539,-0.07003730777517848,0.0704708951619693,0.03777077474614371,-0.0700335996407656,0.0012223421204355634,-8.98062895811797e-08,0.634408129724535,0.0012224584140586108,-8.98065305328679e-08,0.634421264814208,-0.0012221609789108772,8.981290035608821e-08,-0.6344274035994418,-0.0012226395555833898,8.979992020204863e-08,-0.6344019909393012
negative_JT,0.71,1.0131128283998087e-05,0.0270691977862944,0.0005804708923787064,1.5509507879595401,-6.585069970225542e-06,0.0004258084500322596,-2.9858594264617446e-07,0.32274633454068,-0.48808129817338947,0.07252366446269268,5.47378367782557,5.47378367782557,4,0.0068554072058508945,9.235631271165247e-06,0.3012637010869824,0.06856987637955532,-0.039085752815748956,0.07252363524800064,-0.06857289409372992,-0.039087823549281524,0.07252366446269268,-0.07047866490644901,0.03777757132014904,-0.07004853685831415,0.07048270675679096,0.037774900871484024,-0.07004483207921493,0.0012227547490266768,-8.940686589926297e-08,0.6345116819495142,0.001222872040953568,-8.940708067429974e-08,0.6345248193276414,-0.0012225746047565336,8.94134476235321e-08,-0.6345309589120702,-0.001223052185223796,8.940049983820904e-08,-0.634505542365086
negative_JT,0.72,1.006550024147898e-05,0.027073463809148025,0.0005767106825246565,1.5511952130643591,-6.542869860541327e-06,0.00042711695855447663,-2.9895350146950825e-07,0.32275027068217177,-0.48816070030633907,0.07253575665969007,5.473094171918202,5.473094171918202,4,0.006852693299675799,9.24683783020372e-06,0.3012671819827289,0.0685817775358567,-0.03909022123290561,0.07253572386045362,-0.06858478254058545,-0.03909229320946667,0.07253575665969007,-0.07049049495936913,0.03778171360013886,-0.0700597764239926,0.07049452193878968,0.03777904447701525,-0.07005607498304814,0.001223164120451823,-8.900926407550673e-08,0.634615267181035,0.0012232824105939668,-8.900945301135241e-08,0.6346284068477969,-0.00122298496887964,8.90158163621599e-08,-0.6346345472317808,-0.0012234615621662323,8.900290072469926e-08,-0.6346091267970511
negative_JT,0.73,1.0000292622309385e-05,0.02707774226742456,0.0005729745611541423,1.5514403506664274,-6.5009500967500285e-06,0.00042831754497836934,-2.993194249165038e-07,0.3227541484531143,-0.48824011325072925,0.07254785793821018,5.472418199430604,5.472418199430604,4,0.006849997935869679,9.258004077611784e-06,0.3012706106706861,0.06859368031010198,-0.039094705794696184,0.07254782157176365,-0.0685966726508134,-0.03909677901206511,0.07254785793821018,-0.07050232648362217,0.037785872011619745,-0.07007102437655567,0.07050633864039939,0.037783204207999244,-0.07006732625666098,0.0012235702473046084,-8.861345891883788e-08,0.6347188667707822,0.0012236895351156925,-8.861362206984288e-08,0.6347320087259509,-0.001223392083930261,8.861998234406422e-08,-0.6347381499096982,-0.001223867698490047,8.860709864461656e-08,-0.6347127255870346
negative_JT,0.74,9.93550263978328e-06,0.02708203209776218,0.0005692623686006701,1.5516861398396002,-6.4593080259327314e-06,0.0004294128454777924,-2.9968349574940406e-07,0.32275796872767065,-0.48831952306459603,0.07255996607842638,5.471755516514468,5.471755516514468,4,0.006847320819814105,9.269130185788445e-06,0.30127398794057797,0.06860558274336159,-0.03909920513513829,0.07255992616206434,-0.06860856246521314,-0.03910127959117032,0.07255996607842638,-0.07051415746586696,0.03779004523269729,-0.07008227867391285,0.07051815484795428,0.037787378742783886,-0.07007858385803356,0.0012239731423066595,-8.821943026795001e-08,0.6348224625566244,0.001224093426833757,-8.82195673797862e-08,0.6348356067995778,-0.0012237959626756377,8.822592502678578e-08,-0.634841748783145,-0.0012242706064648444,8.821307306503966e-08,-0.6348163205730577
negative_JT,0.75,9.871127532405986e-06,0.027086332262847644,0.0005655739466422497,1.5519325211502069,-6.417941204329682e-06,0.0004304054441878835,-3.000455251010573e-07,0.3227617323663604,-0.48839891617217973,0.07257207891755343,5.471105883559239,5.471105883559239,4,0.006844661661729142,9.280216325228971e-06,0.30127731456972,0.06861748292809436,-0.03910371792188076,0.07257203546852513,-0.0686204500759767,-0.03910579361449128,0.07257207891755343,-0.07052598594563339,0.03779423197396037,-0.07009353732653156,0.07052996860066651,0.03779156679217934,-0.070089845797717,0.0012243728183053758,-8.782716061163718e-08,0.6349260368533842,0.0012244940982428718,-8.782727215583298e-08,0.634939183383117,-0.0012241966180034287,8.783362659176814e-08,-0.6349453261664104,-0.0012246702985447373,8.782080617570204e-08,-0.6349198940700909
negative_JT,0.76,9.80716456216659e-06,0.02709064175090226,0.0005619091384024115,1.5521794366275983,-6.376847341562843e-06,0.00043129787423540323,-3.0040534810609446e-07,0.3227654402162781,-0.4884782793567727,0.07258419434873742,5.470469065120065,5.470469065120065,4,0.006842020176594449,9.291262664789548e-06,0.30128059132322,0.06862937900714497,-0.039108242855551076,0.07258414738424282,-0.06863233362568744,-0.03911031978270443,0.07258419434873742,-0.070537810014291,0.03779843097785195,-0.07010479839641637,0.07054177798959414,0.037795767098831486,-0.07010111013781095,0.0012247692882755715,-8.743663468311652e-08,0.6350295724435269,0.001224891562006677,-8.743671983819476e-08,0.6350427212586656,-0.0012245940629237145,8.744307201026636e-08,-0.6350488648414434,-0.0012250667873582722,8.743028295513414e-08,-0.6350234288607494
negative_JT,0.77,9.743611013136405e-06,0.027094959575177307,0.0005582677882699041,1.5524268297352377,-6.336024277460353e-06,0.0004320926186525031,-3.0076282141607827e-07,0.32276909311130797,-0.48855759975347335,0.07259631031993416,5.469844829846686,5.469844829846686,4,0.0068393960840713525,9.302269371913611e-06,0.3012838189541736,0.06864126917272775,-0.03911277866909675,0.07259625985712018,-0.06864421130630187,-0.03911485682879463,0.07259631031993416,-0.07054962781400195,0.03780264101803181,-0.07011605999607474,0.0705535811565947,0.03779997843658645,-0.07011237499092707,0.0012251625653224296,-8.70478382064239e-08,0.6351330525677218,0.0012252858309598346,-8.70478978849711e-08,0.6351462036665345,-0.0012249883105731228,8.705424698198586e-08,-0.6351523480484087,-0.001225460085709144,8.704148910940915e-08,-0.6351269081858476
negative_JT,0.78,9.680464190337913e-06,0.02709928477345845,0.00055464974183389,1.5526746453423044,-6.2954699542043604e-06,0.000432792111265058,-3.0111782023530974e-07,0.3227726918723353,-0.48863686484199825,0.07260842483279671,5.469232950413524,5.469232950413524,4,0.006836789108426586,9.313236612838106e-06,0.30128699820385707,0.06865315166541984,-0.039117324127134645,0.07260837088875378,-0.0686560813581442,-0.03911940351740675,0.07260842483279671,-0.07056143753668502,0.03780686089874773,-0.07012732028749123,0.07056537629328834,0.03780419960986549,-0.07012363851916108,0.001225552662678682,-8.666075874620189e-08,0.6352364609154844,0.0012256769180992186,-8.666079280818386e-08,0.6352496142958932,-0.0012253793742143927,8.666713898651705e-08,-0.6352557594763315,-0.0012258502065636704,8.665441212377948e-08,-0.6352303157350463
negative_JT,0.79,9.617721418817537e-06,0.027103616407578916,0.0005510548458308188,1.552922829695802,-6.255182399765262e-06,0.00043339873756418734,-3.014702363117745e-07,0.32277623730745486,-0.4887160624396509,0.07262053594158573,5.468633203450969,5.468633203450969,4,0.006834198978456971,9.324164552717604e-06,0.3012901298019175,0.06866502477317453,-0.039121878025312515,0.07262047853334597,-0.06866794206891873,-0.039123958644209166,0.07262053594158573,-0.07057323742299998,0.03781108945421961,-0.07013857748112265,0.07057716164004199,0.037808429453049096,-0.07013489893308718,0.0012259395937068514,-8.62753841983687e-08,0.6353397816160165,0.0012260648365785272,-8.627539277581593e-08,0.6353529372756057,-0.001225767267235898,8.628173649739917e-08,-0.6353590832539339,-0.0012262371630493603,8.626904047678547e-08,-0.6353336356376884
negative_JT,0.8,9.555380042949595e-06,0.027107953562941035,0.0005474829481045471,1.5531713303931438,-6.215159705537256e-06,0.00043391483550902566,-3.0181997606472984e-07,0.32277973021217565,-0.48879518069430233,0.07263264175208504,5.468045369477576,5.468045369477576,4,0.006831625427415504,9.335053355715555e-06,0.3012932144665604,0.06867688683033789,-0.039126439189676,0.07263258089661856,-0.06867979177272666,-0.039128521035260086,0.07263264175208504,-0.0705850257613351,0.037815325548026864,-0.07014982983489612,0.070588935484957,0.03781266682986626,-0.07014615449075437,0.001226323371891837,-8.589170372551333e-08,0.635442999229072,0.001226449599704933,-8.589168673537848e-08,0.6354561571651027,-0.0012261520031498002,8.589802790132068e-08,-0.6354623039405073,-0.0012266209684469497,8.588536255957116e-08,-0.6354368524536669
negative_JT,0.81,9.493437425808203e-06,0.027112295348046055,0.0005439338975703506,1.5534200963552143,-6.175400020323447e-06,0.0004343426964009614,-3.021669580549394e-07,0.32278317136962287,-0.4888742080776223,0.0726447404205519,5.4674692328337136,5.4674692328337136,4,0.0068290681929382945,9.345903185153975e-06,0.3012962529047334,0.06868873621669906,-0.03913100647605341,0.07264467613476606,-0.06869162884911603,-0.03913308954639506,0.0726447404205519,-0.07059680088683001,0.03781956807251488,-0.07016107565324203,0.07060069616289132,0.037816910632803166,-0.07015740349671834,0.0012267040108456745,-8.550970615326423e-08,0.6355460987361321,0.0012268312209325557,-8.550966403414702e-08,0.6355592589455473,-0.001226533595592947,8.551600272680913e-08,-0.63556540651708,-0.0012270016361851466,8.550336790469136e-08,-0.6355399511645994
negative_JT,0.8200000000000001,9.431890948697167e-06,0.027116640894032488,0.0005404075441879897,1.553669077799917,-6.135901538054085e-06,0.000434684565687649,-3.025111123148513e-07,0.3227865615507362,-0.4889531333783714,0.07265683015268028,5.466904581616136,5.466904581616136,4,0.0068265270169730295,9.356714203520733e-06,0.30129924581230727,0.06870057135655092,-0.03913557876945068,0.07265676245341753,-0.06870345172214223,-0.03913766306262167,0.07265683015268028,-0.07060856118040762,0.03782381594821039,-0.07017231328613564,0.07061244205449198,0.037821159782518154,-0.07016864430108286,0.001227081524300006,-8.512938193140908e-08,0.6356490655316803,0.0012272097138574314,-8.512931403163527e-08,0.6356622280111157,-0.001226912058321232,8.513565021059397e-08,-0.6356683763776939,-0.0012273791798361332,8.512304575245038e-08,-0.6356429171651025
negative_JT,0.8300000000000001,9.370738010749714e-06,0.027120989354222504,0.0005369037389387753,1.5539182262161855,-6.096662486582559e-06,0.0004349426437868692,-3.0285237869574867e-07,0.32278990151446557,-0.4890319456958574,0.07266890920258695,5.466351207613668,5.466351207613668,4,0.006824001645708212,9.367486572502411e-06,0.3013021938742554,0.06871239071777026,-0.03914015498345822,0.07266883810662253,-0.06871525885944961,-0.03914224049752758,0.07266890920258695,-0.07062030506782986,0.03782806812324862,-0.07018354112816205,0.07062417158524924,0.03782541322727112,-0.07017987529856265,0.0012274559261039194,-8.475071960651014e-08,0.6357518854146686,0.0012275850922119315,-8.475062647570697e-08,0.6357650501604674,-0.0012272874052094076,8.475696038641133e-08,-0.6357711993208772,-0.001227753613106483,8.474438613989501e-08,-0.6357457362542597
negative_JT,0.84,9.309976028605717e-06,0.02712533990367636,0.000533422333807075,1.5541674943384545,-6.057681126014667e-06,0.00043511908687884335,-3.0319070526284784e-07,0.32279319200796314,-0.489110634433462,0.07268097587180976,5.465808906244092,5.465808906244092,4,0.006821491829503768,9.378220453090172e-06,0.3013050977648283,0.06872419281091371,-0.0391447340596659,0.07268090139585254,-0.06872704877136394,-0.03914682079269702,0.07268097587180976,-0.07063203101876349,0.0378323235728086,-0.07019475761759186,0.07063588322456392,0.03782966994235896,-0.07019109492756011,0.001227827230224538,-8.437370993736198e-08,0.6358545445801052,0.0012279573698579095,-8.437359192492725e-08,0.6358677115883178,-0.0012276596502468445,8.4379923245332e-08,-0.6358738615412183,-0.0012281249498357787,8.436737906104646e-08,-0.6358483946272051
negative_JT,0.85,9.249602436155648e-06,0.027129691738755027,0.0005299631817656431,1.554416836121599,-6.018955737504588e-06,0.00043521600773210314,-3.035260484134312e-07,0.32279643376677275,-0.489189189292405,0.07269302850834204,5.465277476491996,5.465277476491996,4,0.0068189973228226786,9.388916005566978e-06,0.30130795814772715,0.06873597618833943,-0.039149314967099516,0.07269295066903073,-0.06873882001001808,-0.0391514029171444,0.07269302850834204,-0.0706437375458789,0.03783658129856811,-0.07020596123548849,0.07064757548484556,0.03783392892957062,-0.07020230166927113,0.0012281954507342805,-8.399834227373006e-08,0.6359570296109088,0.001228326560786504,-8.399819911058178e-08,0.6359701988773099,-0.0012280288075327127,8.400452782651169e-08,-0.6359763496212343,-0.001228493203987941,8.399201355780015e-08,-0.6359508788669843
negative_JT,0.86,9.189614684321665e-06,0.02713404407669053,0.0005265261367630777,1.554666206716318,-5.980484625277147e-06,0.0004352354764558801,-3.038583703408939e-07,0.32279962751501573,-0.48926760026548616,0.07270506550566423,5.464756720847724,5.464756720847724,4,0.006816517884163587,9.399573389518543e-06,0.301310775676273,0.06874773944333318,-0.03915389670165344,0.07270498431956904,-0.06875057116847479,-0.039155985866753194,0.07270506550566423,-0.07065542320394966,0.03784084032815721,-0.07021715050481671,0.07065924692061028,0.037838189216643,-0.07021349404679261,0.001228560601819779,-8.362460657051204e-08,0.6360593274697905,0.0012286926791039432,-8.362443830204878e-08,0.6360724989898827,-0.0012283948912768222,8.36307649069604e-08,-0.6360786505232443,-0.0012288583896470345,8.361828040968962e-08,-0.636053175936429
negative_JT,0.87,9.130010240866356e-06,0.02713839615516445,0.0005231110537128623,1.5549155624449833,-5.942266110157019e-06,0.0004351795213295883,-3.041876394545754e-07,0.32280277396557405,-0.48934585763113114,0.07271708530182068,5.464246445247488,5.464246445247488,4,0.0068140532759947,9.410192763864363e-06,0.3013135509935739,0.06875948120927082,-0.03915847828555255,0.07271700078544151,-0.0687623008798906,-0.03916056866373336,0.07271708530182068,-0.0706670865889898,0.0378450997146372,-0.07022832398958885,0.07067089612762029,0.03784244985673895,-0.0702246706242695,0.0012289226977688873,-8.325249278492229e-08,0.6361614254914689,0.0012290557390349246,-8.325229952840391e-08,0.6361745992604924,-0.0012287579157921396,8.32586238125145e-08,-0.6361807515815849,-0.0012292205210118331,8.324616894490091e-08,-0.6361552731703766
negative_JT,0.88,9.070786590229628e-06,0.027142747231894016,0.0005197177884840206,1.5551648607779252,-5.904298530300818e-06,0.00043505012954772425,-3.0451382925621056e-07,0.3228058738202703,-0.4894239519474046,0.07272908637849396,5.463746459014303,5.463746459014303,4,0.006811603264688601,9.420774286846764e-06,0.3013162847326899,0.0687712001587807,-0.03916305876681101,0.0727289985482602,-0.06877400781667756,-0.03916515035608291,0.07272908637849396,-0.07067872633739213,0.037849358535979066,-0.07023948029401099,0.07068252174202039,0.03784670992792623,-0.07023583000604029,0.0012292817529707845,-8.288199120721727e-08,0.6362633113748939,0.0012294157549124914,-8.28817729216262e-08,0.6362764873878342,-0.0012291178954916822,8.288809475322213e-08,-0.6362826404948354,-0.0012295796123916194,8.287566937562134e-08,-0.6362571582678924
negative_JT,0.89,9.011941233365972e-06,0.027147096584225854,0.0005163461978917919,1.5554140603101547,-5.866580235995243e-06,0.0004348492479829508,-3.0483691792602725e-07,0.3228089277700447,-0.4895018740462154,0.07274106726010708,5.463256574800062,5.463256574800062,4,0.006809167620458181,9.43131811608749e-06,0.3013189775167937,0.06878289500292971,-0.03916763721870792,0.07274097613237683,-0.06878569068969011,-0.039169730017062754,0.07274106726010708,-0.07069034112509096,0.03785361589455638,-0.07025061806165456,0.07069412243950148,0.0378509685326715,-0.07024697083580791,0.0012296377819106784,-8.251309067457126e-08,0.6363649731756926,0.0012297727411757092,-8.251284774346731e-08,0.6363781514272886,-0.0012294748448864778,8.251916722160084e-08,-0.6363843053182647,-0.0012299356782001453,8.250677119643774e-08,-0.6363588192847172
negative_JT,0.9,8.953471687638706e-06,0.02715144350873729,0.0005129961396915724,1.555663120738522,-5.829109591022643e-06,0.00043457878393273955,-3.051568876446522e-07,0.32281193649512974,-0.48957961502760095,0.0727530265129382,5.46277660852857,5.46277660852857,4,0.0068067461172936486,9.441824408501902e-06,0.3013216299593307,0.06879456449042284,-0.03917221273927015,0.07275293210399802,-0.06879734824742299,-0.039174306744680094,0.0727530265129382,-0.07070192966673691,0.03785787091664661,-0.07026173597463851,0.07070569693447451,0.03785522479734065,-0.07025809179582278,0.001229990799166952,-8.214578188908377e-08,0.636466399298725,0.0012301267123655457,-8.21455143086998e-08,0.6364795797834755,-0.0012298287785791604,8.215183150312586e-08,-0.6364857344563816,-0.0012302887329532603,8.213946469465772e-08,-0.6364602446258192
negative_JT,0.91,8.895375486693547e-06,0.02715578732084498,0.0005096674725716708,1.5559120028392905,-5.79188496847107e-06,0.00043424060585250186,-3.054737234121391e-07,0.3228149006652209,-0.48965716625412653,0.07276496274425293,5.462306379339496,5.462306379339496,4,0.0068043385329004565,9.452293320424939e-06,0.30132424266417474,0.06880620740681719,-0.03917678445076555,0.07276486507031867,-0.0688089792752267,-0.03917887966118405,0.07276496274425293,-0.07071349071488907,0.037862122751941334,-0.07027283275283057,0.0707172439792631,0.03785947787171219,-0.07026919160608164,0.0012303408194092773,-8.17800542513618e-08,0.6365675784907932,0.0012304776831135477,-8.177976189949994e-08,0.6365807612029637,-0.001230179711264422,8.178607716029272e-08,-0.6365869166556504,-0.0012306387912584575,8.177373943465826e-08,-0.6365614230381069
negative_JT,0.92,8.837650180368012e-06,0.027160127354420815,0.0005063600561481178,1.5561606684461309,-5.754904755088093e-06,0.00043383654407149895,-3.057874144799259e-07,0.32281782093964556,-0.48973451934539924,0.07277687460145657,5.4618457095333355,5.4618457095333355,4,0.00680194464863837,9.46272500748516e-06,0.301326816225782,0.06881782257375273,-0.03918135149920782,0.07277677367867126,-0.06882058259453754,-0.03918344791256652,0.07277687460145657,-0.0707250230592228,0.03786637057306833,-0.07028390715306174,0.07072876236331106,0.037863726928495704,-0.07028026902354458,0.0012306878573898577,-8.141589768249779e-08,0.6366684998334958,0.0012308256681492354,-8.14155811277946e-08,0.636681684767131,-0.0012305276577204566,8.142189379265e-08,-0.636687840997343,-0.0012309858678185947,8.140958501764241e-08,-0.6366623436032844
negative_JT,0.93,8.780293334553805e-06,0.02716446296141492,0.0005030737509567812,1.5564090804285204,-5.718167343395551e-06,0.0004333683915000094,-3.0609795205438174e-07,0.32282069796752855,-0.4898116661726323,0.07278876077125024,5.461394424517274,5.461394424517274,4,0.006799564249461421,9.473119624654037e-06,0.30132935122934235,0.06882940884819047,-0.03918591305386468,0.07278865661568563,-0.06883215706211548,-0.03918801066807402,0.07278876077125024,-0.07073652552574523,0.037870613575116674,-0.07029495796834971,0.07074025091239754,0.03786797116285984,-0.07029132284135699,0.001231031927943965,-8.105330184983235e-08,0.6367691527361499,0.0012311706822837438,-8.105296088834001e-08,0.6367823398850732,-0.001230872632807184,8.1059271568615e-08,-0.6367884968904552,-0.0012313299774204946,8.104699161364659e-08,-0.636762995730768
negative_JT,0.9400000000000001,8.723302531148354e-06,0.027168793511485736,0.0004998084184505891,1.5566572026705483,-5.681671138215115e-06,0.0004328379043530558,-3.064053299152087e-07,0.3228235323879554,-0.48988859885346225,0.07280061997882915,5.460952352752071,5.460952352752071,4,0.006797197123858795,9.483477326311654e-06,0.30133184825092796,0.06884096512168547,-0.039190468306788004,0.07280051260648532,-0.06884370156931724,-0.03919256711973716,0.07280061997882915,-0.0707479969760472,0.03787485097518296,-0.07030598402715899,0.07075170848788942,0.03787220979197853,-0.07030235188810914,0.001231373045985411,-8.069225695517597e-08,0.6368695269290393,0.0012315127404119712,-8.069189149232919e-08,0.6368827162868633,-0.0012312146514640307,8.069819985572936e-08,-0.636888874064963,-0.0012316711349336226,8.068594859177582e-08,-0.6368633691509398
negative_JT,0.9500000000000001,8.666675367919726e-06,0.027173118391637167,0.0004965639209917902,1.5569050000501252,-5.645414552712556e-06,0.0004322468028105787,-3.06709544106036e-07,0.3228263248301323,-0.4899653097467039,0.07281245098707069,5.4605193256996944,5.4605193256996944,4,0.006794843063796999,9.493798266122597e-06,0.3013343078576399,0.06885249031965061,-0.03919501647234008,0.07281234041387549,-0.0688552150413608,-0.03919711648189632,0.07281245098707069,-0.07075943630654631,0.03787908201191442,-0.07031698419265042,0.07076313398598337,0.03787644205457285,-0.0703133550270866,0.0012317112265031824,-8.033275211616714e-08,0.6369696124565833,0.0012318518575088688,-8.033236249673458e-08,0.6369828040167191,-0.0012315537287043528,8.033866887875063e-08,-0.6369889625649878,-0.0012320093553078925,8.032644617824033e-08,-0.6369634539083151
negative_JT,0.96,8.610409458451412e-06,0.027177437005862174,0.0004933401218487907,1.5571524384185633,-5.6093960096969966e-06,0.0004315967716903014,-3.070105925756068e-07,0.32282907591354426,-0.49004179144724025,0.07282425259574193,5.460095177771919,5.460095177771919,4,0.006792501864662532,9.504082597123567e-06,0.30133673060775196,0.06886398340064127,-0.03919955678673275,0.07282413883755187,-0.0688666964366081,-0.039201657990741115,0.07282425259574193,-0.0707708424477487,0.03788330594506299,-0.07032795736195063,0.0707745263369687,0.037880667210466734,-0.07032433115553931,0.0012320464845549522,-7.997477787177675e-08,0.6370693996706871,0.0012321880486212715,-7.997436429118967e-08,0.6370825934263442,-0.0012318898796117835,7.998066821309085e-08,-0.637088752742142,-0.001232344653564419,7.99684739498756e-08,-0.6370632403548897
negative_JT,0.97,8.554502432012012e-06,0.02718174877479323,0.0004901368851886867,1.5573994845805486,-5.573613942009956e-06,0.00043088946112004173,-3.0730847485120833e-07,0.3228317862481101,-0.49011803678108473,0.07283602364073605,5.459679746279825,5.459679746279825,4,0.006790173325205838,9.514330471710599e-06,0.30133911705085203,0.06887544335566158,-0.039204088507579116,0.07283590671333579,-0.06887814474587374,-0.03920619090386283,0.07283602364073605,-0.07078221436353731,0.037887522055053205,-0.07033890246544736,0.07078588450451426,0.037884884540154186,-0.07033527920397657,0.0012323788352672207,-7.961832337827423e-08,0.6371688792243039,0.0012325213288675208,-7.961788596331323e-08,0.6371820751685023,-0.0012322231193380648,7.962418786818825e-08,-0.6371882352490994,-0.0012326770447966251,7.961202191748844e-08,-0.637162719143707
negative_JT,0.98,8.498951933492243e-06,0.02718605313535919,0.00048695407607365627,1.5576461062744806,-5.538066787298395e-06,0.00043012648715589616,-3.076031917830237e-07,0.3228344564343349,-0.49019403880042145,0.07284776299330357,5.459272871384089,5.459272871384089,4,0.006787857247486026,9.52454204158613e-06,0.3013414677279817,0.0688868692074699,-0.03920861091344594,0.07284764291240652,-0.06888955899172808,-0.03921071449980683,0.07284776299330357,-0.070793551050455,0.03789172964255008,-0.07034981846607972,0.07079720748495276,0.037889093344368005,-0.07034619813545724,0.0012327082938307912,-7.926337919488313e-08,0.6372680420649849,0.0012328517134314583,-7.926291786561e-08,0.6372812401905593,-0.001232553463098728,7.926921741106733e-08,-0.637287401033139,-0.0012330065441632952,7.92570796494258e-08,-0.6372618812224048
negative_JT,0.99,8.44375562331977e-06,0.027190349540448484,0.0004837915604560785,1.5578922721531756,-5.502752997457845e-06,0.00042930943244795836,-3.078947460271352e-07,0.3228370870634603,-0.4902697907788198,0.07285946955931111,5.458874396046125,5.458874396046125,4,0.00678555343681641,9.534717457806453e-06,0.30134378317177296,0.06889826000990679,-0.03921312330342156,0.07285934634055927,-0.06890093822782663,-0.03921522807763952,0.07285946955931111,-0.07080485153701443,0.037895928028041474,-0.07036070435865417,0.07080849430658927,0.0378932929436609,-0.07035708694490658,0.0012330348754947447,-7.890993521784749e-08,0.6373668794286369,0.0012331792175599475,-7.890944958635235e-08,0.6373800797282418,-0.0012328809261680747,7.891574724949778e-08,-0.6373862413299041,-0.0012333331668863982,7.890363755470207e-08,-0.6373607178269745
negative_JT,1.0,8.388911177334242e-06,0.027194637458578873,0.00048064920517137456,1.5581379517649445,-5.467671032159388e-06,0.00042843984686784725,-3.081831410742866e-07,0.32283967871761193,-0.49034528620656187,0.0728711422785172,5.458484165980236,5.458484165980236,4,0.006783261701711165,9.544856870779904e-06,0.3013460639065826,0.06890961484723884,-0.03921762499669066,0.07287101593748313,-0.06891228153825604,-0.03921973095652685,0.0728711422785172,-0.07081611488302178,0.0379001165514305,-0.07037155916917658,0.07081974402902891,0.03789748267799696,-0.07036794465844862,0.0012333585955702448,-7.855797601237213e-08,0.6374653828334457,0.0012335038565541253,-7.85574666982953e-08,0.6374785852995621,-0.0012332055238737359,7.856376245181681e-08,-0.6374847476573253,-0.0012336569282503616,7.855168070293985e-08,-0.6374592204756826
negative_JT,1.01,8.334416286742465e-06,0.027198916373573277,0.0004775268779354386,1.5583831155350192,-5.4328193552327375e-06,0.0004275192481039613,-3.084683815703028e-07,0.3228422319699448,-0.4904205187859768,0.07288278012385237,5.458102029606263,5.458102029606263,4,0.006780981853832718,9.554960430259545e-06,0.3013483104486252,0.06892093283351024,-0.03922211533211866,0.07288265067603426,-0.0689235880368734,-0.03922422247530751,0.07288278012385237,-0.07082734017890965,0.037904294571622865,-0.07038238195418806,0.0708309557424963,0.037901661906349825,-0.07037877033273593,0.0012336794694079087,-7.820750317630409e-08,0.6375635440737937,0.0012338256457839025,-7.82069705511845e-08,0.6375767486987346,-0.0012335272716109083,7.821326404717897e-08,-0.6375829118095386,-0.0012339778435808632,7.820121012439884e-08,-0.6375573809629904
negative_JT,1.02,8.280268658009929e-06,0.027203185784241544,0.0004744244473384229,1.558627734747319,-5.398196446546131e-06,0.00042654912226966165,-3.0875047296067134e-07,0.3228447473847862,-0.490495482426908,0.07289438210071214,5.457727838003282,5.457727838003282,4,0.0067787137079399476,9.565028285310321e-06,0.3013505233061034,0.06893221311189719,-0.03922659366783235,0.07289424956153953,-0.0689348568666806,-0.03922870199209171,0.07289438210071214,-0.07083852654507236,0.037908461466140686,-0.0703931718001117,0.07084212856719144,0.03790583000629741,-0.07038956305430735,0.0012339975124248035,-7.7858501192829e-08,0.6376613552143582,0.001234144600655553,-7.785794464115147e-08,0.6376745619902773,-0.001233846184808601,7.786423602465416e-08,-0.6376807258509837,-0.0012342959282716972,7.785220980932631e-08,-0.6376551913536519
negative_JT,1.03,8.226466012746828e-06,0.027207445204068405,0.00047134178283820774,1.5588717815265725,-5.363800789825564e-06,0.00042553092450892593,-3.090294218708668e-07,0.32284722551777584,-0.49057017124227287,0.07290594724627271,5.457361444864007,5.457361444864007,4,0.006776457081837389,9.575060584329133e-06,0.3013527029793357,0.06894345485409195,-0.03923105938082618,0.07290581163110497,-0.06894608719919443,-0.0392331688838533,0.07290594724627271,-0.07084967313123273,0.037912616630728264,-0.07040392782262256,0.07085326165264241,0.037909986373642,-0.07040032193894974,0.001234312740076899,-7.751095835345673e-08,0.6377588085843333,0.0012344607366289045,-7.751037873298947e-08,0.6377720175032248,-0.001234162278947726,7.75166676338504e-08,-0.6377781821106241,-0.0012346111977581415,7.750466900850661e-08,-0.6377526439769345
negative_JT,1.04,8.173006087689551e-06,0.02721169416090693,0.0004682787547593401,1.5591152288207533,-5.329630877959934e-06,0.00042446607952986053,-3.0930523532613954e-07,0.32284966691600475,-0.4906445795436399,0.07291747462880525,5.457002706449852,5.457002706449852,4,0.006774211796325125,9.585057475110545e-06,0.30135484996088313,0.0689546572596813,-0.03923551186655924,0.07291733595293157,-0.06895727823382762,-0.039237622546031595,0.07291747462880525,-0.07086077911580133,0.03791675947896697,-0.0704146491660134,0.07086435417706692,0.03791413042202167,-0.07041104613106611,0.0012346251678652807,-7.71648662347049e-08,0.6378558967716679,0.0012347740692092717,-7.716426299176381e-08,0.6378691078253749,-0.0012344755695538252,7.717054996706797e-08,-0.6378752731761846,-0.0012349236675207914,7.715857881531152e-08,-0.637849731420858
negative_JT,1.05,8.119886634527714e-06,0.027215932196677953,0.000465235234283124,1.5593580503838582,-5.295685216939361e-06,0.0004233559822306633,-3.0957792115411344e-07,0.3228520721181506,-0.4907187018369896,0.07292896334701848,5.456651481547036,5.456651481547036,4,0.00677197767514955,9.59501910471902e-06,0.3013569647356724,0.06896581955555088,-0.039239950538572065,0.07292882162565813,-0.06896842919729435,-0.0392420623921484,0.07292896334701848,-0.07087184370526463,0.03792088944190596,-0.07042533500258932,0.07087540534676143,0.037918261582540594,-0.07042173480306982,0.001234934811331036,-7.68202150023078e-08,0.6379526126175363,0.001235084613941901,-7.681958826575673e-08,0.6379658257977585,-0.0012347860721919595,7.682587353077342e-08,-0.6379719918886277,-0.001235233353080851,7.681392973729114e-08,-0.6379464465266667
negative_JT,1.06,8.067105419843422e-06,0.027220158867075274,0.0004622110934441401,1.5596002207590176,-5.261962320154238e-06,0.00042220199824470687,-3.098474878763622e-07,0.3228544416546115,-0.4907925328185384,0.07294041252941216,5.456307631423213,5.456307631423213,4,0.006769754544954951,9.604945619582009e-06,0.3013590477811187,0.0689769409953008,-0.03924437482810974,0.07294026777771458,-0.06897953934302471,-0.03924648785342919,0.07294041252941216,-0.07088286613358225,0.03792500596769709,-0.07043598453207085,0.07088641439549873,0.03792237930340377,-0.07043238715478857,0.001235241686050607,-7.647699538906956e-08,0.6380489492109143,0.0012353923864114407,-7.647634548578346e-08,0.6380621645092078,-0.001235093802463377,7.648262871217353e-08,-0.6380683313367198,-0.0012355402699986396,7.647071216267952e-08,-0.6380427823834022
negative_JT,1.07,8.014660225022556e-06,0.02722437374127625,0.00045920620512516315,1.559841715261912,-5.2284607087190626e-06,0.00042100546448076425,-3.1011394441855945e-07,0.32285677604763807,-0.49086606737057,0.07295182133363079,5.455971019784881,5.455971019784881,4,0.006767542235235861,9.614837165477172e-06,0.30136109956724505,0.06898802085865956,-0.03924878418374289,0.07295167356667645,-0.06899060795058021,-0.03925089837842738,0.07295182133363079,-0.07089384566158495,0.037929108521230444,-0.07044659698099794,0.07089738058392495,0.037926483049553386,-0.07044300241286755,0.0012355458076379873,-7.613519766366755e-08,0.638144899883138,0.0012356974022363746,-7.613452465625834e-08,0.6381581172909262,-0.0012353987760047472,7.614080609138279e-08,-0.6381642848515986,-0.0012358444338695252,7.612891667263232e-08,-0.6381387323224658
negative_JT,1.08,7.962548846174576e-06,0.027228576401657777,0.00045622044305256655,1.5600825099645004,-5.195178914234893e-06,0.0004197676896633124,-3.1037730038499517e-07,0.3228590758114623,-0.4909393005573922,0.07296318894583699,5.4556415127354985,5.4556415127354985,4,0.006765340578290301,9.624693887506821e-06,0.30136312055680103,0.06899905845091794,-0.039253178071004334,0.07296303817863764,-0.06900163432508531,-0.03925529343265792,0.07296318894583699,-0.07090478157639103,0.03793319658378235,-0.07045717160215176,0.07090830319897645,0.03793057230231597,-0.07045357983019185,0.0012358471917354708,-7.579481277578774e-08,0.638240458202647,0.0012359996770666664,-7.579411738114222e-08,0.6382536777112187,-0.0012357010084817557,7.580039650064879e-08,-0.6382598460015088,-0.0012361458603204832,7.578853410037041e-08,-0.6382342899123574
negative_JT,1.09,7.910769094007392e-06,0.027232766443517586,0.00045325368178915354,1.5603225816790507,-5.162115477808731e-06,0.00041848995485606186,-3.106375655801039e-07,0.3228613414524252,-0.49101222762134733,0.07297451458009423,5.455318978734374,5.455318978734374,4,0.006763149409173545,9.634515930127132e-06,0.30136511120537807,0.06901005310236841,-0.03925755597202666,0.07297436082759236,-0.06901261779666956,-0.03925967249823621,0.07297451458009423,-0.07091567319083,0.03793726965266594,-0.07046770767398448,0.07091918155330339,0.03793464655905389,-0.07046411868531563,0.001236145854014444,-7.545583192265296e-08,0.6383356179697768,0.0012362992265824487,-7.545511286472166e-08,0.6383488395702981,-0.00123600051558933,7.546139036227454e-08,-0.6383550085866014,-0.0012364445650075212,7.544955486918929e-08,-0.6383294489534732
negative_JT,1.1,7.859318793765698e-06,0.02723694347480101,0.0004503057967306236,1.560561907942485,-5.129268949146889e-06,0.0004171735140150239,-3.108947503547628e-07,0.32286357346910177,-0.4910848439789867,0.072985797477773,5.455003288556254,5.455003288556254,4,0.006760968565652876,9.644303437109807e-06,0.3013670719615242,0.0690210041677695,-0.039261917385196625,0.07298564075484291,-0.06902355771992934,-0.0392640350735325,0.072985797477773,-0.0709265198428916,0.03794132724089735,-0.07047820450007335,0.07093001498471826,0.037938705332831196,-0.07047461828191674,0.001236441810171325,-7.511824551391313e-08,0.6384303732117913,0.0012365960664885362,-7.51175032718422e-08,0.6384435968953056,-0.0012362973130472202,7.512377874098304e-08,-0.6384497666339619,-0.0012367405636125094,7.51119700447723e-08,-0.6384242034731344
negative_JT,1.11,7.808195785130474e-06,0.02724110711583272,0.00044737666409981435,1.5608004670010094,-5.096637886036722e-06,0.00041581959445045717,-3.11148865547205e-07,0.32286577235242436,-0.4911571452171746,0.07299703690694757,5.454694315251475,5.454694315251475,4,0.0067587978881629845,9.654056551613265e-06,0.3013690032668561,0.06903191102579871,-0.03926626182480256,0.07299687722839562,-0.0690344534733824,-0.039268380672819445,0.07299703690694757,-0.07093732089516219,0.03794536887685562,-0.0704886614085628,0.07094080285563295,0.037942748152073526,-0.07048507794823884,0.0012367350759256827,-7.478204391630011e-08,0.6385247181778037,0.0012368902125126733,-7.47812793822372e-08,0.6385379439352377,-0.0012365914165972944,7.478755265362409e-08,-0.6385441143925309,-0.001237033871840914,7.477577064491324e-08,-0.6385185477205115
negative_JT,1.12,7.75739792213721e-06,0.027245256999053367,0.0004444661609420166,1.5610382377950247,-5.064220856580475e-06,0.00041442939736784437,-3.1139992214123e-07,0.322867938585804,-0.49122912708936173,0.07300823216181786,5.454391934106921,5.454391934106921,4,0.006756637219762112,9.663775416084075e-06,0.3013709055561698,0.06904277307852981,-0.03927058882069753,0.07300806954238241,-0.06904530445894413,-0.03927270882593442,0.07300823216181786,-0.0709480757342864,0.03794939410395728,-0.07049907775163079,0.0709515445525194,0.037946774560242306,-0.07049549703655748,0.0012370256670144392,-7.444721930587244e-08,0.6386186473339134,0.001237181680402016,-7.444643194661683e-08,0.6386318751560816,-0.0012368828419993343,7.445270311904337e-08,-0.6386380463282411,-0.0012373245054170482,7.444094768935671e-08,-0.638612476161754
negative_JT,1.1300000000000001,7.706923073065703e-06,0.027249392768761586,0.00044157416511865933,1.5612751999443437,-5.032016439227903e-06,0.00041300409835046066,-3.116479314859872e-07,0.32287007264524903,-0.49130078551194467,0.07301938256214581,5.4540960226076685,5.4540960226076685,4,0.006754486406088877,9.673460172360992e-06,0.30137277925754913,0.06905358975092211,-0.03927489791796863,0.07301921701649801,-0.0690561101014178,-0.039277019077950254,0.07301938256214581,-0.07095878377044328,0.037953402480337455,-0.07050945290497097,0.07096223948538641,0.03795078411551687,-0.07050587492266236,0.001237313599194596,-7.41137618797471e-08,0.6387121553584785,0.001237470485921563,-7.411295219855685e-08,0.6387253852360875,-0.001237171605031829,7.411922151826462e-08,-0.6387315571192931,-0.0012376124800843962,7.410749256003935e-08,-0.6387059834752734
negative_JT,1.1400000000000001,7.656769120346378e-06,0.027253514080860623,0.00043870055530194336,1.5615113337336748,-5.000023220139159e-06,0.00041154484784620754,-3.118929053226938e-07,0.32287217499948306,-0.49137211656064134,0.07303048745269305,5.45380646039913,5.45380646039913,4,0.006752345295319874,9.683110961620206e-06,0.3013746247924726,0.0690643604903122,-0.03927918867661044,0.07303031899543655,-0.06906686984798513,-0.039281310988846956,0.07303048745269305,-0.07096944443682107,0.03795739357853368,-0.07051978626727196,0.07097288708725441,0.03795477639047762,-0.07051621100533692,0.0012375988882346895,-7.378166323809037e-08,0.6388052371373861,0.0012377566448509045,-7.378083150125994e-08,0.6388184690610395,-0.0012374577214857778,7.378709888844213e-08,-0.6388246416514198,-0.001237897811599822,7.377539629499741e-08,-0.6387990645470056
negative_JT,1.1500000000000001,7.6069339604881226e-06,0.027257620602609865,0.00043584521097070556,1.561746620098385,-4.968239795378663e-06,0.00041005277163620827,-3.1213485548557086e-07,0.32287424611006005,-0.4914431164669486,0.07304154620267161,5.453523129249999,5.453523129249999,4,0.006750213738127908,9.692727924344314e-06,0.30137644257591906,0.06907508476591709,-0.039283460671203266,0.07304137484834332,-0.06907758316770987,-0.03928558413319125,0.07304154620267161,-0.07098005718910685,0.03796136698517635,-0.07053007725971225,0.07098348681364486,0.03795875097179666,-0.07052650470585281,0.0012378815499155694,-7.345091592044497e-08,0.6388978877594418,0.0012380401729808366,-7.345006067439111e-08,0.638911121719643,-0.0012377412071637734,7.34563262426146e-08,-0.6389172950132809,-0.001238180515732438,7.34446499081323e-08,-0.6388917144658044
negative_JT,1.16,7.55741550395639e-06,0.027261712012380788,0.00043300801240343524,1.5619810406105175,-4.936664771544638e-06,0.00040852897128131993,-3.1237379397686974e-07,0.32287628643147764,-0.4915137816146231,0.07305255820519939,5.453245913015621,5.453245913015621,4,0.006748091587641043,9.702311200430002e-06,0.3013782330164706,0.06908576206833952,-0.03928771349059588,0.07305238396826964,-0.06908824955104384,-0.039289838099818994,0.07305255820519939,-0.07099062150497894,0.03796532230068178,-0.07054032532545693,0.07099403814207175,0.03796270745993082,-0.070536755467467,0.0012381616000269064,-7.31215091079432e-08,0.6389901025117932,0.0012383210861107927,-7.31206320368313e-08,0.6390033384989511,-0.001238022077876976,7.312689566262152e-08,-0.6390095124918829,-0.0012384606082606136,7.311524548215298e-08,-0.6389839285188619
negative_JT,1.17,7.508211675107334e-06,0.027265787999417788,0.0004301888406745003,1.5622145774650875,-4.9052967614161675e-06,0.0004069745246257515,-3.12609733261076e-07,0.322878296411289,-0.4915841085363688,0.07306352287678532,5.452974697602262,5.452974697602262,4,0.00674597869940205,9.711860929094958e-06,0.3013799965164143,0.06909639190910488,-0.03929194673760409,0.07306334577165802,-0.06909886850936224,-0.039294072491533334,0.07306352287678532,-0.07100113688362739,0.03796925913896149,-0.0705505299291837,0.07100454057156358,0.03796664546883112,-0.07054696275494768,0.0012384390543647686,-7.279343597878122e-08,0.6390818768756028,0.0012385994000477043,-7.279253682619545e-08,0.6390951148800351,-0.0012383003494424861,7.279879846778368e-08,-0.6391012895682537,-0.0012387381049697955,7.278717433719299e-08,-0.639075702187385
negative_JT,1.18,7.459320412089612e-06,0.027269848263603635,0.00042738757764852075,1.5624472134666447,-4.8741343885610436e-06,0.0004053904862182677,-3.1284268585898907e-07,0.32288027649021267,-0.4916540939104616,0.07307443965680671,5.452709370931826,5.452709370931826,4,0.006743874931328777,9.721377248910737e-06,0.3013817334718428,0.06910697382018637,-0.039296160028705576,0.07307425969781987,-0.06910943957449033,-0.039298286924800044,0.07307443965680671,-0.0710116028452675,0.03797317712712725,-0.07056069055660086,0.07101499362217603,0.03797056462564804,-0.0705571260540921,0.0012387139287298083,-7.246668748751618e-08,0.639173206521662,0.0012388751306027308,-7.246576615589446e-08,0.6391864465335984,-0.001238576037682601,7.247202613574762e-08,-0.6391926219130548,-0.0012390130216500274,7.246042795175223e-08,-0.6391670311422062
negative_JT,1.19,7.410739666758126e-06,0.027273892515229117,0.00042460410597542676,1.5626789320160737,-4.843176285050904e-06,0.00040377788776360223,-3.1307266450037144e-07,0.32288222710224024,-0.49172373455746454,0.0730853080069991,5.452449822907119,5.452449822907119,4,0.006741780143675138,9.730860297813699e-06,0.30138344427275227,0.06911750735354444,-0.03930035299374269,0.07308512520842499,-0.06911996229824155,-0.039302481029450026,0.0730853080069991,-0.07102201893066512,0.03797707590520502,-0.07057080671397636,0.07102539683451697,0.03797446457044463,-0.07056724487125617,0.0012389862389229232,-7.214125592573343e-08,0.6392640873061055,0.001239148293587962,-7.214031205560966e-08,0.6392773293156925,-0.0012388491584183338,7.214657038266636e-08,-0.6392835053822975,-0.0012392853740925242,7.213499804276596e-08,-0.6392579112395004
negative_JT,1.2,7.362467404584803e-06,0.027277920474767275,0.0004218383090853463,1.5629097170976596,-4.812421092014695e-06,0.0004021377385516587,-3.1329968216496114e-07,0.3228841486747433,-0.49179302743703546,0.07309612741096214,5.452195945377796,5.452195945377796,4,0.0067396941989925786,9.740310213092242e-06,0.30138512930313993,0.0691279920806794,-0.03930452527563329,0.07309594178700776,-0.06913043625197077,-0.03930665444839047,0.07309612741096214,-0.07103238470067663,0.03798095512585477,-0.07058087792768337,0.07103574976928691,0.03797834495591747,-0.0705773187328993,0.0012392560007449215,-7.181713291740756e-08,0.6393545152662627,0.0012394189048143553,-7.18161671723268e-08,0.6393677592635671,-0.0012391197274713335,7.182242289952373e-08,-0.6393739360131947,-0.0012395551780877475,7.181087630203224e-08,-0.6393483385166358
negative_JT,1.21,7.314501604536356e-06,0.027281931872651752,0.0004190900711816019,1.5631395532663879,-4.78186746265905e-06,0.00040047102588217114,-3.135237517737477e-07,0.3228860416285774,-0.491861969644771,0.07310689737366975,5.451947632106905,5.451947632106905,4,0.006737616962092373,9.74972713139775e-06,0.3013867889410982,0.06913842759218762,-0.03930867653008408,0.0731067089384768,-0.06914086102613125,-0.039310806837317525,0.07310689737366975,-0.07104269973579234,0.037984814454094115,-0.07059090374374732,0.07104605200682156,0.0379822054471196,-0.07058734718513222,0.0012395232299939071,-7.149430954911439e-08,0.6394444866165401,0.0012396869800917602,-7.14933219946099e-08,0.6394577325915527,-0.001239387760660462,7.14995764719022e-08,-0.6394639100200383,-0.001239822449425239,7.14880555159113e-08,-0.6394383091880551
negative_JT,1.22,7.266840259028517e-06,0.027285926449059434,0.00041635927723808794,1.5633684256354907,-4.751514053307272e-06,0.00039877871548071376,-3.1374488653057767e-07,0.32288790637818543,-0.49193055840909994,0.07311761742098803,5.45170477873786,5.45170477873786,4,0.006735548300008354,9.759111188757365e-06,0.30138842355890993,0.06914881349732734,-0.039312806425310445,0.07311742618863376,-0.06915123622983799,-0.03931493786443701,0.07311761742098803,-0.07105296363568822,0.03798865356702821,-0.07060088372740231,0.07105630314664509,0.037986045721190735,-0.07059732979327295,0.001239787942461746,-7.117277892521127e-08,0.6395339977443804,0.0012399525352221202,-7.117176963416733e-08,0.6395472456870182,-0.0012396532737969565,7.117802220904856e-08,-0.6395534237901633,-0.0012400872038870244,7.116652679441928e-08,-0.6395278196412355
negative_JT,1.23,7.219481373810911e-06,0.027289903953697195,0.0004136458129926746,1.563596319864228,-4.721359534972986e-06,0.0003970617519210961,-3.1396309971289957e-07,0.32288974333169834,-0.4919987910882835,0.07312828709921002,5.4514672827621675,5.4514672827621675,4,0.0067334880819604455,9.76846252054662e-06,0.3013900335231393,0.06915914942359565,-0.039316914641763144,0.07312809308370675,-0.06916156149044723,-0.039319047210190236,0.07312828709921002,-0.0710631760187929,0.03799247215358572,-0.07061081746266185,0.07106650280703516,0.03798986546709288,-0.07060726614141746,0.0012400501539331003,-7.085253325755423e-08,0.639623045206347,0.0012402155860020995,-7.085150210631591e-08,0.6396362951064595,-0.0012399162826855917,7.085775244622079e-08,-0.6396424738800328,-0.0012403494572494878,7.084628247356016e-08,-0.6396168664327737
negative_JT,1.24,7.172422967907094e-06,0.02729386414559278,0.00041094956494377234,1.563823222145907,-4.691402579908145e-06,0.0003953210590249459,-3.1417840492642705e-07,0.3228915528910352,-0.49206666516743924,0.0731389059745941,5.4512350434875465,5.4512350434875465,4,0.006731436179318589,9.777781261516804e-06,0.30139161919472357,0.06916943501631244,-0.03932100087185986,0.07313870918989007,-0.06917183645313967,-0.03932313456698617,0.0731389059745941,-0.07107333652185824,0.03799626991425911,-0.07062070455189376,0.07107665062459487,0.03799366438535122,-0.07061715583201543,0.0012403098801818649,-7.053356373814483e-08,0.6397116257242593,0.0012404761482166615,-7.053251096304828e-08,0.63972487757163,-0.0012401768031201808,7.05387596652602e-08,-0.6397310570113672,-0.0012406092252784228,7.052731503593292e-08,-0.6397054462845219
negative_JT,1.25,7.125663073502707e-06,0.027297806792889734,0.0004082704203439236,1.564049119196131,-4.66164188037501e-06,0.00039355754024101067,-3.1439081585134005e-07,0.3228933354520007,-0.4921341782556273,0.07314947363291187,5.451007962006639,5.451007962006639,4,0.006729392465567525,9.787067545780372e-06,0.30139318092906164,0.06917966993821104,-0.039325064819719605,0.07314927409289118,-0.06918206078050984,-0.039327199638935356,0.07314947363291187,-0.07108344479953799,0.03800004656084898,-0.07063054461540323,0.07108674625383067,0.03799744218779814,-0.07062699848545197,0.001240567136971789,-7.02158633398399e-08,0.6397997361813921,0.0012407342376411295,-7.021478895320275e-08,0.6398129899657423,-0.0012404348508839363,7.022103583847013e-08,-0.6398191700673505,-0.0012408665237291457,7.020961645457254e-08,-0.6397935560797839
negative_JT,1.26,7.0791997358156e-06,0.027301731672645848,0.00040560826719236124,1.5642739982412528,-4.632076130908233e-06,0.00039177207905116403,-3.1460034582484736e-07,0.3228950914043817,-0.49220132808295364,0.0731599896789983,5.450785941166308,5.450785941166308,4,0.00672735681627176,9.796321506838316e-06,0.30139471907610166,0.06918985386903193,-0.03932910620090153,0.07315978739748195,-0.06919223415216072,-0.03933124214158959,0.0731599896789983,-0.07109350052397004,0.038003801816211824,-0.07064033729101794,0.07109678936673468,0.03800119859732097,-0.07063679373963411,0.0012408219400517578,-6.989942451514631e-08,0.6398873736187008,0.001240989870034242,-6.989832912273622e-08,0.6399006293296906,-0.0012406904417438993,6.990457393677913e-08,-0.6399068100888478,-0.001241121368342211,6.98931797011034e-08,-0.639881192859544
negative_JT,1.27,7.033031013075565e-06,0.02730563857063601,0.0004029629942338476,1.5644978470070772,-4.602704033039779e-06,0.0003899655393626772,-3.1480700880179074e-07,0.32289682113204193,-0.49226811249785823,0.0731704537363317,5.4505688855374075,5.4505688855374075,4,0.00672532910904156,9.80554327757469e-06,0.30139623398042814,0.06919998650514166,-0.03933312474215775,0.07317024872707663,-0.06920235626432392,-0.03933526180169327,0.0731704537363317,-0.07110350338438452,0.03800753541402083,-0.0706500822337012,0.07110677965239331,0.03800493334762308,-0.07064654124960298,0.0012410743051542881,-6.958423950872909e-08,0.6399745352312907,0.001241243061141645,-6.958312238047341e-08,0.6399877928585272,-0.0012409435914528945,6.958936575860264e-08,-0.6399939742708831,-0.0012413737748430138,6.957799657468908e-08,-0.6399683538189349
negative_JT,1.28,6.987154976420128e-06,0.027309527281158597,0.0004003344909527036,1.5647206537077696,-4.5735242993836565e-06,0.0003881387658616823,-3.150108186112603e-07,0.32289852501301564,-0.4923345294643025,0.07318086544659648,5.450356701385064,5.450356701385064,4,0.0067233092234992116,9.814732990234711e-06,0.30139772598134645,0.06921006755913933,-0.039337120181178756,0.07318065772329702,-0.0692124268294632,-0.03933925835693047,0.07318086544659648,-0.07111345308669854,0.038011247098520946,-0.07065977911514945,0.07111671681658097,0.03800864618297859,-0.07065624068713182,0.0012413242479950713,-6.92703010374168e-08,0.64006121836476,0.0012414938266886893,-6.9269162627982e-08,0.6400744778977963,-0.001241194315744541,6.927540416871e-08,-0.6400806599589763,-0.0012416237589392173,6.926405994077802e-08,-0.6400550363035804
negative_JT,1.29,6.941569709805176e-06,0.02731339760684544,0.0003977226475676882,1.564942407034967,-4.5445356513330696e-06,0.0003862925843885855,-3.1521178927968605e-07,0.322900203419599,-0.4924005770590919,0.07319122446926786,5.45014929663939,5.45014929663939,4,0.006721297041245859,9.823890776435711e-06,0.3013991954129666,0.06922009675947967,-0.03934109226635091,0.07319101404555511,-0.06922244557590011,-0.03934323155568065,0.07319122446926786,-0.07112334935312849,0.0380149366242939,-0.07066942762340847,0.07112660058137303,0.03801233685799751,-0.07066589174034235,0.001241571784268225,-6.895760157348094e-08,0.6401474205117047,0.0012417421823826033,-6.895644199087452e-08,0.6401606819400435,-0.0012414426303322126,6.896268190979086e-08,-0.6401668646456482,-0.001241871336318965,6.895136254274303e-08,-0.6401412378061003
negative_JT,1.3,6.896273309912682e-06,0.027317249358475643,0.0003951273550267115,1.56516309614711,-4.515736817641607e-06,0.00038442780230493284,-3.154099347222402e-07,0.32290185671844057,-0.49246625346923223,0.07320153048120111,5.44994658086689,5.44994658086689,4,0.006719292445829003,9.833016767205458e-06,0.30140064260428523,0.06923007385010253,-0.03934504075651541,0.07320131737064367,-0.06923241224744223,-0.03934718115677943,0.07320153048120111,-0.07113319192180861,0.0380186037560265,-0.07067902746249596,0.07113643068476459,0.038016005137394455,-0.0706754941133266,0.0012418169296474226,-6.864613439870627e-08,0.6402331393082743,0.0012419881439078842,-6.864495324905056e-08,0.6402464026213732,-0.0012416885509076653,6.865119112416098e-08,-0.6402525859669805,-0.0012421165226478177,6.863989652359588e-08,-0.640226955962668
negative_JT,1.31,6.851263886067051e-06,0.027321082354792806,0.0003925485050020413,1.5653827106589726,-4.487126537435226e-06,0.00038254520883342487,-3.1560526913823636e-07,0.32290348527063,-0.4925315569893656,0.07321178317623415,5.449748465242167,5.449748465242167,4,0.006717295322710485,9.842111092925584e-06,0.301402067879267,0.06923999859007322,-0.039348965420735876,0.0732115673923387,-0.06924232660302373,-0.03935110692928524,0.07321178317623415,-0.07114298054642167,0.03802224826828531,-0.07068857835203508,0.07114620688029971,0.03801965079576297,-0.07068504752578134,0.0012420596997844507,-6.833589142029781e-08,0.6403183725308457,0.0012422317269265757,-6.833468954829707e-08,0.6403316377181171,-0.00124193209314049,6.83409254482076e-08,-0.6403378216992828,-0.0012423593335704843,6.832965552038729e-08,-0.6403121885496799
negative_JT,1.32,6.806539560152187e-06,0.02732489642232578,0.00038998598988555203,1.56560124063139,-4.458703556322623e-06,0.0003806455754168708,-3.1579780658480964e-07,0.3229050894317855,-0.4925964860191569,0.0732219822647813,5.449554862520134,5.449554862520134,4,0.006715305559234896,9.85117388340094e-06,0.3014034715569232,0.06924987075321565,-0.03935286603806282,0.07322176382099224,-0.06925218841633862,-0.039355008652243076,0.0732219822647813,-0.07115271499582024,0.0380258699452897,-0.07069808002687925,0.07115592893669491,0.03802327361734869,-0.07069455171263278,0.001242300110301641,-6.802686609680206e-08,0.6404031180926031,0.001242472947073882,-6.802564293497675e-08,0.6404163851434177,-0.0012421732726719272,6.803187741200894e-08,-0.640422569755678,-0.001242599784703598,6.80206320638591e-08,-0.640396933480343
negative_JT,1.33,6.762098466529824e-06,0.027328691395212976,0.0003874397027840449,1.5658186765611928,-4.430466630432382e-06,0.00037872965606451685,-3.159875615134349e-07,0.32290666955213965,-0.492661039060899,0.0732321274734617,5.4493656870088625,5.4493656870088625,4,0.006713323044598636,9.860205267793886e-06,0.30140485395139116,0.06925969012777623,-0.03935674239731323,0.07323190638316178,-0.06926199747550418,-0.0393588861144655,0.0732321274734617,-0.07116239505368212,0.038029468580699645,-0.07070753223677102,0.07116559663749217,0.03802687339583624,-0.07070400642369512,0.001242538176798307,-6.771905126642614e-08,0.640487374040428,0.0012427118199600457,-6.771780739938617e-08,0.6405006429441186,-0.001242412105118021,6.772404020746325e-08,-0.6405068281829913,-0.0012428378916403394,6.771281934652749e-08,-0.6404811888015558
negative_JT,1.34,6.717938751955885e-06,0.027332467115030092,0.00038490953751445586,1.5660350093713375,-4.402414521973784e-06,0.00037679818769400874,-3.161745480493616e-07,0.32290822597662416,-0.4927252147170486,0.07324221854471594,5.4491808545427185,5.4491808545427185,4,0.006711347669819438,9.869205374693653e-06,0.3014062153720104,0.06926945651607798,-0.03936059429684842,0.07324199482122631,-0.06927175358271564,-0.03936273911430994,0.07324221854471594,-0.07117202051815341,0.038033043977400136,-0.07071693474598861,0.07117520978070395,0.03803044993413593,-0.07071341142331669,0.0012427739148430255,-6.741244055260181e-08,0.6405711385516857,0.0012429483611646397,-6.741117572322907e-08,0.640584409297551,-0.001242648606065456,6.741740637067024e-08,-0.6405905951585351,-0.0012430736699421507,6.740620990516067e-08,-0.6405649526907016
negative_JT,1.35,6.674058575493258e-06,0.027336223430621028,0.000382395388598858,1.5662502304012174,-4.374546002592719e-06,0.0003748518904365042,-3.163587806737171e-07,0.3229097590449533,-0.4927890116877895,0.07325225523642843,5.44900028245596,5.44900028245596,4,0.0067093793277064094,9.878174332045154e-06,0.3014075561233991,0.0692791697341785,-0.039364421544352865,0.07325202889300915,-0.06928145655390396,-0.03936656745945663,0.07325225523642843,-0.07118159120149767,0.0380365959472884,-0.07072628733299753,0.0711847681784612,0.03803400304416869,-0.07072276649003292,0.0012430073399741573,-6.710702613039562e-08,0.6406544099310572,0.0012431825862382734,-6.710574072995412e-08,0.6406676825083604,-0.0012428827910698698,6.711196928875397e-08,-0.6406738689869397,-0.0012433071351422864,6.710079712750656e-08,-0.6406482234524782
negative_JT,1.36,6.630456108431897e-06,0.02733996019793207,0.0003798971512598838,1.5664643313971625,-4.346859853795068e-06,0.00037289146798049743,-3.1654027373954525e-07,0.3229112690917052,-0.49285242876873236,0.07326223732156983,5.448823889556897,5.448823889556897,4,0.0067074179128305145,9.88711226723478e-06,0.3014088765055282,0.06928882961154767,-0.03936822395662422,0.07326200837141969,-0.06929110621841306,-0.039370370966699764,0.07326223732156983,-0.07119110692976344,0.038040124311070934,-0.07073558979012154,0.07119427165668062,0.03803753254666422,-0.07073207141623633,0.0012432384676984763,-6.680280203918109e-08,0.6407371866075373,0.001243414510699952,-6.680149579260358e-08,0.6407504610055127,-0.00124311467565583,6.680772288967295e-08,-0.6407566480971545,-0.0012435383027426024,6.679657494211171e-08,-0.6407309995158961
negative_JT,1.37,6.587129534187661e-06,0.02734367727984937,0.0003774147214149289,1.5666773045031281,-4.3193548630471754e-06,0.0003709176078842796,-3.1671904163777717e-07,0.322912756446403,-0.49291546484858745,0.07327216458783478,5.448651596102398,5.448651596102398,4,0.006705463321495525,9.896019307015552e-06,0.3014101768137949,0.06929843599074006,-0.039372001359362044,0.07327193304409214,-0.06930070241867264,-0.039374149461736285,0.07327216458783478,-0.07120056754244747,0.038043628898059734,-0.07074484192320939,0.071203720054729,0.03804103827095773,-0.0707413260078428,0.001243467313489799,-6.649976147801727e-08,0.6408194671314047,0.0012436441500332988,-6.649843467804539e-08,0.6408327433392582,-0.0012433442753140129,6.650465998992769e-08,-0.6408389310394165,-0.0012437671882089712,6.649353616613499e-08,-0.6408132794312467
negative_JT,1.3800000000000001,6.544077048258761e-06,0.02734737454603947,0.0003749479956736566,1.5668891422515574,-4.292029826124274e-06,0.0003689309818856217,-3.168950989511237e-07,0.32291422143359383,-0.49297811890692916,0.07328203683729562,5.448483323772845,5.448483323772845,4,0.006703515451709597,9.90489557756554e-06,0.3014114573390946,0.06930798872708198,-0.03937575358696492,0.07328180271303832,-0.06931024500988532,-0.03937790277896175,0.07328203683729562,-0.07120997289217289,0.038047109545976426,-0.07075404355131502,0.07121311322510074,0.03804452005479235,-0.07075053008397349,0.001243693892786053,-6.619789748235455e-08,0.6409012501713132,0.0012438715196891406,-6.619655028419319e-08,0.6409145281782245,-0.0012435716054993687,6.620277377795391e-08,-0.6409207164823403,-0.0012439938069758447,6.619167398859382e-08,-0.6408950618671978
negative_JT,1.3900000000000001,6.501296858105851e-06,0.027351051872793016,0.0003724968713311277,1.567099837554426,-4.264883548338499e-06,0.00036693224621245823,-3.17068460143496e-07,0.32291566437292685,-0.49304039001197025,0.07329185388605598,5.448318995647579,5.448318995647579,4,0.006701574203157138,9.913741204464126e-06,0.30141271836789235,0.06931748768835919,-0.03937948048232762,0.07329161719430162,-0.06931973385971361,-0.0393816307612691,0.07329185388605598,-0.07121932284436773,0.03805056610075632,-0.07076319450637923,0.07122245103309563,0.038047977744125314,-0.07075968347663457,0.0012439182209889842,-6.58972046287434e-08,0.6409825345113909,0.0012440966350797367,-6.589583676610706e-08,0.640995814306518,-0.001243796681630661,6.59020583972148e-08,-0.6410020032100201,-0.0012442181744380851,6.589098255354644e-08,-0.6409763456078889
negative_JT,1.4000000000000001,6.458787183117004e-06,0.027354709142871407,0.0003700612463657939,1.5673093836944574,-4.237914840471858e-06,0.00036492204188228676,-3.172391397732964e-07,0.3229170855792299,-0.493102277318415,0.07330161556391604,5.448158536180665,5.448158536180665,4,0.006699639477171274,9.922556312686538e-06,0.30141396018229244,0.06932693275451249,-0.0393831818966441,0.07330137631762405,-0.06932916884798032,-0.03938533325985303,0.07330161556391604,-0.07122861727695218,0.038053998416361395,-0.07077229463292094,0.071231733356511,0.03805141119293589,-0.07076878603041202,0.0012441403134675808,-6.559766936992144e-08,0.6410633190484415,0.0012443195115766142,-6.559628143058781e-08,0.6410766006209208,-0.0012440195190832307,6.560250139329344e-08,-0.6410827901192273,-0.0012444403059606764,6.559144940721584e-08,-0.6410571295501349
negative_JT,1.41,6.416546254473833e-06,0.027358346245356525,0.00036764101943182696,1.5675177743165112,-4.211122526067423e-06,0.00036290099500174906,-3.17407152592342e-07,0.32291848536258494,-0.4931637800653305,0.07331132171404545,5.44800187117712,5.44800187117712,4,0.006697711176706611,9.931341026631219e-06,0.3014151830601066,0.0693363238173475,-0.03938685768921978,0.07331107992611288,-0.06933854986636427,-0.039389010134012956,0.07331132171404545,-0.071237856080039,0.03805740635458832,-0.07078134378773658,0.07124096008532876,0.03805482026304559,-0.07077783760216373,0.0012443601855383869,-6.529929529927894e-08,0.6411436027891814,0.0012445401645226196,-6.529788698027678e-08,0.6411568861281302,-0.00124424013320559,6.530410524783236e-08,-0.6411630762166501,-0.0012446602168555282,6.529307703172336e-08,-0.6411374127006615
negative_JT,1.42,6.37457231509499e-06,0.027361963075503336,0.00036523608985588126,1.567725003419139,-4.184505430811848e-06,0.00036086971705510083,-3.175725131050886e-07,0.3229198640284027,-0.49322489757405474,0.07332097219265261,5.44784892776957,5.44784892776957,4,0.006695789206312597,9.940095470121657e-06,0.3014163872749226,0.06934566078022977,-0.039390507727272914,0.07332072787591806,-0.06934787681811345,-0.03939266125096782,0.07332097219265261,-0.07124703915562096,0.03806078978489079,-0.07079034183959508,0.07125013112141973,0.038058204823926294,-0.07078683806072256,0.0012445778524884151,-6.50020718139822e-08,0.6412233848474959,0.0012447586092101906,-6.500064310658847e-08,0.6412366699420161,-0.0012444585392950062,6.50068595047938e-08,-0.6412428606161491,-0.0012448779224033303,6.499585497168767e-08,-0.641217194173363
negative_JT,1.43,6.332863619580959e-06,0.027365559534595383,0.0003628463576339311,1.5679310653463048,-4.158062392823506e-06,0.000358828805173203,-3.177352359835616e-07,0.3229212218774956,-0.49328562924616975,0.0733305668686743,5.447699634395288,5.447699634395288,4,0.006693873472107337,9.948819766388135e-06,0.30141757309617007,0.06935494355780834,-0.03939413188575494,0.07333032003591736,-0.06935714961775738,-0.03939628648566823,0.0733305668686743,-0.07125616641728609,0.03806414858419838,-0.07079928866895209,0.07125924637824801,0.0380615647525251,-0.07079578728660749,0.0012447933295612335,-6.470599293319909e-08,0.6413026644418232,0.0012449748608945857,-6.470454406722017e-08,0.6413159512810016,-0.0012446747526098016,6.471075896851626e-08,-0.6413221425361404,-0.0012450934378461255,6.4699778031903e-08,-0.6412964731866846
negative_JT,1.44,6.291418434106825e-06,0.027369135529802833,0.0003604717234251263,1.5681359547792506,-4.131792254621224e-06,0.0003567788424285657,-3.1789533587872275e-07,0.32292255920614926,-0.4933459745614534,0.07334010562345401,5.447553920773501,5.447553920773501,4,0.006691963881751589,9.957514038067725e-06,0.3014187407891862,0.06936417207572446,-0.03939773004716374,0.0733398562873954,-0.06936636819081908,-0.039399885720611795,0.07334010562345401,-0.07126523778991756,0.0380674826367368,-0.07080818416765426,0.07126830578057516,0.03806489993308747,-0.07080468517172586,0.0012450066319538635,-6.44110520603155e-08,0.641381440892469,0.00124518893478318,-6.440958339769331e-08,0.6413947294653808,-0.0012448887883639037,6.441579644199108e-08,-0.6414009212969114,-0.001245306778373233,6.440483901601775e-08,-0.6413752490609386
negative_JT,1.45,6.250235036358853e-06,0.027372690974043785,0.0003581120885481589,1.5683396667285512,-4.105693868286623e-06,0.000354720398121802,-3.180528276084093e-07,0.3229238763061939,-0.49340593307601344,0.07334958835045356,5.447411717883329,5.447411717883329,4,0.006690060344423513,9.966178407249924e-06,0.30141989061527996,0.06937334627035137,-0.039401302101371535,0.07334933652375544,-0.06937553247355434,-0.03940345884567047,0.07334958835045356,-0.07127425320942637,0.038070791833862985,-0.07081702823867331,0.07127730926419111,0.0380682102569877,-0.07081353161911097,0.0012452177748221121,-6.411724304619254e-08,0.6414597136191829,0.0012454008460431245,-6.411575425672653e-08,0.6414730039148915,-0.0012451006617279165,6.412196609588877e-08,-0.641479196318194,-0.0012455179591373464,6.411103209520875e-08,-0.6414535212158813
negative_JT,1.46,6.209311715463362e-06,0.027376225785848047,0.0003557673549771877,1.5685421965263084,-4.079766091799907e-06,0.0003526540280389139,-3.182077258153655e-07,0.32292517346507343,-0.49346550442031284,0.07335901495494515,5.447272957941926,5.447272957941926,4,0.006688162770793651,9.974812995416419e-06,0.3014210228317956,0.06938246608851631,-0.03940484794544665,0.0733587606502109,-0.06938464241267357,-0.03940700575791273,0.07335901495494515,-0.07128321262246558,0.038074076073892446,-0.07082582079582293,0.07128625677562848,0.038071495622558675,-0.0708223265426358,0.0012454267732732742,-6.382455986472304e-08,0.6415374821385835,0.0012456106097937449,-6.382305168611777e-08,0.641550774146147,-0.0012453103878256229,6.38292613275494e-08,-0.6415569671165966,-0.001245726995241215,6.381835066738063e-08,-0.6415312891681342
negative_JT,1.47,6.1686467718753425e-06,0.027379739889223473,0.00035343742533545665,1.568743539818493,-4.054007796535295e-06,0.0003505802746997001,-3.1836004525510473e-07,0.32292645096591416,-0.49352468829726276,0.073368385353715,5.447137574383011,5.447137574383011,4,0.006686271073000288,9.983417923486717e-06,0.30142213769217463,0.06939153148723345,-0.039408367483478736,0.07336812858349019,-0.0693936979650748,-0.03941052636142888,0.073368385353715,-0.07129211598615484,0.03807733526193083,-0.07083456176348563,0.07129514827188797,0.0380747559349225,-0.070831069866743,0.0012456336423702066,-6.353299732565188e-08,0.641614746061679,0.0012458182411084658,-6.353146907999266e-08,0.6416280397701476,-0.0012455179817342696,6.353767668275702e-08,-0.641634233303115,-0.0012459339017444411,6.352678927879833e-08,-0.6416085525287113
negative_JT,1.48,6.1282385173283946e-06,0.027383233213525034,0.0003511222028924262,1.5689436925574431,-4.028417853665027e-06,0.0003484996676440648,-3.185098006178186e-07,0.32292770908759233,-0.49358348448042527,0.07337769947478369,5.447005501835796,5.447005501835796,4,0.006684385164625413,9.99199331183275e-06,0.3014232354460177,0.06940054243345037,-0.039411860626415336,0.07337744025155561,-0.0694026990975912,-0.039414020567166745,0.07337769947478369,-0.07130096326782101,0.038080569309715644,-0.07084325107635565,0.07130398372017799,0.03807799110583338,-0.07083976152618468,0.0012458383971260883,-6.324254786982153e-08,0.6416915050915221,0.0012460237550132001,-6.324099969416428e-08,0.6417048004899419,-0.0012457234584834975,6.324720589772219e-08,-0.6417109945807966,-0.001246138693655649,6.323634166626364e-08,-0.6416853110006673
negative_JT,1.49,6.088085274764964e-06,0.02738670569332644,0.00034882159155977656,1.569142650994508,-4.002995148177602e-06,0.00034641272367270123,-3.1865700663900024e-07,0.3229289481048003,-0.4936418928121712,0.07338695725711919,5.446876676104228,5.446876676104228,4,0.006682504960670768,1.0000539280211337e-05,0.30142431633914457,0.06940949890379114,-0.03941532729189337,0.07338669559331777,-0.06941164578673188,-0.039417488292765195,0.07338695725711919,-0.07130975444473205,0.03808377813545454,-0.07085188867917469,0.07131276309764917,0.03808120105351448,-0.07084840146576056,0.0012460410525062565,-6.295320668575025e-08,0.6417677590208128,0.001246227166482046,-6.295163888276032e-08,0.6417810560982289,-0.0012459268330523709,6.295784335535368e-08,-0.641787250742337,-0.001246341385936019,6.294700221315692e-08,-0.641761564376705
negative_JT,1.5,6.048185378253588e-06,0.02739015726829433,0.000346535495886666,1.569340411672841,-3.977738568129977e-06,0.00034431994709833996,-3.1880167814424454e-07,0.3229301682881116,-0.49369991320193246,0.07339615865036529,5.44675103414665,5.44675103414665,4,0.006680630377534662,1.000905594787188e-05,0.30142538061365337,0.0694184008843096,-0.03941876740407995,0.0733958945583628,-0.06942053801843731,-0.039420929462392,0.07339615865036529,-0.07131848950384428,0.038086961663670385,-0.07086047452648173,0.07132148639114166,0.038084385702504026,-0.07085698964006686,0.0012462416234250546,-6.266496758469808e-08,0.6418435077296214,0.0012464284904423156,-6.266337989680038e-08,0.6418568064750763,-0.001246128120370586,6.266958303061898e-08,-0.6418630016678029,-0.0012465419934968014,6.265876489496871e-08,-0.6418373125368955
negative_JT,1.51,6.008537172910448e-06,0.02739358788306479,0.000344263821055236,1.5695369714203236,-3.952647010737181e-06,0.0003422218299960051,-3.1894382997663374e-07,0.3229313699040457,-0.49375754562445023,0.07340530361456865,5.446628514055796,5.446628514055796,4,0.006678761332988808,1.0017543433459617e-05,0.30142642850797946,0.06942724837024399,-0.03942218089351217,0.07340503710667998,-0.06942937578783273,-0.0394243440065859,0.07340530361456865,-0.07132716844154974,0.03809011982504737,-0.0708690085823623,0.0713301535969322,0.03808754498350095,-0.07086552601324522,0.0012464401247455831,-6.237782485538628e-08,0.6419187511831048,0.0012466277417690183,-6.237621761527114e-08,0.6419320515856438,-0.0012463273353168027,6.238241861893436e-08,-0.6419382473223527,-0.0012467405311978401,6.237162340763386e-08,-0.6419125554463957
negative_JT,1.52,5.969139014831713e-06,0.027396997487122515,0.0003420064728767353,1.569732327342642,-3.927719381477654e-06,0.000340118852446789,-3.1908347666145e-07,0.3229325532151305,-0.49381479011808166,0.07341439211991486,5.446509055039107,5.446509055039107,4,0.006676897746155823,1.0026001855072213e-05,0.30142746025695216,0.06943604136577887,-0.03942556769694227,0.07341412320839823,-0.06943815909899095,-0.03942773186210149,0.07341439211991486,-0.07133579126343205,0.03809325255628191,-0.0708774908202056,0.07133876472048942,0.03809067883321607,-0.07087401055874078,0.0012466365712796828,-6.209177215665982e-08,0.6419934894293025,0.0012468249352834743,-6.209014558897533e-08,0.6420067914779732,-0.0012465244927162532,6.209634527919356e-08,-0.6420129877540298,-0.0012469370138467192,6.208557291053083e-08,-0.6419872931532462
negative_JT,1.53,5.929989271005841e-06,0.027400386034682263,0.0003397633577864944,1.5699264768164949,-3.902954593918062e-06,0.00033801148276261096,-3.192206332402171e-07,0.32293371847996494,-0.4938716467831362,0.07342342414647043,5.446392597399294,5.446392597399294,4,0.0066750395374869185,1.0034431330252452e-05,0.301428476091852,0.06944477988381277,-0.03942892775718653,0.07342315284352709,-0.06944688796469851,-0.03943109297175661,0.07342342414647043,-0.07134435798402552,0.03809635979993562,-0.07088592122246662,0.0713473197762342,0.03809378719422456,-0.07088244325906354,0.001246830977784435,-6.180680463755905e-08,0.6420677225969771,0.0012470200857556497,-6.180515873590299e-08,0.6420810262808307,-0.001246719607341515,6.181135671240196e-08,-0.6420872230916013,-0.001247131456198584,6.18006071051493e-08,-0.6420615257862072
negative_JT,1.54,5.891086319251279e-06,0.027403753484572493,0.000337534382840357,1.570119417482927,-3.878351565074727e-06,0.00033590017772405816,-3.1935531430145544e-07,0.3229348659532802,-0.4939281157802094,0.07343239968392205,5.446279082515407,5.446279082515407,4,0.006673186628740024,1.0042831975999195e-05,0.30142947624046623,0.06945346394572235,-0.039432261022971364,0.07343212600169706,-0.06945556240622147,-0.03943442728428087,0.07343239968392205,-0.07135286862657424,0.03809944150428772,-0.0708942997804268,0.07135581878729777,0.03809687001481958,-0.07089082410554885,0.0012470233589653168,-6.15229165172984e-08,0.6421414508934274,0.0012472132079000876,-6.152125143089828e-08,0.6421547562015222,-0.001246912693911833,6.152744699328467e-08,-0.6421609535423741,-0.0012473238729536129,6.15167200667336e-08,-0.6421352535525747
negative_JT,1.55,5.852428548145863e-06,0.027407099800121536,0.0003353194557106339,1.570311147240806,-3.853909223240606e-06,0.0003337853828238497,-3.194875346975444e-07,0.32293599588599947,-0.49398419732864296,0.07344131873133768,5.4461684528241765,5.4461684528241765,4,0.006671338942958283,1.0051203908732695e-05,0.30143046092714265,0.06946209358114737,-0.0394355674487942,0.07344104268191942,-0.06946418245309,-0.03943773475417367,0.07344131873133768,-0.07136132322281116,0.03810249762320042,-0.07090262649397366,0.07136426178530064,0.0380999272488759,-0.07089915309813849,0.0012472137294695144,-6.124010142148527e-08,0.642214674602497,0.0012474043163776668,-6.123841731432808e-08,0.6422279815238986,-0.001247103767089074,6.124461153096321e-08,-0.6422341793902033,-0.0012475142787581374,6.123390720485015e-08,-0.6422084767361925
negative_JT,1.56,5.814014356966622e-06,0.027410424949046018,0.00033311848468265467,1.5705016642404315,-3.829626500858411e-06,0.0003316675324714501,-3.196173091379962e-07,0.3229371085252977,-0.49403989170491497,0.073450181296915,5.446060651801546,5.446060651801546,4,0.0066694964044488585,1.0059547244354836e-05,0.301431430372845,0.06947066882776476,-0.039438846994774346,0.07344990289233619,-0.06947274814287117,-0.03944101534155785,0.073450181296915,-0.07136972181272348,0.03810552811597474,-0.0709109013713701,0.07137264881011904,0.03810295885570734,-0.0709074302451481,0.0012474021038920233,-6.095835487998718e-08,0.6422873940824706,0.0012475934257923558,-6.095665116537605e-08,0.6423007026062537,-0.0012472928414819016,6.096284414745041e-08,-0.6423069009933845,-0.0012477026882026121,6.095216234200203e-08,-0.6422811956953396
negative_JT,1.57,5.77584215557601e-06,0.02741372890334138,0.00033093137864824917,1.5706909668772597,-3.805502341269329e-06,0.0003295470502264093,-3.197446523963948e-07,0.3229382041146595,-0.49409519924111533,0.07345898739774458,5.4459556239446565,5.4459556239446565,4,0.006667658938762196,1.0067862098194365e-05,0.3014323847952045,0.06947918973107386,-0.03944209962651535,0.07345870664998189,-0.06948125952095573,-0.039444269012040026,0.07345898739774458,-0.07137806444433434,0.038108532947218075,-0.07091912442903596,0.07138097990966555,0.03810596479993334,-0.07091565556304984,0.0012475884967683526,-6.067767059528454e-08,0.6423596097640912,0.0012477805506912398,-6.067594846791686e-08,0.6423729198793422,-0.00124747993163971,6.068213921364271e-08,-0.6423791187826775,-0.0012478891158198887,6.067147984955871e-08,-0.6423534108607558
negative_JT,1.58,5.737910364395812e-06,0.027417011639174604,0.0003287580471042523,1.5708790537857598,-3.7815356914643232e-06,0.0003274243490042779,-3.1986957929062645e-07,0.3229392828939366,-0.49415012032344274,0.07346773705957492,5.445853314754074,5.445853314754074,4,0.006665826472671416,1.0076148585041585e-05,0.30143332440857296,0.06948765634418605,-0.039445325314966355,0.07346745398054938,-0.06948971664034682,-0.03944749573657214,0.07346773705957492,-0.07138635117348457,0.03811151208670958,-0.07092729569133208,0.07138925513967127,0.038108945051344684,-0.07092382907625677,0.0012477729225765545,-6.03980437205284e-08,0.6424313221486005,0.0012479657055649764,-6.039630280163004e-08,0.6424446338444163,-0.0012476650520546837,6.040249176187381e-08,-0.6424508332593388,-0.0012480735760866295,6.039185476028463e-08,-0.6424251227336784
negative_JT,1.59,5.700217414316078e-06,0.0274202731367791,0.00032659840014728623,1.5710659238333895,-3.7577255051759454e-06,0.000325299831291297,-3.199921042595512e-07,0.32294034509940445,-0.4942046553907212,0.07347643031658212,5.4457536707163525,5.4457536707163525,4,0.006663998934152287,1.0084406819161124e-05,0.3014342494240737,0.069496068727616,-0.0394485240362856,0.07347614491815953,-0.06949811956145215,-0.0394506954913169,0.07347643031658212,-0.07139458206361901,0.03811446550926895,-0.07093541519034886,0.07139747456347217,0.038111899584773214,-0.07093195081690987,0.0012479553957389902,-6.011946852237916e-08,0.6425025318058077,0.0012481489048450057,-6.01177082472739e-08,0.6425158450713004,-0.0012478482171637223,6.012389596558979e-08,-0.6425220449931972,-0.0012482560834203686,6.01132812481525e-08,-0.6424963318839105
negative_JT,1.6,5.662761746620114e-06,0.02742351338035165,0.000324452348469463,1.571251576114691,-3.7340707474568886e-06,0.00032317388935444356,-3.2011224238785565e-07,0.32294139096381735,-0.49425880493295554,0.07348506721114387,5.445656639286897,5.445656639286897,4,0.006662176252363422,1.0092636914282809e-05,0.3014351600496518,0.0695044269490791,-0.03945169577170966,0.07348477950513482,-0.06950646835187962,-0.03945386825751422,0.07348506721114387,-0.07140275718557776,0.038117393194630894,-0.07094348296569743,0.07140563825180014,0.03811482837996357,-0.07094002082467143,0.0012481359306163089,-5.984194008513357e-08,0.6425732393722067,0.001248330162904506,-5.984016091158082e-08,0.6425865541965028,-0.0012480294413394584,5.984634653193988e-08,-0.6425927546207687,-0.001248436652181199,5.983575402068531e-08,-0.6425670389479411
negative_JT,1.61,5.6255418129338354e-06,0.027426732357951518,0.00032231980335548245,1.5714360099455107,-3.710570384510522e-06,0.0003210469054526312,-3.2023000813407105e-07,0.3229424207164636,-0.4943125694899438,0.07349364779362325,5.445562168873056,5.445562168873056,4,0.006660358357626649,1.0100838983565162e-05,0.3014360564901243,0.06951273108329632,-0.03945484050742495,0.0734933577917837,-0.06951476308624446,-0.03945701402135485,0.07349364779362325,-0.07141087661739584,0.03812029512731934,-0.07095149906431203,0.07141374628258237,0.038117731421451057,-0.07094803914652544,0.0012483145415102255,-5.956545211737871e-08,0.6426434455491717,0.001248509494054883,-5.956365442644153e-08,0.6426567619214129,-0.0012482087388981657,5.956983868522611e-08,-0.6426629628434486,-0.0012486152966671256,5.9559268302683356e-08,-0.6426372446271367
negative_JT,1.62,5.588556075147673e-06,0.027429930061401417,0.00032020067667815777,1.5716192248573242,-3.6872233939697956e-06,0.0003189192520211994,-3.203454162499782e-07,0.3229434345832189,-0.4943659496498507,0.07350217212214667,5.445470208817588,5.445470208817588,4,0.00665854518140805,1.0109013139653812e-05,0.30143693894722856,0.06952098121179427,-0.03945795823443712,0.0735018798361776,-0.06952300384596731,-0.039460132773848904,0.07350217212214667,-0.0714189404440965,0.03812317129652301,-0.07095946354024454,0.07142179874073565,0.038120608698434325,-0.07095600583657333,0.0012484912426620949,-5.929000077449478e-08,0.6427131511010924,0.0012486869125489007,-5.9288184175929544e-08,0.6427264690104404,-0.0012483861240937624,5.929436664065768e-08,-0.6427326704256525,-0.001248792031117222,5.928381830976666e-08,-0.6427069496858805
negative_JT,1.6300000000000001,5.551803005340226e-06,0.027433106486190573,0.00031809488089404135,1.5718012205916836,-3.6640287583746155e-06,0.0003167912918783425,-3.2045848133824264e-07,0.3229444327865993,-0.4944189460478778,0.0735106402623965,5.445380709382355,5.445380709382355,4,0.006656736656298982,1.0117159494672357e-05,0.30143780761967076,0.06952917742271826,-0.03946104894844947,0.07351034570394449,-0.06953119071908867,-0.03946322451070377,0.0735106402623965,-0.07142694875750052,0.038126021695976633,-0.07096737645447515,0.0714297957179745,0.038123460204658385,-0.07096392095584399,0.0012486660482521352,-5.9015579903583843e-08,0.6427823568536519,0.00124886243257842,-5.9013744529675774e-08,0.6427956762892856,-0.0012485616111209022,5.901992539454488e-08,-0.6428018781930901,-0.0012489668697095264,5.900939903871474e-08,-0.6427761549498482
negative_JT,1.6400000000000001,5.515281085710141e-06,0.027436261631379737,0.0003160023290395215,1.5719819970947737,-3.6409854682040403e-06,0.00031466337842367366,-3.2056921826324777e-07,0.3229454155458134,-0.4944715593649265,0.07351905228740128,5.445293621732314,5.445293621732314,4,0.006654932715997532,1.0125278160195004e-05,0.3014386627031727,0.06953731981064411,-0.03946411264973992,0.0735187554680588,-0.06953932380007975,-0.039466289232202065,0.07351905228740128,-0.07143490165603154,0.03812884632384356,-0.07097523787471818,0.07143773731261688,0.03812628593829526,-0.07097178457210049,0.0012488389723977296,-5.874218416609733e-08,0.6428510636920743,0.0012490360682720358,-5.874033077078114e-08,0.6428643846431923,-0.0012487352141088638,5.8746509918973304e-08,-0.6428705870310133,-0.001249139826560674,5.8736005461994383e-08,-0.6428448613042533
negative_JT,1.6500000000000001,5.478988808537065e-06,0.02743939549950809,0.0003139229347285853,1.5721615545120788,-3.6180925169847314e-06,0.00031253585582412756,-3.2067764139347365e-07,0.32294638307681345,-0.49452379032631816,0.07352740827733781,5.445208897919778,5.445208897919778,4,0.006653133295290415,1.0133369247281227e-05,0.30143950439051886,0.06954540847639978,-0.03946714934304263,0.07352710920864333,-0.06954740318966447,-0.03946932694308325,0.07352740827733781,-0.07144279924453246,0.03813164518260028,-0.07098304787524151,0.07144562362940128,0.038129085901831575,-0.07097959675965815,0.001249010029156316,-5.8469809480944846e-08,0.6429192725594669,0.0012492078336965478,-5.846793739365455e-08,0.64293259501529,-0.001248906947129042,5.8474114754230484e-08,-0.6429387978825603,-0.001249310915723797,5.846363212036893e-08,-0.6429130696921962
negative_JT,1.6600000000000001,5.442924676064629e-06,0.027442508096502078,0.000311856612146114,1.5723398931831596,-3.5953489117055155e-06,0.0003104090591979067,-3.207837653948954e-07,0.3229473355923459,-0.4945756397004857,0.07353570831932532,5.4451264908689625,5.4451264908689625,4,0.006651338330034927,1.0141432866468486e-05,0.30144033287160205,0.06955344352687969,-0.03947015903742947,0.0735354070127634,-0.06955542899463406,-0.03947233765242377,0.07353570831932532,-0.07145064163407563,0.038134418278922624,-0.07099080653667594,0.0714534547792957,0.038131860101951645,-0.07098735759919532,0.0012491792325190403,-5.8198450071130036e-08,0.6429869844551082,0.0012493777428557102,-5.819655933526034e-08,0.6430003084048787,-0.0012490768241851004,5.820273514623939e-08,-0.6430065117470412,-0.001249480151189684,5.8192274260150987e-08,-0.642980781112946
negative_JT,1.67,5.4070872004571424e-06,0.027445599431585928,0.00030980327604540197,1.5725170136365247,-3.5727536634765433e-06,0.000308283314791657,-3.208876050002813e-07,0.3229482733020009,-0.4946271082977286,0.0735439525072322,5.445046354360716,5.445046354360716,4,0.006649547757141339,1.0149469127775864e-05,0.3014411483334683,0.06956142507487131,-0.03947314174619406,0.07354364897423378,-0.06956340132767287,-0.039475321373522894,0.0735439525072322,-0.07145842894178343,0.038137165623573985,-0.07099851394583821,0.07146123087931869,0.03813460854942722,-0.0709950671775755,0.001249346596415459,-5.792810167495729e-08,0.6430542004328298,0.0012495458096889389,-5.792619230742245e-08,0.6430675258658157,-0.001249244859218979,5.793236637577584e-08,-0.6430737296783215,-0.0012496475468853612,5.792192716251469e-08,-0.6430479966203234
negative_JT,1.68,5.371474903740428e-06,0.02744866951719411,0.00030776284174476666,1.5726929165846175,-3.550305784885853e-06,0.0003061589401695199,-3.2098917459283845e-07,0.32294919641226105,-0.49467819696901505,0.07355214094148868,5.444968443017664,5.444968443017664,4,0.006647761514555527,1.015747814068947e-05,0.30144195096036125,0.06956935323888642,-0.03947609748674259,0.07355183519343166,-0.06957132030719088,-0.03947827812379192,0.07355214094148868,-0.07146616129065535,0.03813988723129886,-0.07100617019555942,0.07146895205236738,0.03813733125901153,-0.07100272558767594,0.0012495121347103483,-5.7658757623296333e-08,0.6431209215994618,0.0012497120480724343,-5.765683030320572e-08,0.6431342485049524,-0.0012494110661090004,5.7663002770706304e-08,-0.6431404527832657,-0.0012498131166738936,5.765258515579576e-08,-0.6431147173211484
negative_JT,1.69,5.336086317741963e-06,0.027451718368885523,0.00030573522512411885,1.5728676029188968,-3.5280042999682022e-06,0.0003040362443887692,-3.210884885655506e-07,0.3229501051265498,-0.4947289066047649,0.07356027372889641,5.444892712289478,5.444892712289478,4,0.006645979541242016,1.0165460014186165e-05,0.30144274093376616,0.06957722814299029,-0.03947902628048027,0.07355996577710563,-0.06957918605715109,-0.03948120792464232,0.07356027372889641,-0.07147383880939154,0.038142583120714516,-0.07101377538450895,0.07147661842703935,0.03814002824933016,-0.07101033292821152,0.0012496758612054839,-5.739041452783968e-08,0.6431871491132328,0.0012498764718170577,-5.738846897297391e-08,0.6432004774805452,-0.0012495754586690408,5.739463979572604e-08,-0.6432066822201392,-0.0012499768743533923,5.7384243705087564e-08,-0.6431809443736392
negative_JT,1.7,5.300919983994438e-06,0.0274547460052596,0.0003037203426194372,1.5730410737050318,-3.505848242633788e-06,0.000301915528180635,-3.211855617978294e-07,0.3229509996452782,-0.49477923813371355,0.07356835098245117,5.444819118438399,5.444819118438399,4,0.006644201777167115,1.0173414856751822e-05,0.3014435184324522,0.06958504991664209,-0.03948192815270932,0.0735680408381981,-0.06958699870691126,-0.03948411080138099,0.07356835098245117,-0.07148146163222972,0.03814525331421211,-0.07102132961703155,0.07148423013747023,0.03814269954278015,-0.07101788930357325,0.0012498377896324926,-5.7123067636167086e-08,0.6432528841823021,0.0012500390946685368,-5.712110377537844e-08,0.6432662140007792,-0.0012497380506425234,5.712727302584796e-08,-0.6432724191971398,-0.0012501388336584407,5.711689838569758e-08,-0.6432466789859421
negative_JT,1.71,5.265974453714669e-06,0.027457752447873664,0.0003017181112215598,1.573213330178166,-3.4838366421825535e-06,0.00029979708407405054,-3.2128040848020646e-07,0.3229518801658919,-0.49482919252166124,0.07357637282114862,5.44474761852507,5.44474761852507,4,0.00664242816328233,1.0181342776315603e-05,0.30144428363251563,0.06959281869451875,-0.03948480313251117,0.0735760604956522,-0.06959475839104826,-0.03948698678309603,0.07357637282114862,-0.0714890298987636,0.03814789783784187,-0.07102883300296985,0.07149178732315312,0.03814534516542087,-0.07102539482364759,0.0012499979336633436,-5.68567108136263e-08,0.643318128063131,0.00125019993030761,-5.685472916141819e-08,0.6433314593221451,-0.0012498988557152028,5.6860896841025084e-08,-0.6433376649707689,-0.0012502990082555456,5.685054357810863e-08,-0.6433119224145081
negative_JT,1.72,5.231248287715268e-06,0.027460737721162472,0.00029972844847112344,1.5733843737383078,-3.4619685450949128e-06,0.00029768119663241884,-3.2137304312851115e-07,0.3229527468829167,-0.4948787707704862,0.07358433936982778,5.444678170394604,5.444678170394604,4,0.00664065864150834,1.0189243880328464e-05,0.3014450367074203,0.06960053461637741,-0.03948765125265684,0.0735840248742547,-0.06960246524921845,-0.03948983590256454,0.07358433936982778,-0.07149654375380071,0.038150516721228184,-0.07103628565751982,0.07149929012879497,0.03814796514688326,-0.07103284960367522,0.0012501563068999712,-5.6591340277415515e-08,0.6433828820591896,0.0012503589923467183,-5.658934048437257e-08,0.64339621474814,-0.0012500578875005166,5.65955065822377e-08,-0.6434024208445364,-0.001250457411746328,5.658517462363961e-08,-0.6433766759627939
negative_JT,1.73,5.196740056326619e-06,0.02746370185235915,0.00029775127245409294,1.5735542059458003,-3.440243000322119e-06,0.00029556814257036503,-3.2146348004560366e-07,0.3229535999880034,-0.4949279739169595,0.07359225075898773,5.444610732662888,5.444610732662888,4,0.006638893154718888,1.0197118275733927e-05,0.30144577782803905,0.06960819782688792,-0.03949047254949684,0.0735919341044524,-0.06961011942599174,-0.039492658196143345,0.07359225075898773,-0.0715040033471914,0.0381531099974626,-0.07104368770106231,0.07150673870414585,0.03815055952026564,-0.07104025376408067,0.0012503129228798554,-5.632695126493987e-08,0.6434471475194155,0.0012505162943341913,-5.632493376981289e-08,0.6434604816277321,-0.001250215159547986,5.633109743668512e-08,-0.6434666881674236,-0.0012506140576659178,5.632078670988922e-08,-0.6434409409797242
negative_JT,1.74,5.162448339344582e-06,0.027466644871417846,0.00029578650179876517,1.5737228285168903,-3.418659063716199e-06,0.0002934581909319145,-3.2155173375520224e-07,0.3229544396699727,-0.49497680303170855,0.07360010712462489,5.444545264703052,5.444545264703052,4,0.006637131646725127,1.020496606895533e-05,0.3014465071626945,0.06961580847548786,-0.03949326706286676,0.07359978832218966,-0.06961772107070667,-0.039495453703673966,0.07360010712462489,-0.07151140883367914,0.03815567770301216,-0.07105103925901367,0.07151413320384974,0.0381531283220413,-0.07104760743032423,0.0012504677950713856,-5.606353845992916e-08,0.6435109258368703,0.001250671849750207,-5.60615032003631e-08,0.6435242613540114,-0.001250370685338377,5.6067665391679455e-08,-0.6435304683325338,-0.0012507689594833627,5.605737582452361e-08,-0.6435047188583474
negative_JT,1.75,5.128371725969877e-06,0.027469566810937884,0.00029383405567229553,1.5738902433193809,-3.3972157961590325e-06,0.0002913516032405447,-3.2163781841779306e-07,0.3229552661148584,-0.49502525921813145,0.07360790860806307,5.444481726632265,5.444481726632265,4,0.006635374062260124,1.0212787365946906e-05,0.3014472248771976,0.06962336671622947,-0.039496034835985475,0.07360758766873837,-0.06962527033731693,-0.039498222468382214,0.07360790860806307,-0.07151876037274293,0.038158219877621996,-0.07105834046166978,0.07152147378728692,0.0381556715919622,-0.07105491073274425,0.0012506209368767238,-5.580109743871305e-08,0.6435742184473132,0.0012508256720069463,-5.579904395935657e-08,0.6435875553627715,-0.0012505244782858994,5.580520493866032e-08,-0.643593762775674,-0.0012509221305977113,5.579493645940931e-08,-0.6435680110344104
negative_JT,1.76,5.094508814751968e-06,0.027472467706089496,0.0002918938537774831,1.5740564523683782,-3.3759122662136157e-06,0.00028924863365051794,-3.217217484285627e-07,0.3229560795059504,-0.49507334361137634,0.07361565535579444,5.444420079298661,5.444420079298661,4,0.006633620346963775,1.022058227211715e-05,0.3014479311348876,0.06963087270763711,-0.039498775915362064,0.07361533229053926,-0.06963276738424799,-0.03950096453678385,0.07361565535579444,-0.07152605812845118,0.038160736564224876,-0.0710655914440598,0.07152876061842708,0.038158189372966826,-0.0710621638064126,0.0012507723616307803,-5.553962348322588e-08,0.643637026827885,0.0012509777744493058,-5.553755272732638e-08,0.6436503651311838,-0.0012506765517369186,5.554371205869012e-08,-0.6436565729740302,-0.0012510735843430988,5.553346459595135e-08,-0.6436308189850392
negative_JT,1.77,5.0608582135151045e-06,0.027475347594541042,0.00028996581634853314,1.5742214578221203,-3.354747547890783e-06,0.0002871495291040559,-3.218035380589736e-07,0.32295688002383716,-0.4951210573773266,0.07362334751932001,5.444360284268574,5.444360284268574,4,0.006631870447367791,1.0228350892418233e-05,0.30144862609667,0.06963832661256379,-0.0395014903507015,0.07362302233904179,-0.06964021237425515,-0.03950367995859051,0.07362334751932001,-0.07153330226931333,0.038163227808850245,-0.07107279234579911,0.07153599386568209,0.03816068171109048,-0.0710693667909868,0.0012509220825989607,-5.52791123470517e-08,0.643699352495773,0.0012511281703541973,-5.5277023860068576e-08,0.6437126921764691,-0.0012508269189689346,5.528318158422499e-08,-0.6437189004448365,-0.0012512233339842436,5.5272955066984494e-08,-0.6436931442274061
negative_JT,1.78,5.027418539306588e-06,0.02747820651638789,0.0002880498641480926,1.5743852619779024,-3.333720721041358e-06,0.0002850545294858113,-3.2188320149835574e-07,0.32295766784644697,-0.49516840171163695,0.07363098525499946,5.44430230381399,5.44430230381399,4,0.006630124310881012,1.0236093331300389e-05,0.30144930992105395,0.06964572859805652,-0.03950417819481534,0.0736306579705546,-0.06964760547428771,-0.03950636878662062,0.07363098525499946,-0.0715404929681425,0.03816569366053803,-0.07107994331095252,0.07154317370176765,0.038163148655378724,-0.07107651983057349,0.0012510701129793043,-5.50195592676268e-08,0.6437611970069668,0.0012512768729303011,-5.501745335621908e-08,0.6437745380546498,-0.0012509755931919785,5.502360913311205e-08,-0.6437807467441308,-0.0012513713927177288,5.501340349073384e-08,-0.6437549883174865
negative_JT,1.79,4.9941884183344345e-06,0.02748104451408253,0.0002861459184636791,1.574547867268073,-3.3128308718037044e-06,0.0002829638677580753,-3.2196075289035893e-07,0.3229584431490892,-0.4952153778387282,0.07363856872389364,5.444246100900142,5.444246100900142,4,0.00662838188577499,1.0243809692697298e-05,0.30144998276419016,0.0696530788352146,-0.03950683950352922,0.0736382393460875,-0.06965494685534826,-0.03950903107670711,0.07363856872389364,-0.07154763040190926,0.038168134171249646,-0.07108704448788858,0.07155030030355733,0.03816559025779814,-0.07108362307358226,0.0012512164659001317,-5.4760959606249565e-08,0.643822561954942,0.001251423895316153,-5.47588361815417e-08,0.6438359043592379,-0.0012511225875456219,5.47649900907453e-08,-0.6438421134654396,-0.0012515177736707366,5.475480525295677e-08,-0.6438163528487402
negative_JT,1.8,4.961166485892281e-06,0.027483861632366387,0.00028425390110337756,1.5747092762561272,-3.292077094176174e-06,0.00028087777010996935,-3.2203620656044337e-07,0.3229592061044944,-0.49526198701087204,0.07364609809162079,5.444191639173339,5.444191639173339,4,0.006626643121169696,1.0251500080077202e-05,0.30145064477990674,0.0696603774990611,-0.03950947433559744,0.07364576663120817,-0.0696622366923631,-0.03951166688761133,0.07364609809162079,-0.07155471475160954,0.038170549395785,-0.0710940960291481,0.07155737385195036,0.03816800657315358,-0.07109067667259508,0.0012513611544211207,-5.450330886204486e-08,0.6438834489694689,0.0012515692505823317,-5.4501167825727226e-08,0.6438967927200369,-0.0012512679151008457,5.450732039545183e-08,-0.6439030022385834,-0.0012516624899025135,5.4497156292320253e-08,-0.6438772394509218
negative_JT,1.81,4.9283513863074685e-06,0.027486657918202848,0.00028237373439286633,1.5748694916328687,-3.271458486382956e-06,0.00027879645609967804,-3.2210957637550184e-07,0.3229599568828539,-0.49530823050725653,0.07365357352821122,5.44413888294911,5.44413888294911,4,0.006624907967019704,1.0259164596424655e-05,0.30145129611974564,0.06966762476841193,-0.03951208275261663,0.07365323999589622,-0.06966947516405209,-0.03951427628093729,0.07365357352821122,-0.07156174620212974,0.038172939391699245,-0.07110109809131054,0.07156439453173771,0.03817039765900557,-0.0710976807842317,0.0012515041915330794,-5.4246602659213034e-08,0.643943859715398,0.0012517129517297795,-5.4244443854962597e-08,0.643957204801935,-0.0012514115888605944,5.425059497609351e-08,-0.6439634147284656,-0.0012518055544020164,5.424045153808213e-08,-0.6439376497888681
negative_JT,1.82,4.895741772878524e-06,0.027489433420711806,0.00028050534117183467,1.57502851621266,-3.2509741540303157e-06,0.00027672013878897927,-3.22180876513683e-07,0.32296069565185886,-0.49535410963306337,0.07366099520796192,5.444087797200357,5.444087797200357,4,0.006623176374100237,1.0266803344214958e-05,0.3014519369329978,0.06967482082574558,-0.03951466481894064,0.07366065961439813,-0.06967666245279786,-0.03951685932104597,0.07366099520796192,-0.07156872494211308,0.038175304219220677,-0.07110805083485998,0.07157136253146686,0.038172763575586445,-0.07110463556901656,0.0012516455901554553,-5.399083606146334e-08,0.6440037958914537,0.0012518550116898024,-5.398866056868814e-08,0.6440171423036932,-0.001251553621755705,5.399480973613099e-08,-0.6440233526338618,-0.0012519469800897618,5.3984686894020494e-08,-0.6439975855612848
negative_JT,1.83,4.863336307828016e-06,0.02749218819110553,0.0002786486447912819,1.575186352929748,-3.2306232059245295e-06,0.0002746490248835053,-3.22250121016942e-07,0.3229614225767389,-0.4953996257186081,0.07366836330930196,5.4440383475458605,5.4440383475458605,4,0.006621448293993847,1.0274416425468928e-05,0.3014525673667381,0.06968196585708301,-0.03951722060159962,0.07366802566509303,-0.06968379874452613,-0.039519416074975416,0.07366836330930196,-0.07157565116383616,0.03817764394117296,-0.07111495442406282,0.07157827804331938,0.03817510438572469,-0.07111154119125561,0.0012517853631401508,-5.373600542686243e-08,0.6440632592291178,0.0012519954433233443,-5.373381266020072e-08,0.6440766069568311,-0.001251694026648539,5.373996020106319e-08,-0.6440828176863096,-0.0012520867798148307,5.372985788599996e-08,-0.6440570484996395
negative_JT,1.84,4.831133662218996e-06,0.027494922282625827,0.00027680356910872954,1.5753430048346635,-3.21040476093049e-06,0.0002725833148555185,-3.223173237686961e-07,0.3229621378202993,-0.4954447801184387,0.07367567801465144,5.443990500238989,5.443990500238989,4,0.006619723679076961,1.028200394171456e-05,0.3014531875658594,0.06968906005186071,-0.03951975017021756,0.07367533833035161,-0.06969088422857807,-0.039521946612357466,0.07367567801465144,-0.071582525063078,0.03817995862289483,-0.07112180902683714,0.07158514126297968,0.03817742015476325,-0.07111839781890626,0.001251923523267801,-5.3482106284616295e-08,0.6441222514914549,0.0012521342594206944,-5.347989620614804e-08,0.6441356005244492,-0.001251832816330907,5.348604217364766e-08,-0.6441418116489266,-0.0012522249663574213,5.347596031711668e-08,-0.6441160403669779
negative_JT,1.85,4.7991325159186e-06,0.027497635750482603,0.0002749700384861362,1.575498475090701,-3.1903179412792498e-06,0.0002705232030881181,-3.223824987605632e-07,0.32296284154295896,-0.4954895742105179,0.07368293951029371,5.443944222156456,5.443944222156456,4,0.006618002482506868,1.0289565993997985e-05,0.30145379767310704,0.06969610360281542,-0.039522253596936126,0.07368259779640694,-0.06969791909759625,-0.039524451005341125,0.07368293951029371,-0.07158934683900228,0.038182248332166754,-0.0711286148146354,0.07159195238951749,0.038179710950486404,-0.07112520562346009,0.0012520600832471001,-5.3229133951892164e-08,0.6441807744720452,0.001252271472702802,-5.3226906943800467e-08,0.6441941248001686,-0.0012519700035233407,5.3233050958885475e-08,-0.6442003363153501,-0.0012523615524266695,5.322298949271796e-08,-0.6441745629568643
negative_JT,1.86,4.767331557517945e-06,0.027500328651793627,0.0002731479777853075,1.575652766970468,-3.170361875587674e-06,0.00026846887799250894,-3.224456599066949e-07,0.3229635339027863,-0.4955340093953756,0.0736901479862417,5.443899480787435,5.443899480787435,4,0.006616284658208858,1.0297102682903541e-05,0.30145439782911077,0.06970309670586529,-0.03952473095633461,0.07368980425322241,-0.06970490354740487,-0.03952692932851339,0.0736901479862417,-0.07159611669403454,0.03818451313913397,-0.07113537196232211,0.07159871162526449,0.038181976843043246,-0.07113196477982027,0.001252195055718681,-5.2977084169620835e-08,0.6442388299938793,0.0012524070958207434,-5.297483967330073e-08,0.6442521816070184,-0.001252105600877105,5.298098249327822e-08,-0.6442583935086263,-0.001252496550662224,5.2970941349643345e-08,-0.6442326180922711
negative_JT,1.87,4.7357294843105215e-06,0.027503001045525704,0.0002713373123666587,1.5758058838525133,-3.1505356956712755e-06,0.0002664205221407175,-3.225068210806621e-07,0.32296421505553585,-0.4955780870953049,0.07369730363611246,5.443856244222778,5.443856244222778,4,0.006614570160863568,1.0304614108531874e-05,0.3014549881724186,0.0697100395599977,-0.03952718232535642,0.0736969578943662,-0.06971183777689706,-0.039529381658826135,0.07369730363611246,-0.07160283483374688,0.03818675311623507,-0.07114208064805926,0.0716054191756997,0.03818421790487636,-0.07113867546618688,0.0012523284532520306,-5.2725952855065417e-08,0.6442964199083181,0.0012525411413529782,-5.2723691430695085e-08,0.6443097727963996,-0.0012522396209726672,5.272983236513128e-08,-0.6443159850801744,-0.0012526299736324554,5.271981147654001e-08,-0.6442902076245427
negative_JT,1.8800000000000001,4.704325002179783e-06,0.027505652992436975,0.0002695379680827733,1.5759578292180219,-3.130838544949158e-06,0.00026437831239577,-3.225659958431694e-07,0.32296488515468313,-0.4956218087535738,0.07370440665700285,5.4438144811444475,5.4438144811444475,4,0.006612858945894544,1.0312100370514543e-05,0.30145556883952834,0.06971693236715684,-0.03952960778323527,0.07370405891688563,-0.06971872198792409,-0.03953180807552062,0.07370440665700285,-0.07160950146674312,0.038188968338131124,-0.0711487410531908,0.07161207524933375,0.03818643421064999,-0.07114533786394196,0.001252460288344268,-5.247573535781233e-08,0.6443535460940537,0.0012526736218083426,-5.247345745914436e-08,0.6443669002470452,-0.0012523720763181307,5.247959675883238e-08,-0.6443731129087455,-0.0012527618338343265,5.246959605812431e-08,-0.6443473334323541
negative_JT,1.8900000000000001,4.67311682557903e-06,0.027508284555020315,0.00026774987127725126,1.5761086066475718,-3.111269569174332e-06,0.0002623424199916477,-3.2262319809258633e-07,0.32296554435146,-0.4956651758335782,0.07371145724935757,5.443774160814997,5.443774160814997,4,0.006611150969455992,1.0319561568026788e-05,0.3014561399649193,0.0697237753321266,-0.039532007411416895,0.07371110752117703,-0.06972555638517666,-0.0395342086600512,0.07371145724935757,-0.07161611680453692,0.03819115888162959,-0.0711553533621225,0.07161868005758798,0.038188625837174986,-0.0711519521575288,0.0012525905734226408,-5.222642806045999e-08,0.6444102104560228,0.0012528045496229298,-5.2224132933615855e-08,0.644423565863932,-0.0012525029793513595,5.223027123095566e-08,-0.6444297788993338,-0.0012528921436944407,5.222029065129862e-08,-0.6444039974206215
negative_JT,1.9000000000000001,4.642103677474003e-06,0.027510895797448177,0.00026597294878141905,1.5762582198179738,-3.091827918743309e-06,0.0002603130107105358,-3.2267844152357964e-07,0.32296619279488886,-0.49570818981819587,0.07371845561686681,5.443735253067528,5.443735253067528,4,0.006609446188420663,1.0326997799751034e-05,0.30145670168108385,0.06973056866243789,-0.039534381293497206,0.07371810391088149,-0.06973234117609303,-0.03953658349602157,0.07371845561686681,-0.0716226810614578,0.03819332482562504,-0.07116191776222765,0.0716252338147002,0.03819079286334892,-0.0711585185343579,0.0012527193208430952,-5.197802672319483e-08,0.6444664149245442,0.0012529339371643955,-5.197571447112073e-08,0.6444797715774214,-0.0012526323424388286,5.1981851081759164e-08,-0.6444859849823192,-0.0012530209155686657,5.1971890556645616e-08,-0.6444602015196469
negative_JT,1.9100000000000001,4.61128428928251e-06,0.0275134867855185,0.0002642071279108712,1.576406672499172,-3.0725127494833037e-06,0.00025829024496680985,-3.227317397700216e-07,0.32296683063181625,-0.4957508522089677,0.07372540196633838,5.443697728295544,5.443697728295544,4,0.006607744560368175,1.0334409163951723e-05,0.3014572541185572,0.06973731256825502,-0.039536729515147265,0.0737250482927586,-0.06973907657074528,-0.039538932669111404,0.07372540196633838,-0.07162919445453428,0.03819546625102643,-0.0711684344437301,0.07163173673760698,0.03819293537008391,-0.07116503718468997,0.001252846542890395,-5.173052677567815e-08,0.6445221614542711,0.0012530617967269012,-5.172819823807752e-08,0.6445355193422085,-0.0012527601778762765,5.173433255320422e-08,-0.6445417331124157,-0.0012531481617408997,5.172439201646225e-08,-0.6445159476840645
negative_JT,1.92,4.580657400816718e-06,0.027516057586601844,0.00026245233646216346,1.5765539685512153,-3.0533232255082413e-06,0.0002562742779270417,-3.2278310648826815e-07,0.32296745800694626,-0.495793164525386,0.0737322965075854,5.443661557443064,5.443661557443064,4,0.006606046043573287,1.034179575838587e-05,0.30145779740594825,0.06974400726227525,-0.03953905216404684,0.07373194087657331,-0.06974576278173893,-0.03954125626700869,0.0737322965075854,-0.07163565720338969,0.03819758324069283,-0.07117490359960069,0.07163818904584061,0.03819505344024191,-0.07117150830153275,0.0012529722517766481,-5.1483924506672215e-08,0.6445774520232557,0.0012531881405329964,-5.1481578936690685e-08,0.6445908111363864,-0.001252886497886237,5.148771180675468e-08,-0.644597025267734,-0.0012532738944233345,5.147779119251901e-08,-0.6445712378919081
negative_JT,1.93,4.550221760212874e-06,0.027518608269589448,0.0002607085027087862,1.576700111921281,-3.0342585158850125e-06,0.0002542652596192583,-3.2283255522972173e-07,0.3229680750628734,-0.4958351283041946,0.0737391394533171,5.443626711994966,5.443626711994966,4,0.006604350596994402,1.0349157680368784e-05,0.3014583316699692,0.0697506529596299,-0.03954134932981784,0.07373878187498649,-0.06975240002411376,-0.03954355437934348,0.0737391394533171,-0.07164206953014185,0.038199675879369635,-0.07118132542545741,0.07164459096142775,0.03819714715857048,-0.07117793208054041,0.0012530964596438865,-5.1238215136255954e-08,0.6446322886320344,0.0012533129807364791,-5.123585329930038e-08,0.6446456489605359,-0.0012530113146217564,5.1241984596418475e-08,-0.6446518634488756,-0.0012533981257588508,5.123208383913786e-08,-0.6446260741436948
negative_JT,1.94,4.519976123897271e-06,0.027521138904842674,0.0002589755553992145,1.5768451066407778,-3.0153177931371247e-06,0.0002522633350495718,-3.22880099385151e-07,0.3229686819401146,-0.49587674509867635,0.07374593101902543,5.443593163967416,5.443593163967416,4,0.006602658180262354,1.0356495026777713e-05,0.30145885703546454,0.06975724987778474,-0.0395436211039584,0.07374557150344274,-0.06975898851524434,-0.03954582709762298,0.07374593101902543,-0.07164843165929913,0.03820174425362461,-0.07118770011946139,0.07165094270878644,0.038199216611640115,-0.07118430871990986,0.001253219178562898,-5.09933952151066e-08,0.644686673302703,0.001253436329415923,-5.099101682971901e-08,0.644700034836795,-0.0012531346401627587,5.0997146727233825e-08,-0.6447062496779975,-0.0012535208678160342,5.098726576168101e-08,-0.6446804584615006
negative_JT,1.95,4.489919256515611e-06,0.027523649564143302,0.00025725342375286096,1.576988956822499,-2.996500238932728e-06,0.0002502686443039373,-3.229257523946687e-07,0.322969278777141,-0.4959180164779854,0.07375267142288205,5.443560885898476,5.443560885898476,4,0.006600968753669376,1.0363807894004383e-05,0.30145937362543984,0.06976379823644638,-0.03954586757978064,0.07375230998006577,-0.06976552847474639,-0.03954807451516812,0.07375267142288205,-0.07165474381766541,0.038203788451787464,-0.07119402788222204,0.07165724451463036,0.03820126188778325,-0.071190638420286,0.0012533404205319456,-5.074946091880237e-08,0.6447406080780493,0.0012535581985795186,-5.0747066184788243e-08,0.6447539708079978,-0.0012532564865186224,5.0753194171160404e-08,-0.6447601859979523,-0.0012536421325927576,5.074333293243022e-08,-0.6447343928880949
negative_JT,1.96,4.460049930875625e-06,0.027526140320645005,0.0002555420374567878,1.5771316666578414,-2.9778050369630864e-06,0.00024828132265768707,-3.229695277420682e-07,0.32296986571040914,-0.495958944026471,0.07375936088563086,5.4435298508389565,5.4435298508389565,4,0.006599282278158101,1.0371096378018889e-05,0.3014598815610901,0.06977029825746668,-0.03954808885234766,0.07375899752555182,-0.06977202012438155,-0.03955029672704971,0.07375936088563086,-0.07166100623424135,0.038205808563889214,-0.07120030891669833,0.07166349660787068,0.038203283077032406,-0.07119692138466374,0.0012534601974761497,-5.050640776687635e-08,0.6447940950206706,0.0012536786001655401,-5.050399641505787e-08,0.6448074589367837,-0.0012533768656251985,5.0510122879231065e-08,-0.6448136744713995,-0.0012537619320165205,5.0500281302703154e-08,-0.6447878794860553
negative_JT,1.97,4.4303669279196795e-06,0.027528611248825906,0.00025384132666413784,1.577273240414087,-2.959231376806685e-06,0.0002463015006727373,-3.230114386619441e-07,0.3229704428743917,-0.49599952934303587,0.07376599963048645,5.443500032343253,5.443500032343253,4,0.006597598715310918,1.0378360574318585e-05,0.3014603809618277,0.06977675016475253,-0.03955028501841144,0.07376563436306884,-0.06977846368796614,-0.03955249383002911,0.07376599963048645,-0.07166721914013172,0.03820780468160261,-0.07120654342810663,0.07166969921952253,0.03820528027106285,-0.0712031578182942,0.0012535785212520734,-5.026423194035858e-08,0.6448471362121335,0.0012537975460383524,-5.026180452059967e-08,0.6448605013047629,-0.0012534957893485658,5.026792921979458e-08,-0.6448667171799691,-0.0012538802779418386,5.0258107241163684e-08,-0.6448409203369279
negative_JT,1.98,4.40086903663658e-06,0.02753106242444202,0.00025215122198908054,1.5774136824317357,-2.940778457037301e-06,0.00024432930431323834,-3.2305149864246597e-07,0.3229710104016078,-0.49603977404051175,0.07377258788303792,5.443471404460543,5.443471404460543,4,0.006595918027339426,1.0385600577964588e-05,0.3014608719453095,0.06978315418417876,-0.03955245617635626,0.07377222071815823,-0.06978485939128579,-0.03955466592249932,0.07377258788303792,-0.07167338276845613,0.03820977689818696,-0.07121273162383132,0.07167585258261647,0.038207253563135535,-0.0712093479285965,0.0012536954036426978,-5.00229295537542e-08,0.6448997337521669,0.0012539150479915768,-5.002048593809352e-08,0.6449131000117131,-0.0012536132694818878,5.00266089682952e-08,-0.6449193162234579,-0.001253997182152433,5.001680652355252e-08,-0.6448935175404222
negative_JT,1.99,4.371555054036315e-06,0.027533493924481907,0.0002504716545053654,1.577552997121907,-2.9224454743703497e-06,0.00024236485503084315,-3.230897207957653e-07,0.32297156842265257,-0.4960796797449961,0.07377912587114172,5.443443941726001,5.443443941726001,4,0.006594240177074035,1.0392816483576304e-05,0.30146135462746393,0.06978951054349393,-0.03955460242613592,0.0737787568186302,-0.06979120746199934,-0.039556813104422855,0.07377912587114172,-0.07167949735425154,0.03821172530842771,-0.0712188737133272,0.07168195693210094,0.03820920304803778,-0.07121549192505996,0.0012538108563585001,-4.978249644134695e-08,0.6449518897577918,0.0012540311177459853,-4.978003625873417e-08,0.6449652571746961,-0.0012537293177458326,4.978615805935692e-08,-0.6449714737189498,-0.0012541126563584185,4.977637508481342e-08,-0.6449456732135384
positive_JT,0.0,1.8233615267514613e-06,0.07471496763100371,0.00010447092000938888,4.280852311713072,0.0,0.0,0.0,0.3242495249663171,-1.3448694173580669,0.21344782889828268,5.339088401342743,5.339088401342743,2,0.00782960265978797,7.495407524409469e-06,0.3024868207456415,-0.18692637161770648,0.08137060330752295,-0.21344782889828268,0.18693658531657556,0.0813744191899467,-0.2134440766874698,0.19024881311850053,-0.08370091283746633,0.204288574436957,-0.19025798410634043,-0.08370093864980468,0.20428360875006968,0.09313149317088117,-2.2927181800292112e-07,1.7303157454884721,0.09313147511840451,-2.2927430448312688e-07,1.7303205472351555,-0.09313151704659602,2.2927710988357008e-07,-1.7303268106304768,-0.09313145124268984,2.2926901082612108e-07,-1.7303094820931504
positive_JT,0.01,4.477499591289815e-06,0.07277259411216096,0.0002565418293524574,4.169562506845407,0.0004204421224108613,-0.33204889489880673,-4.1761563793601725e-05,0.32414961980291385,-0.7984641150833892,0.12587899176019116,6.342969840768063,6.342969840768063,2,0.007844436473992886,7.496094282892757e-06,0.30238495113057223,-0.11090337445170997,0.04996960992443582,-0.12587899176019116,0.11090879243644579,0.04997180286841964,-0.1258766802881788,0.11299578950885283,-0.051783002308072056,0.11925405105875746,-0.11300062623421371,-0.051782310944421636,0.11925153142722018,0.05058627357437872,-3.5977418585378564e-07,1.0267126106080071,0.05058654728057039,-3.59774231750738e-07,1.0267153509021012,-0.05058572092461545,3.5978249819996745e-07,-1.0267195274065255,-0.05058709993033348,3.597659202927347e-07,-1.0267084341035837
positive_JT,0.02,9.550946589068825e-06,0.0673657524858358,0.0005472289299085131,3.8597733011613258,0.0005345984249743691,-0.676187587957291,-3.783680176708615e-05,0.32384955032532414,-0.017237378365803746,0.0026763152562672174,6.234882926219391,6.234882926219391,2,0.007884223280620802,7.497751591815337e-06,0.3020808046708095,-0.0023936764117782052,0.0011565896692018846,-0.0026763152562672174,0.002393788358601566,0.0011566344075069513,-0.0026762697490621446,0.002441176826025992,-0.001196018025590907,0.002507413597755602,-0.0024412893626662496,-0.0011959577914237057,0.002507374125399136,0.0008547839411687671,-2.292876733832453e-08,0.022169609514789246,0.000854811309603023,-2.2928697161638072e-08,0.022169718921232814,-0.0008547358685466551,2.2929450473303506e-08,-0.02216983527598362,-0.0008548593822251284,2.292801405441467e-08,-0.02216949316003846
positive_JT,0.03,1.528378777664638e-05,0.058820916960554144,0.0008756965345754738,3.370190288929235,0.0006008547315702495,-0.9686923378448978,-2.73811901769042e-05,0.3232848296191838,0.7320349385057723,0.11164320767188068,5.868671746629997,5.868671746629997,2,0.007919237096537203,7.503229578064249e-06,0.30150868905790773,0.10185902641521029,-0.053102389074855504,0.11164320767188068,-0.10186387800577258,-0.053104279173467994,0.1116420502096999,-0.10394610633396892,0.05392899684014247,-0.10415259296882302,0.10395194101881929,0.0539233004392313,-0.10415151822388764,-0.02407445830447417,2.0280321234038057e-06,-0.9437766695758044,-0.02407701250590559,2.028028468557487e-06,-0.9437877571954288,0.024069900329874275,-2.0281302957024745e-06,0.9437941778669958,0.024081570480505316,-2.0279302958147296e-06,0.9437702489042383
positive_JT,0.04,2.1323005997732115e-05,0.04771995266610544,0.0012217182502021913,2.7341518863319023,0.0004790313183633977,-1.1420099346367651,-2.4844690989374444e-05,0.3224293293417041,1.4594192598076092,0.2184035503210532,5.496297464537877,5.496297464537877,4,0.007918699318702527,7.501986054203067e-06,0.30064948311788914,0.2040045729909239,-0.11461818033119403,0.2184035503210532,-0.20401523474902564,-0.11462212119869844,0.2184033771721328,-0.20826746091702525,0.11298064623026527,-0.2045613492330786,0.20828195203451663,0.11296171643055336,-0.20456025614712947,-0.020823156088293736,6.637793395819662e-06,-1.890533910791476,-0.020831448530502887,6.637793898692525e-06,-1.8905738973452064,0.020807478590194422,-6.638278995565271e-06,1.8905895542657847,0.020847126028602177,-6.637308298946916e-06,1.8905182538708964
positive_JT,0.05,2.2509194974748356e-05,0.037917033610134626,0.0012896818722901624,2.1724859975164055,-2.9133834079205113e-06,-0.8626722388994523,1.5109499184350872e-06,0.3216701995824763,1.1327652075634844,0.16765913929235338,5.430811843368608,5.430811843368608,4,0.00781230783730986,7.503679107014704e-06,0.2999851511037736,0.15881996983098656,-0.09269346504585191,0.16765855710175573,-0.15882990593347085,-0.09269705935428482,0.16765913929235338,-0.1622097873476175,0.09018292226545091,-0.15852335304236018,0.1622229740712566,0.09016693423414823,-0.15852112191927553,-0.0031445432884659535,5.292518173465997e-06,-1.4715173841941873,-0.0031507390435151937,5.29252937118966e-06,-1.4715560383832775,0.003131707856118144,-5.292975967465895e-06,1.4715693987721203,0.0031635744758632977,-5.292071577189763e-06,1.4715040238053452
positive_JT,0.06,2.1958495433658893e-05,0.031078860362411267,0.001258129112805945,1.7806875308425898,-8.227573038562718e-05,-0.5685889600004079,1.608358250886683e-05,0.32121244015332934,0.6692471531372897,0.09870709521420323,5.400260340234279,5.400260340234279,4,0.007655077357905484,7.577944024471443e-06,0.2996440135873855,0.09392195648880718,-0.05531128489128406,0.09870667794106885,-0.0939281615718688,-0.055313644755214775,0.09870709521420323,-0.09597101360175568,0.053608713524811044,-0.09422265239616406,0.09597924521226034,0.053599868761128426,-0.0942202713277274,0.0007729827393956768,2.6889647154249526e-06,-0.8699750370103159,0.0007700053872631492,2.6889738024307718e-06,-0.8699991285333784,-0.0007795821879605409,-2.689207771267715e-06,0.8700073279554488,-0.0007634059386981044,-2.6887307470321e-06,0.8699668375882459
positive_JT,0.07,2.0936773123876602e-05,0.026915691173835472,0.0011995887366210616,1.542155506938293,-0.00011180737622287343,-0.3228651003567471,2.0360306478405264e-05,0.3210378180828126,0.23810150391626128,0.03511221613018354,5.381160764525118,5.381160764525118,4,0.007493353681377346,7.72206898052109e-06,0.29955599648286996,0.03342452249618654,-0.01964918073921731,0.03511206827177565,-0.0334267614801415,-0.01965008066652064,0.03511221613018354,-0.03416650824051447,0.019023313695683518,-0.033754228833604336,0.0341695108679374,0.019020484006494014,-0.03375303689300857,0.0004760290602912588,7.685950542542515e-07,-0.30954068906048,0.000475230510846543,7.685986624244046e-07,-0.30954932863945067,-0.0004779245033905881,-7.686651717078325e-07,0.30955230735654776,-0.0004733350677471307,-7.685285449708236e-07,0.30953771034338295
positive_JT,0.08,1.9783937165178414e-05,0.024835590565907076,0.0011335361017167373,1.4229745211413993,-0.00011629175515291037,-0.140026994731276,1.3251026322890027e-05,0.3210821046183453,-0.10888165264798272,0.01607452548186449,5.385314951720434,5.385314951720434,4,0.007349323699806809,7.911604733605593e-06,0.2996479915271146,-0.015286026817664533,0.008940757104000437,-0.016074458768383582,0.015287039035386495,0.008941190406869396,-0.01607452548186449,0.01562895012320993,-0.008652826641890467,0.015518537365369425,-0.015630325596359095,-0.008651668360969719,0.015517866910852255,-0.0001851041587797373,-2.7467119603028514e-07,0.1415438204400955,-0.0001848384544644265,-2.746728831160364e-07,0.14154775523392463,0.0001857820990973807,2.7469624854263624e-07,-0.14154913643663936,0.00018416051414673392,2.7464783082573e-07,-0.14154243923738086
positive_JT,0.09,1.872144043394225e-05,0.024175918112588447,0.0010726595232704594,1.385178073705201,-9.928509606346943e-05,-0.028012066710962392,1.03508016373493e-06,0.32126073749873685,-0.3470284324508395,0.0513029032571453,5.382141970861272,5.382141970861272,4,0.007238575032906418,8.125863535638277e-06,0.2998439037998829,-0.04872200525129705,0.028353025705457422,-0.051302691659075736,0.04872514171504954,0.028354467006783533,-0.0513029032571453,0.04982000518130481,-0.027434354345679313,0.04962789499297415,-0.04982430481672637,-0.027431017960491702,0.04962546546135552,-0.00037495808469762803,-6.80260248329112e-07,0.4511128074606898,-0.00037433237222840934,-6.802651061008005e-07,0.45112527671543545,0.00037663404179737127,6.803221943919388e-07,-0.45112972474083346,0.0003726564151285414,6.802031600379739e-07,-0.4511083594352918
positive_JT,0.1,1.7857835065173103e-05,0.024233674450955135,0.0010231785804751482,1.3884872681337417,-7.615248329144592e-05,0.022447822163302458,-1.1345513117588951e-06,0.3214945594058674,-0.4663478113658341,0.06902228947978216,5.36823041835798,5.36823041835798,4,0.007163637720745394,8.320368832163513e-06,0.30007794450838643,-0.06547617388412327,0.03794465974657381,-0.06902200249055201,0.06548025071992007,0.03794666764211783,-0.06902228947978216,0.0669540152818393,-0.03670944109822704,0.06682117665111849,-0.06695964130925977,-0.03670530651203329,0.06681764434369393,-0.00019080734721265715,-7.30328046430882e-07,0.6062102166992323,-0.00019019289337550175,-7.303345760648802e-07,0.6062268960374694,0.00019259912056885327,7.303944633222202e-07,-0.6062329217568774,0.0001884011200193411,7.30268159617631e-07,-0.6062041909798246
positive_JT,0.11,1.7226247987139945e-05,0.024598893885490938,0.0009869913065088485,1.4094128003287978,-5.5666093128297024e-05,0.043416089938949964,-4.220960380341359e-06,0.32172830870113467,-0.5223934572119941,0.07739287352270553,5.364325441784827,5.364325441784827,4,0.00710911233982522,8.46736101244657e-06,0.3003042440752982,-0.07334713948399535,0.04236015376410229,-0.07739255227980896,0.07335158879071141,0.0423624720141787,-0.07739287352270553,0.07500307408358411,-0.04097524542502606,0.074938747205904,-0.07500923531531531,-0.04097089401591731,0.07493457143564787,0.00011634641421055382,-6.725512868903245e-07,0.6790633012755911,0.00011684043124134569,-6.725590106861966e-07,0.6790819455015509,-0.00011470674365053661,6.726124627008004e-07,-0.6790887423839596,-0.00011848010180130585,6.724978353198102e-07,-0.6790565043931829
positive_JT,0.12,1.6738378861719233e-05,0.025085844102739004,0.0009590384646675031,1.4373129926100905,-4.492860455447653e-05,0.050895013688733365,-4.715164191841977e-06,0.32194093651141076,-0.5500246417486996,0.08155342337386076,5.362661823136389,5.362661823136389,4,0.007064550938171461,8.584480562394934e-06,0.30050588953362634,-0.07722909478852821,0.04447572628877327,-0.0815530881662745,0.07723368849835885,0.04447821469405939,-0.08155342337386076,0.07897283452193404,-0.04301528368545262,0.07895609228726476,-0.07897919994630695,-0.04301092878856783,0.07895151541354764,0.000421066711168835,-5.826179905668093e-07,0.7149867652110198,0.00042146618521103965,-5.826254625845955e-07,0.7150063415225579,-0.0004196580470032498,5.826709624897352e-07,-0.7150135612874031,-0.0004228748493768137,5.825724906616698e-07,-0.714979545446174
positive_JT,0.13,1.633164185068248e-05,0.02559699012817548,0.0009357341505633311,1.4665995025824872,-3.788204171730937e-05,0.05043513376486177,-4.994304292672328e-06,0.3221251916514956,-0.5609256484726048,0.08322459541240662,5.362183448258049,5.362183448258049,4,0.007028529325641776,8.683125596304029e-06,0.30067795843188694,-0.07876223090009139,0.04525659241059875,-0.08322425043894935,0.07876684115305067,0.04525916552843108,-0.08322459541240662,0.0805410050288178,-0.04376418199716715,0.08054853707398733,-0.08054738980980627,-0.04375992856715149,0.08054372991880641,0.0006763361509462915,-4.928140759213835e-07,0.7291674908561179,0.0006766691530231941,-4.928206820721437e-07,0.7291874357207989,-0.0006751565558790671,4.928588854886911e-07,-0.7291948258802561,-0.0006778487480902121,4.927758725048363e-07,-0.7291601006966613
positive_JT,0.14,1.6032823037086507e-05,0.026072661957932126,0.0009186130937051754,1.4938534908608083,-2.099493445784306e-05,0.0451921464977106,-2.7122897278488773e-07,0.3222779894722895,-0.5606860497844598,0.08323115897648625,5.362972194323463,5.362972194323463,4,0.00700041176231233,8.771026763666817e-06,0.3008190455214986,-0.07873114630902489,0.04516065613355897,-0.08323095260827477,0.07873577903113635,0.045163331446911655,-0.08323115897648625,0.08050996958351793,-0.04366570725450825,0.08052445746989692,-0.08051625689774283,-0.04366159252982325,0.08051956653019791,0.0008689362582900992,-4.2341999093918243e-07,0.7288685716293621,0.0008691903780670007,-4.2342628468895383e-07,0.7288880563529219,-0.0008679329877570629,4.234582579359039e-07,-0.7288956449435351,-0.0008701936486000344,4.233880176922325e-07,-0.728860983038748
positive_JT,0.15,1.583173485455061e-05,0.02647974293996291,0.0009070915895359122,1.5171775130512133,-1.9679881090650383e-05,0.03754117891157954,-4.0724318209155054e-07,0.32239906151845815,-0.5536090639911014,0.08221140951087016,5.3653062424651745,5.3653062424651745,4,0.006979402295378189,8.847729833036552e-06,0.30092991643469597,-0.07773958947722957,0.044534890624862274,-0.08221140951087016,0.07774422531189776,0.04453761621351136,-0.08221134409499639,0.07949710586408454,-0.04305584828899803,0.07950876733588087,-0.07950330189004656,-0.043051935423328316,0.07950394549597056,0.0010030300885562414,-3.970767153689393e-07,0.7196812337070146,0.0010030544698755443,-3.970866351252674e-07,0.7196991873934891,-0.0010020931789034024,3.971114996246198e-07,-0.7197069713016663,-0.001003991379528153,3.9705185042549786e-07,-0.7196734497988376
positive_JT,0.16,1.5633406227561224e-05,0.02680562543226476,0.000895728196252796,1.5358492044773135,-1.9819103861032836e-05,0.02927296455106257,-1.0792019941108072e-06,0.3224901534874944,-0.5433034455099406,0.08070326065243731,5.369364047450608,5.369364047450608,4,0.006964010824810761,8.905701769111931e-06,0.3010128174759578,-0.07629429350656061,0.0436664454721267,-0.08070326065243731,0.07629885161156746,0.043669159009400375,-0.08070306041371833,0.07802016694328165,-0.04221250187431552,0.07802566293810378,-0.07802622353506426,-0.042208773486577145,0.07802092749765893,0.0010901629978567024,-3.620387678996193e-07,0.7062948653500958,0.001090077420994641,-3.62049768825721e-07,0.7063117944012826,-0.0010893133263843312,3.620698882611744e-07,-0.7063195560239107,-0.001090927092466971,3.620186484641661e-07,-0.7062871037274684
positive_JT,0.17,1.5439269644949275e-05,0.02704993190222124,0.0008846049894200385,1.5498469341135597,-1.8980272545709015e-05,0.021286834174810074,-1.0951793992013224e-06,0.32255439718429557,-0.5317860000566996,0.0790081055722954,5.3741385829442825,5.3741385829442825,4,0.006952767839529946,8.951249216532932e-06,0.30107101176834367,-0.07467841981831601,0.04271359893045482,-0.0790081055722954,0.07468285999796807,0.042716263264093564,-0.07900785435379372,0.07636842054181946,-0.04128876901684443,0.07636824273288645,-0.07637430357458305,-0.04128518547444728,0.07636359952402358,0.001142109902663697,-3.242585212006776e-07,0.691329898446724,0.0011420058160833439,-3.242688338574805e-07,0.6913461341854119,-0.0011413540354084121,3.2428612216458026e-07,-0.6913538027863506,-0.001142761683338615,3.242412333376671e-07,-0.691322229845786
positive_JT,0.18,1.526117602783539e-05,0.027220176462837187,0.000874400976801194,1.5596012289219126,-1.6862279056741973e-05,0.014499751158894453,-8.971276031756162e-07,0.32259586437929855,-0.5207110780084904,0.07737378158496985,5.37914598684923,5.37914598684923,4,0.006944720548622875,8.987732665466261e-06,0.30110843920595515,-0.0731244232453273,0.04180570275851522,-0.07737378158496985,0.07312874248721887,0.041808308023123596,-0.07737352511734069,0.07477953814214901,-0.04040930945509539,0.07477614458807452,-0.07478526033295367,-0.040405852579763236,0.07477158474817922,0.001170445008341406,-2.892876102412631e-07,0.6769378578606968,0.0011703594064341452,-2.8929667432590666e-07,0.6769536424501958,-0.001169775758213227,2.8931213927044673e-07,-0.6769611573197456,-0.0011710286565624365,2.8927214574081236e-07,-0.6769303429911471
positive_JT,0.19,1.5095750338093613e-05,0.027338175613248774,0.0008649227829559496,1.5663620822266258,-1.6998535812411332e-05,0.010280069197655322,-4.790721916328044e-07,0.32262064105690774,-0.5136200345611022,0.07632804581326579,5.383949640151387,5.383949640151387,4,0.006939513554198234,9.0173061598497e-06,0.3011306298046574,-0.07212970266840935,0.04122441254001819,-0.07632804581326579,0.07213394005798347,0.04122697756031511,-0.07632779491841755,0.0737623989577406,-0.03984601233327261,0.07375694803777307,-0.07376800147137384,-0.03984265264990486,0.07375243364494968,0.0011888958011080444,-2.594416373696673e-07,0.6677232516177909,0.0011888323803310246,-2.5944953951510893e-07,0.667738781903872,-0.0011883003751509509,2.5946359512808714e-07,-0.6677461762132644,-0.0011894278062880128,2.5942758220077836e-07,-0.6677158573083997
positive_JT,0.2,1.4874808032721115e-05,0.027425169663706443,0.0008522637213422148,1.5713464741605985,-1.591927409743573e-05,0.007839712650490804,-1.612425065565775e-06,0.3226344909750434,-0.5098022794245453,0.07576635503635148,5.387752784966813,5.387752784966813,4,0.006936716328875779,9.033594757615982e-06,0.3011428027072326,-0.0715946449811178,0.04091105945139959,-0.07576635503635148,0.07159869760845647,0.04091355325650809,-0.07576596890345134,0.07321562919658123,-0.039542038805169294,0.07320713442617446,-0.07322098871264494,-0.0395386351062093,0.07320280245909164,0.0012012008042111312,-2.035692061494235e-07,0.662764131237832,0.0012011387340367932,-2.035753014214759e-07,0.6627784010906157,-0.0012007412959912638,2.035856797651386e-07,-0.6627861114506942,-0.0012015982422568297,2.0355882780576083e-07,-0.6627564208777535
positive_JT,0.21,1.4738891877243933e-05,0.027495280497270704,0.0008444762992657284,1.5753635290219747,-1.219186384528365e-05,0.006557814483206535,-8.946373816014705e-07,0.322641912187283,-0.5081942444242954,0.07553154893531908,5.390205041058108,5.390205041058108,4,0.0069352039189667985,9.055009338788708e-06,0.30114901813846146,-0.07136977599042393,0.040777871106856454,-0.07553154893531908,0.07137375065828008,0.04078035584041614,-0.07553116208224128,0.07298603561662312,-0.03941250251480555,0.07297414237343046,-0.07299132343651982,-0.03940904680880562,0.07296979115875087,0.0012106340694170558,-1.7957739546416002e-07,0.6606765196179252,0.0012106801185266909,-1.7958085687802562e-07,0.6606907039801151,-0.0012102349304832095,1.795920439993031e-07,-0.6606986673582679,-0.0012110792574605126,1.7956620923106103e-07,-0.6606685562397732
positive_JT,0.22,1.462683878745386e-05,0.027556084354448007,0.0008380561301393568,1.5788473334163504,-1.1255464905120203e-05,0.005812144628513471,-5.680070538723289e-07,0.32264585403216584,-0.507664516297034,0.07545619515699298,5.392038146523548,5.392038146523548,4,0.006934243559813663,9.075740697068696e-06,0.30115197585602504,-0.07129629998755957,0.040732715865575524,-0.07545619515699298,0.07130024373730862,0.04073520025155016,-0.07545582422633854,0.07291081645936534,-0.0393682177308315,0.0728956801498041,-0.07291607824905759,-0.039364718874226226,0.07289132177640978,0.0012181443795239277,-1.7293593547612673e-07,0.6599902405649191,0.0012182408641804644,-1.729382823090754e-07,0.6600044899766356,-0.0012177625084348492,1.7295014240584295e-07,-0.6600125550376506,-0.0012186227352694039,1.7292407493526998e-07,-0.6599821755039035
positive_JT,0.23,1.4514462065326685e-05,0.027611359585688486,0.0008316174182459552,1.5820143708780396,-1.1173563023224384e-05,0.005366361995017431,-4.3045401789282493e-07,0.32264807789944766,-0.5076905167031858,0.07546299602901269,5.393598642654398,5.393598642654398,4,0.006933546388299606,9.094488364829914e-06,0.3011533406040812,-0.07130085534696196,0.040732988448587325,-0.07546299602901269,0.07130477907228996,0.04073547394097699,-0.07546263449838347,0.07291516903071836,-0.03936790142091996,0.0728968663565954,-0.07292040880894637,-0.03936439418992908,0.07289250139933619,0.0012244204919852058,-1.6616203646796831e-07,0.6600262565754583,0.0012245368591562286,-1.6616385066400182e-07,0.6600405363785771,-0.0012240557089228496,1.6617572092335745e-07,-0.6600486400333487,-0.001224901642218322,1.661501666527019e-07,-0.6600181529206868
positive_JT,0.24,1.4403859018658739e-05,0.027663179141848473,0.0008252803304705934,1.584983412742248,-1.095682465071361e-05,0.00507240249220474,-3.944246084916233e-07,0.3226496117045341,-0.5080021258111537,0.07551196629430847,5.394984088676359,5.394984088676359,4,0.006933020527507188,9.11219524695512e-06,0.30115409302233953,-0.07134551540965577,0.040756696674151244,-0.07551196629430847,0.07134942292429386,0.04075918471959622,-0.07551161108998357,0.07296046082088091,-0.039390270305486495,0.07293895409455146,-0.07296568221305083,-0.03938676617087432,0.07293458289944868,0.001229844641597494,-1.595036986337618e-07,0.6604334943424373,0.0012299689340628615,-1.5950521514478036e-07,0.6604477917557895,-0.001229496454723142,1.5951684425246932e-07,-0.6604559126238956,-0.0012303171209371066,1.5949206908198363e-07,-0.6604253734743314
positive_JT,0.25,1.42956206855764e-05,0.02771252847700941,0.0008190787308034441,1.5878109213687464,-1.0716097211688071e-05,0.004849614271966123,-3.887678486744623e-07,0.32265100980937894,-0.5084322081515821,0.0755783411761258,5.396234339062285,5.396234339062285,4,0.00693260265731478,9.12925552530843e-06,0.3011547603990132,-0.07140681099174108,0.040790256341027925,-0.0755783411761258,0.07141070366859237,0.04079274773300886,-0.07557799126064531,0.0730227406576956,-0.03942218447707478,0.07299797299306045,-0.07302794504153963,-0.03941868582193874,0.07299359629647019,0.0012345434771120108,-1.5366721211455435e-07,0.660994701669916,0.0012346714069424204,-1.536685324402812e-07,0.6610090137011627,-0.001234209788207981,1.5367987958049648e-07,-0.6610171455618209,-0.001235005095846673,1.5365586408616066e-07,-0.6609865698092575
positive_JT,0.26,1.4189723957637495e-05,0.027759876016569943,0.0008130112952282998,1.5905237355558934,-1.0489569801078608e-05,0.004661435264139802,-3.9157017074544435e-07,0.3226525391930125,-0.5089044102881524,0.07565081032731565,5.3973782028259505,5.3973782028259505,4,0.006932247239449437,9.145850388611584e-06,0.3011555937292664,-0.0714740202312648,0.04082744035755617,-0.07565081032731565,0.07147789847432597,0.04082993544782068,-0.07565046535900206,0.07309105927601788,-0.039457620180146015,0.07306297984973906,-0.07309624705865561,-0.039454126759051716,0.073058598709374,0.0012386042450905944,-1.48780785133302e-07,0.661610626243633,0.0012387342727934116,-1.487819592310897e-07,0.6616249522281398,-0.0012382826848803758,1.4879305152168585e-07,-0.6616330931414709,-0.0012390558330034078,1.4876969373088432e-07,-0.6616024853303015
positive_JT,0.27,1.4085946732207578e-05,0.02780546486804274,0.0008070652982015878,1.5931357843381335,-1.0288409366474836e-05,0.004492573296938772,-3.9620099471783196e-07,0.32265429993043915,-0.5093869376713355,0.07572466951611308,5.398439762108737,5.398439762108737,4,0.0069319239622033495,9.162082364679297e-06,0.3011566836323205,-0.07154267834495887,0.040865636212670114,-0.07572466951611308,0.07154654220403123,0.040868135132268904,-0.07572432938725279,0.07316085562660553,-0.039494049529594955,0.07312942451406727,-0.07316602684145292,-0.0394905604708717,0.07312504003165786,0.0012421001981512698,-1.4476410003937446e-07,0.6622399372767085,0.0012422317672296673,-1.4476515809437281e-07,0.6622542770232664,-0.0012417886101268635,1.4477603549488183e-07,-0.6622624262554058,-0.0012425433552541948,1.447532226388655e-07,-0.6622317880445695
positive_JT,0.28,1.3984025318631569e-05,0.027849449602347295,0.0008012256313616751,1.595655923976789,-1.0113432858691724e-05,0.0043373969214407036,-4.0074277265926403e-07,0.32265630156222014,-0.5098688454281058,0.07579830719268879,5.399438959210438,5.399438959210438,4,0.006931615117051463,9.178020919438051e-06,0.30115803419219195,-0.0716112484118803,0.04090392537032697,-0.07579830719268879,0.07161509783450486,0.040906428159841135,-0.07579797187004446,0.07323055953029621,-0.03953058295032412,0.07319574840899618,-0.07323571410129301,-0.03952709734805787,0.07319136156484346,0.001245103311727923,-1.414773564589807e-07,0.6628684071909435,0.0012452362154716152,-1.4147831764212615e-07,0.6628827606056554,-0.0012447998887032533,1.4148902146489327e-07,-0.6628909177948911,-0.0012455396384961966,1.414666530803028e-07,-0.662860250001708
positive_JT,0.29,1.3883713748135909e-05,0.02789195484186268,0.0007954782017359448,1.598091294808213,-9.961688989080635e-06,0.004194150829800209,-4.0471660894612476e-07,0.32265850995690787,-0.5103479546262236,0.07587141274107767,5.400391463446927,5.400391463446927,4,0.006931312651961268,9.193718063038939e-06,0.30115960828741145,-0.07167942451634594,0.040942104309241514,-0.07587141274107767,0.07168325944252736,0.04094461098004989,-0.07587108221188611,0.07329985864853307,-0.03956702245538683,0.07326165073505937,-0.07330499649428511,-0.03956353952226902,0.07325726233155937,0.0012476868153518449,-1.3877928107369802e-07,0.6634932038518233,0.0012478209714887759,-1.3878015976762935e-07,0.6635075708891834,-0.0012473901002889422,1.3879072381662046e-07,-0.663515735823559,-0.0012481176865516688,1.3876871702470691e-07,-0.6634850389174483
positive_JT,0.3,1.3784803100955564e-05,0.027933096056665923,0.0007898110391036035,1.60044851278048,-9.829202041878084e-06,0.00406225195224719,-4.0807229223276733e-07,0.3226608746873667,-0.510824979392574,0.07594410483150682,5.401308896489467,5.401308896489467,4,0.006931015235723606,9.209214186468985e-06,0.3011613539898745,-0.0717473070188399,0.04098020864615886,-0.07594410483150682,0.07175112740880712,0.04098271920368081,-0.07594377908633593,0.07336885578505906,-0.03960340146982548,0.07332724537895871,-0.07337397684972415,-0.03959992055901011,0.07332285604493147,0.0012499227818401754,-1.3654690287902334e-07,0.6641152561088031,0.0012500581533551368,-1.3654770945863403e-07,0.6641296367647048,-0.0012496316218254682,1.365581620813643e-07,-0.6641378093133276,-0.0012503493133699554,1.3653645070038234e-07,-0.6641070835601807
positive_JT,0.31,1.3687124079069091e-05,0.0279729837558426,0.0007842144434025426,1.602733909597791,-9.712113099738411e-06,0.003941180535668799,-4.1087784236130846e-07,0.3226633439142267,-0.5113009492747761,0.07601654831079699,5.402199411487671,5.402199411487671,4,0.006930725685142579,9.224540850590422e-06,0.3011632188163328,-0.07181504056604615,0.04101830403517267,-0.07601654831079699,0.07181884640155772,0.04102081848443051,-0.07601622733905262,0.07343769892529729,-0.03963978263037407,0.07339269052873608,-0.07344280317918599,-0.03963630322237632,0.07338830074842265,0.0012518785401443185,-1.346798906597265e-07,0.6647359029110291,0.0012520151080397694,-1.3468063418080674e-07,0.6647502972070882,-0.0012515920305276053,1.3469099625263095e-07,-0.6647584772868925,-0.0012523016176564207,1.346695281438131e-07,-0.6647277228312244
positive_JT,0.32,1.3590542921423404e-05,0.028011721728314672,0.0007786807506889571,1.6049534319273349,-9.60710392910869e-06,0.0038301489505011364,-4.132246121571154e-07,0.32266587157528803,-0.511776304789922,0.07608881943723143,5.403068423535201,5.403068423535201,4,0.0069304489458278,9.239722620312267e-06,0.30116515651476927,-0.07188268706989406,0.0410564124257938,-0.07608881943723143,0.07188647834722947,0.04105893077032365,-0.07608850322667121,0.07350645141416486,-0.0396761864671306,0.07345805848914075,-0.07351153884461611,-0.039672708150235714,0.07345366863614045,0.0012536137992289265,-1.3309888722328062e-07,0.6653557175051774,0.0012537515531565815,-1.330995735399355e-07,0.6653701254668349,-0.0012533312318743993,1.3310986325307805e-07,-0.665378313019054,-0.00125403412051109,1.330885975101381e-07,-0.6653475299529585
positive_JT,0.33,1.3494955252852071e-05,0.028049404245872385,0.0007732039807063244,1.6071124811448194,-9.511493292022809e-06,0.003728108163168975,-4.151989999978521e-07,0.32266842007685437,-0.512250771090755,0.07616088680717821,5.403919328221872,5.403919328221872,4,0.006930190659601999,9.254778522947355e-06,0.30116712950730895,-0.071950207963611,0.041094501232501454,-0.07616088680717821,0.07195398468580691,0.04109702347176423,-0.07616057534443517,0.07357507383602548,-0.03971258091168428,0.07352331734760828,-0.0735801444375188,-0.0397091033634674,0.07351892771498855,0.001255179082535658,-1.3174203409552764e-07,0.6659743431791646,0.001255318017351535,-1.3174266780106238e-07,0.6659887648156799,-0.0012548999025461108,1.31752898473313e-07,-0.6659969597882704,-0.0012555971973413507,1.3173180297918788e-07,-0.6659661482065746
positive_JT,0.34,1.3400279921809387e-05,0.028086114129954286,0.0007677794838135747,1.6092158025691268,-9.423191199781938e-06,0.0036338672064629807,-4.1687498198662606e-07,0.3226709605397877,-0.5127235349984253,0.07623263752879425,5.4047541196408755,5.4047541196408755,4,0.006929956251299402,9.269723261970545e-06,0.3011691089912594,-0.0720174890641214,0.0411324970380915,-0.07623263752879425,0.0720212512350768,0.04113502316540942,-0.07623233079995151,0.07364344944867252,-0.039748894524825766,0.07358835635669439,-0.07364850321538055,-0.03974541749628866,0.0735839671805024,0.0012566153998614638,-1.3056140227196007e-07,0.6665907233891707,0.0012567555140832567,-1.3056198723095384e-07,0.6666051586798356,-0.0012563391711846008,1.3057217002179153e-07,-0.6666133610156356,-0.0012570317427601004,1.3055121948112238e-07,-0.6665825210533709
positive_JT,0.35000000000000003,1.3306453649352488e-05,0.028121922117075798,0.0007624036343943498,1.6112674491040482,-9.340602127786862e-06,0.0035462213856270893,-4.183132629783892e-07,0.32267347186400325,-0.5131934912264274,0.0763039138353704,5.4055738766841355,5.4055738766841355,4,0.00692975042355676,9.28456821152729e-06,0.30117107392588827,-0.07208437515338631,0.041170304928378886,-0.0763039138353704,0.07208812277434058,0.041172834929964194,-0.07630361182632867,0.07371141954995167,-0.039785035169214875,0.07365302137981189,-0.07371645647135008,-0.03978155847141637,0.07364863285608163,0.001257954823133419,-1.2951983588829012e-07,0.6672034218428492,0.0012580961179120837,-1.2952037524322694e-07,0.667217870730194,-0.001257681201834671,1.2953051836089892e-07,-0.6672260803602479,-0.0012583697392108137,1.2950969277061813e-07,-0.6671952122127953
positive_JT,0.36,1.3213426712635123e-05,0.028156887334516583,0.0007570735835394142,1.6132708084931624,-9.262520658848535e-06,0.0034640492194804254,-4.195625234986041e-07,0.32267593934940203,-0.5136594565293926,0.07637454504259879,5.406379120465591,5.406379120465591,4,0.00692957694231691,9.299322207758435e-06,0.3011730096176791,-0.07215070005614554,0.041207825298317374,-0.07637454504259879,0.07215443312413186,0.041210359153276484,-0.07637424773924588,0.07377881423633643,-0.039820906238954304,0.07371714581276942,-0.07378383429536102,-0.03981742973178599,0.07371275810917685,0.0012592215960659816,-1.2858843283334298e-07,0.6678109008901922,0.0012593640743724102,-1.2858892870589017e-07,0.6678253632789874,-0.0012589503098382677,1.2859903947462994e-07,-0.6678335801199327,-0.0012596353605999746,1.2857832295278165e-07,-0.6678026840492479
positive_JT,0.37,1.3121159612274825e-05,0.02819105850770054,0.0007517870681008591,1.6152286724976137,-9.188038386600804e-06,0.0033863698945506763,-4.206612408715236e-07,0.32267835327401867,-0.514120319714203,0.0764443700342016,5.407170061854149,5.407170061854149,4,0.006929438610505895,9.313992161529265e-06,0.30117490628762267,-0.07221630771042657,0.04124496555272076,-0.0764443700342016,0.07222002621809394,0.04124750323373823,-0.07644407742243978,0.07384547394943344,-0.03985641795567053,0.07378057233337595,-0.07385047712240994,-0.03985294153844356,0.07377618559693025,0.001260433470286189,-1.2774459333875313e-07,0.6684117165383348,0.0012605771362208143,-1.2774504776846397e-07,0.668426192298549,-0.0012601643027848018,1.277551306073811e-07,-0.6684344162527819,-0.0012608463037221175,1.2773451049983604e-07,-0.6684034925841019
positive_JT,0.38,1.3029620567722946e-05,0.028224475531126048,0.0007465422671873765,1.6171433269037851,-9.116468227644913e-06,0.003312366727873206,-4.216395358245757e-07,0.32268070762293155,-0.5145751281294706,0.07651325032662458,5.407946763109353,5.407946763109353,4,0.006929337350020717,9.328583523212493e-06,0.30117675780275577,-0.07228106431679653,0.04128164675494519,-0.07651325032662458,0.07228476825303691,0.04128418822933531,-0.07651296239232258,0.07391126189906362,-0.039891493783094464,0.07384316553455048,-0.07391624815667087,-0.039888017386683614,0.0738387798965452,0.0012616030515111962,-1.2697054406094317e-07,0.6690046308893755,0.001261747909741193,-1.269709581539467e-07,0.6690191198613622,-0.00126133583036059,1.26981018230877e-07,-0.6690273508188457,-0.0012620151308916964,1.269604844281021e-07,-0.6689963999318922
positive_JT,0.39,1.2938783663301998e-05,0.02825717112042244,0.0007413376959400228,1.6190166461791615,-9.047286229637502e-06,0.0032413864014467658,-4.2252084005598367e-07,0.32268299904068815,-0.5150231239736729,0.07658107566777923,5.408709236642498,5.408709236642498,4,0.006929274335234965,9.343100630487003e-06,0.3011785606375611,-0.0723448634395929,0.04131780629697286,-0.07658107566777923,0.07234855279054205,0.0413203515278581,-0.07658079239669224,0.0739760692788803,-0.039926072997967944,0.07390481733538022,-0.07398103858759264,-0.039922596578296374,0.0739004329145651,0.0012627390248659224,-1.262522284561727e-07,0.6695886593425557,0.0012628850801792667,-1.2625260327147488e-07,0.6696031613430965,-0.0012624736124122486,1.2626264388052407e-07,-0.6696113991839184,-0.0012631504926330288,1.2624218829121278e-07,-0.6695804215017345
positive_JT,0.4,1.2848627483846016e-05,0.02828917236169215,0.000736172127360171,1.6208501822430958,-8.980088401352294e-06,0.003172923516316749,-4.2332331735784746e-07,0.3226852260145114,-0.5154637463585834,0.07664776452261211,5.409457500303564,5.409457500303564,4,0.006929250141002072,9.357546967117046e-06,0.3011803130682458,-0.07240762629820449,0.041353397869226864,-0.07664776452261211,0.07241130104832418,0.04135594681667442,-0.0766474859003016,0.07403981556339807,-0.0399601106529007,0.07396544744743934,-0.07404476788702018,-0.03995663418559475,0.07396106435208571,0.0012638471953061038,-1.2557848213634297e-07,0.670163073277976,0.0012639944522931125,-1.2557881885371799e-07,0.6701775881062564,-0.0012635834814526473,1.2558884242405623e-07,-0.6701858327033507,-0.0012642581661466501,1.2556845856600472e-07,-0.6701548286808822
positive_JT,0.41000000000000003,1.2759134108631509e-05,0.028320502058679625,0.0007310445346659991,1.6226452416539017,-8.9145594284274e-06,0.0031065980488481294,-4.2406103007362223e-07,0.3226873882639746,-0.5158966131341141,0.0767132615203861,5.410191604247403,5.410191604247403,4,0.006929264883362397,9.371925355429064e-06,0.30118201457325333,-0.0724692992154644,0.041388389850306344,-0.0767132615203861,0.0724729593485487,0.0413909424723403,-0.07671298753214952,0.07410244589804153,-0.03999357601380153,0.07402500090373282,-0.07410738119912849,-0.03999009948983654,0.07402061923305371,0.0012649313253188413,-1.249403954193172e-07,0.6707273764296267,0.0012650797881308018,-1.24940694356664e-07,0.6707419038726116,-0.0012646692218980194,1.2495070354842845e-07,-0.6707501550942795,-0.0012653418915516564,1.2493038622755277e-07,-0.6707191252079596
positive_JT,0.42,1.2670288363154687e-05,0.028351179840167422,0.0007259540484224837,1.6244029490579772,-8.850450260307796e-06,0.003042130972450091,-4.2474487441344883e-07,0.32268948630096395,-0.5163214930434401,0.07677753343369467,5.410911640351272,5.410911640351272,4,0.0069293183419400365,9.386238100302422e-06,0.30118366540270597,-0.07252984970757506,0.04142276295895132,-0.07677753343369467,0.07253349520758227,0.041425319212385105,-0.07677726406451915,0.07416392710020862,-0.04002645028576319,0.07408344416875932,-0.07416884534124638,-0.04002297370796424,0.07407906401395585,0.001265993780277582,-1.2433085233292955e-07,0.6712812686873352,0.001266143452493096,-1.243311145384569e-07,0.6712958085242884,-0.0012657332166346367,1.2434111112973635e-07,-0.6713040662363436,-0.001266404016136217,1.2432085618573932e-07,-0.6712730109752794
positive_JT,0.43,1.2582077255141321e-05,0.028381223030022096,0.0007208999242271451,1.6261242970397602,-8.787562123794292e-06,0.0029793212641984227,-4.2538331403483573e-07,0.3226915211225476,-0.51673827532003,0.07684056474888909,5.4116177417565785,5.4116177417565785,4,0.006929410060062503,9.400487098122535e-06,0.3011852662790004,-0.07258926221443518,0.041456507732218616,-0.07684056474888909,0.0725928930661351,0.041459067573314315,-0.07684029998342233,0.07422424329277733,-0.04005872417227044,0.07414076085430345,-0.07422914443710688,-0.040055247552518006,0.07413638229940894,0.0012670360065707362,-1.237441587603565e-07,0.6718246065728462,0.001267186891112687,-1.237443842195116e-07,0.6718391585789425,-0.001266776926047779,1.2375436943813759e-07,-0.6718474226464245,-0.00126744597163558,1.2373417354173057e-07,-0.6718163425053636
positive_JT,0.44,1.2495774066648173e-05,0.028410721190030932,0.0007159551157679657,1.6278144171116682,-8.534323909648569e-06,0.0029335548575536784,-3.5526392086186883e-07,0.32269349915320356,-0.5171691012556064,0.0769056577093448,5.412330733316174,5.412330733316174,4,0.0069295341374635035,9.41446117442951e-06,0.30118682189190016,-0.07265064705920161,0.04149138994098185,-0.0769056577093448,0.0726542637114351,0.0414939536373367,-0.07690539733219828,0.07428657478778496,-0.04009210206464617,0.07420012832454269,-0.07429145957774945,-0.04008862611473687,0.07419575005294275,0.0012681162174346219,-1.2269779917164606e-07,0.6723861792251975,0.0012682672591956988,-1.2269799899190978e-07,0.6724007435673928,-0.0012678597387831936,1.2270792430315172e-07,-0.6724090143997075,-0.0012685237378468946,1.2268787430449332e-07,-0.6723779083928827
positive_JT,0.45,1.2411294534668751e-05,0.028439871951966435,0.0007111147951303045,1.629484632740163,-8.383800493630355e-06,0.002903944197799798,-3.326752560662101e-07,0.3226954354322053,-0.5176316092884209,0.07697545037188464,5.413051731484275,5.413051731484275,4,0.006929676059329027,9.428152739092978e-06,0.301188343402369,-0.0727164825774972,0.041528812955532256,-0.07697545037188464,0.07272008591023202,0.041531380976249255,-0.07697519407259212,0.07435345583540139,-0.040127937455777515,0.07426407031713121,-0.07435832544704432,-0.040124463063655406,0.0742596908831665,0.0012692908604374647,-1.2110383408909471e-07,0.6729889278830286,0.0012694406796412215,-1.2110402367494267e-07,0.6730035051797043,-0.0012690383171525717,1.211138281979315e-07,-0.6730117835101639,-0.0012696932229263808,1.210940300101951e-07,-0.6729806495525682
positive_JT,0.46,1.2328087567425168e-05,0.02846876415334301,0.0007063473870811639,1.6311400339398827,-8.267772269095858e-06,0.002879774151364225,-3.2485439944037965e-07,0.32269733860667155,-0.5181029092415065,0.07704654406823193,5.413771588218952,5.413771588218952,4,0.006929828101135484,9.441652274823863e-06,0.30118983764521134,-0.07278355381119694,0.041566937783649456,-0.07704654406823193,0.07278714412401374,0.04156951022626628,-0.07704629175481285,0.0744215991825192,-0.04016445296224277,0.07432929744569995,-0.07442645401407176,-0.040160980157108776,0.07432491662794956,0.0012705115521229713,-1.194867126515198e-07,0.6736030969029367,0.0012706598521061252,-1.1948689787126676e-07,0.673617687359942,-0.001270263000101832,1.1949657383305154e-07,-0.6736259733618244,-0.0012709084041273623,1.1947703668973501e-07,-0.6735948109010547
positive_JT,0.47000000000000003,1.2245942501137879e-05,0.0284974255534073,0.0007016408214750798,1.6327822111985026,-8.166984790991382e-06,0.002857126619085462,-3.217089802290546e-07,0.32269921321068884,-0.5185740431034198,0.07711760829065598,5.4144870441622475,5.4144870441622475,4,0.006929986638499579,9.455000397986233e-06,0.3011913084504373,-0.07285060253291496,0.04160504490636842,-0.07711760829065598,0.07285417991904332,0.041607621732700974,-0.07711735994574746,0.07448971832162882,-0.04020095321499248,0.07439452245245493,-0.074494558498253,-0.040197481763676185,0.07439014043316977,0.0012717567237749137,-1.1800619772178431e-07,0.6742170411394698,0.0012719035801595053,-1.1800637945545473e-07,0.674231644773645,-0.0012715118298200032,1.1801593738666014e-07,-0.6742399384201347,-0.0012721484741147723,1.1799664023466811e-07,-0.6742087474929805
positive_JT,0.48,1.2164746090958751e-05,0.028525861969837748,0.0006969886098602027,1.6344114978444437,-8.075747397538407e-06,0.002834631486209289,-3.201343445149033e-07,0.3227010619336655,-0.5190417592429033,0.07718815957455369,5.415196903581656,5.415196903581656,4,0.006930149664305959,9.468219931887157e-06,0.30119275819192803,-0.07291717200084002,0.041642873691528776,-0.07718815957455369,0.0729207364834096,0.04164545481793965,-0.07718791520467705,0.07455734625783578,-0.04023718633786761,0.07445927757498644,-0.07456217181164386,-0.040233715952463736,0.07445489464409227,0.001273014947025441,-1.1669462374677051e-07,0.6748265335345554,0.001273160554219985,-1.166948022019776e-07,0.6748411502849213,-0.0012727732992910412,1.1670425579818888e-07,-0.674849451483741,-0.001273402201954482,1.1668517059464847e-07,-0.6748182323357353
positive_JT,0.49,1.2084416817211043e-05,0.02855407204077439,0.000692386081503108,1.6360278158488781,-7.991940542123251e-06,0.002811882212496723,-3.191681511065301e-07,0.3227028865369221,-0.519504983800612,0.07725803776981109,5.4159007450539045,5.4159007450539045,4,0.006930315876363219,9.481326630079954e-06,0.30119418845798496,-0.0729831113610213,0.041680338645607926,-0.07725803776981109,0.07298666294130819,0.04168292397651527,-0.07725779738771558,0.07462432876281717,-0.04027306970840835,0.07452340775649625,-0.07462913969569641,-0.040269600115451984,0.07451902420942685,0.0012742789031354258,-1.1554224293507267e-07,0.6754301781240014,0.0012744234845247296,-1.155424174221178e-07,0.6754448078991258,-0.0012740401136342614,1.1555178019375299e-07,-0.675453116540693,-0.0012746622740261772,1.155328797193483e-07,-0.6754218694824343
positive_JT,0.5,1.2004887976375436e-05,0.028582052766720878,0.0006878294145736601,1.637630993353324,-7.914350159204203e-06,0.002788828957980015,-3.185022715082509e-07,0.3227046882618116,-0.5199634745823423,0.07732720629942723,5.4165984483840255,5.4165984483840255,4,0.00693048434300028,9.494332748925282e-06,0.30119560037437343,-0.07304838657842194,0.04171742105255753,-0.07732720629942723,0.07305192525263779,0.04172001049270763,-0.0773269699180753,0.07469063105326275,-0.04030858523370929,0.07458687743444024,-0.07469542735866098,-0.0403051161937488,0.07458249353994215,0.0012755434715942188,-1.1452766645088448e-07,0.6760276601217177,0.0012756872481691686,-1.1452783516995917e-07,0.6760423028196509,-0.0012753072045327538,1.1453712073587542e-07,-0.6760506187940856,-0.0012759235152306385,1.1451838088496825e-07,-0.6760193441472839
positive_JT,0.51,1.192610323699109e-05,0.028609801480841947,0.0006833153815168989,1.6392208775593764,-7.842022743437117e-06,0.002765541595812303,-3.1802862420831185e-07,0.3227064680307774,-0.5204172934557327,0.07739567386706545,5.417290013568764,5.417290013568764,4,0.006930654371922552,9.5072483000247e-06,0.3011969947749872,-0.0731130063292631,0.04175412649176824,-0.07739567386706545,0.07311653209409798,0.04175671995053017,-0.07739544149769652,0.07475626201650083,-0.04034373829618115,0.07464969483290064,-0.07476104368675662,-0.0403402696062008,0.07464531082575315,0.001276805001039473,-1.1362839819659143e-07,0.676619060027897,0.0012769481808489911,-1.1362855992379905e-07,0.676633715544248,-0.0012765709755020779,1.1363777898604266e-07,-0.6766420387469169,-0.0012771822063864704,1.1361917913434784e-07,-0.6766107368252277
positive_JT,0.52,1.1848014987864664e-05,0.028637316422593886,0.0006788412544123885,1.6407973675953107,-7.77413518966967e-06,0.002742117410092286,-3.1770132435702357e-07,0.32270822655616976,-0.5208665966282694,0.07746346331634217,5.41797548820714,5.41797548820714,4,0.006930825447283514,9.5200815774219e-06,0.3011983722989071,-0.0731769925422596,0.04179046797177255,-0.07746346331634217,0.07318050539644662,0.04179306536442721,-0.07746323496795271,0.07482124408932549,-0.040378541455042063,0.07471188185729731,-0.07482601111790863,-0.040375072945440627,0.07470749793952579,0.00127806091882308,-1.1282416839473716e-07,0.6772045809830146,0.001278203693836493,-1.128243204484595e-07,0.6772192492139342,-0.0012778289033268642,1.1283348282594269e-07,-0.6772275795467289,-0.001278435709332744,1.1281500557316476e-07,-0.6771962506502198
positive_JT,0.53,1.1770583178346105e-05,0.02866459677903551,0.0006744047385269142,1.6423604168830284,-7.709975629384022e-06,0.0027186470254364336,-3.1749492552305374e-07,0.32270996440428934,-0.5213115527250584,0.0775305994462514,5.418654937198695,5.418654937198695,4,0.006930997189582027,9.532839462467786e-06,0.30119973344916273,-0.07324036889093774,0.041826459366385745,-0.0775305994462514,0.07324386883545167,0.04182906061428596,-0.07753037512555543,0.07488560149168873,-0.040413008104008476,0.07477346231573345,-0.07489035387367901,-0.04040953963426107,0.07476907866034889,0.0012793094553290756,-1.12097706393717e-07,0.6777844422654878,0.0012794520009548104,-1.1209784811410876e-07,0.6777991231085048,-0.0012790792605010014,1.1210696187936737e-07,-0.6778074604795764,-0.001279682195782777,1.1208859262845839e-07,-0.6777761048944169
positive_JT,0.54,1.1693774235232275e-05,0.028691642544612993,0.0006700039102576313,1.6439100251043184,-7.648938449236576e-06,0.002695204052251998,-3.1739166017514397e-07,0.3227116820360211,-0.521752313535124,0.07759710464237411,5.4193284298597835,5.4193284298597835,4,0.006931169324683257,9.545527653877481e-06,0.30120107863047674,-0.07330315668416378,0.041862113092817774,-0.07759710464237411,0.07330664372199681,0.04186471812313121,-0.07759688435392019,0.07494935602499586,-0.04044715022821556,0.0748344576945088,-0.07495409375699515,-0.04044368168259386,0.07483007444965153,0.0012805494292632516,-1.1143464496013577e-07,0.6783588412611306,0.0012806919048381775,-1.1143477342921891e-07,0.67837353461515,-0.001280320900756872,1.1144384615106394e-07,-0.6783818789381603,-0.001280920433344531,1.1142557268237996e-07,-0.6783504969381213
positive_JT,0.55,1.161756004647284e-05,0.028718454341062186,0.0006656371589027023,1.645446227882021,-7.5905159890886054e-06,0.0026718441573581053,-3.173773994489259e-07,0.322713379834379,-0.5221890064799515,0.07766299773565474,5.4199960345783795,5.4199960345783795,4,0.0069313416584348584,9.558150861972141e-06,0.3012024081749399,-0.07336537380804609,0.04189743953422379,-0.07766299773565474,0.07336884794389367,0.04190004827953576,-0.07766278148198773,0.07501252599038105,-0.04048097784674278,0.07489488605278496,-0.07501724907027901,-0.040477509130501195,0.07489050334555829,0.0012817800803571987,-1.1082315884081974e-07,0.6789279436728256,0.0012819226299976094,-1.1082327383014455e-07,0.6789426494378614,-0.0012815530926420923,1.1083231006864132e-07,-0.6789510006311563,-0.0012821496177129327,1.1081412215823378e-07,-0.6789195924795303
positive_JT,0.56,1.1541917049214071e-05,0.028745033251273668,0.0006613031344100552,1.646969087261196,-7.534286992551969e-06,0.0026486075066877867,-3.1744024639726407e-07,0.3227150581242064,-0.5226217356264014,0.07772829413427537,5.420657816836352,5.420657816836352,4,0.006931514056050132,9.570712975954488e-06,0.30120372236037907,-0.07342703486814023,0.04193244714389626,-0.07772829413427537,0.07343049610810853,0.04193505954177744,-0.07772808191610517,0.07507512633424329,-0.04051449911368948,0.0749547621477487,-0.07507983476098146,-0.04051103014978471,0.07495038008754967,0.0012830009425693724,-1.1025357013907567e-07,0.6794918848383282,0.0012831436961613133,-1.1025366824227513e-07,0.6795066029152065,-0.001282775393693526,1.1026267442249182e-07,-0.6795149609010686,-0.0012833692450371734,1.1024456351476976e-07,-0.6794835268524663
positive_JT,0.5700000000000001,1.1466825440795151e-05,0.028771380683755784,0.000657000702170802,1.6484786839434271,-7.479904087106561e-06,0.002625522028497411,-3.175699486488002e-07,0.32271671718680667,-0.5230505855552136,0.07779300638407197,5.421313838736685,5.421313838736685,4,0.006931686425841329,9.5832172067332e-06,0.3012050214240038,-0.0734881517328299,0.04196714277336554,-0.07779300638407197,0.07349160008419114,0.04196975876594706,-0.07779279820043637,0.07513716920394499,-0.04054772063548716,0.075014097974281,-0.07514186297732335,-0.04054425136179421,0.07500971665562328,0.0012842117508980455,-1.0971797924187574e-07,0.6800507747603658,0.001284354825130859,-1.0971805985140666e-07,0.6800655050504819,-0.001283987558143265,1.0972704052473874e-07,-0.6800738697544879,-0.0012845790178858498,1.0970899945672209e-07,-0.6800424100563603
positive_JT,0.58,1.1392268512136024e-05,0.028797498269019284,0.000652728904825176,1.6499751113500987,-7.427081877781578e-06,0.0026026064813991765,-3.177575828408849e-07,0.32271835727103854,-0.5234756256819384,0.07785714479999467,5.421964159172246,5.421964159172246,4,0.00693185870677661,9.59566620730214e-06,0.3012063055727711,-0.07354873414029003,0.04200153203199412,-0.07785714479999467,0.07355216961129056,0.04200415156556438,-0.07785694064841354,0.07519866456849333,-0.040580647818539844,0.0750729033737185,-0.07520334368902387,-0.040577178185500495,0.07506852287859539,0.0012854123747620871,-1.0920995281659852e-07,0.6806047037247229,0.0012855558741634021,-1.0921001426981581e-07,0.6806194461298787,-0.0012851894710694959,1.0921897237981516e-07,-0.6806278174803821,-0.001285778777856027,1.0920099515068841e-07,-0.6805963323742197
positive_JT,0.59,1.1318232092588589e-05,0.028823387783568414,0.0006484869304548481,1.6514584712674065,-7.375586361744938e-06,0.0025798729907838516,-3.1799534632947964e-07,0.3227199786017864,-0.5238969141019154,0.07792071802992126,5.422608834230521,5.422608834230521,4,0.006932030859223088,9.608062172976072e-06,0.30120757499131573,-0.07360879023860926,0.04203561960451291,-0.07792071802992126,0.07361221283832114,0.04203824262914217,-0.07792051790653885,0.07525962077085603,-0.04061328517614358,0.075131186577643,-0.07526428523965682,-0.04060981514478384,0.07512680697750085,0.0012866027715091766,-1.0872425676991754e-07,0.681153747299424,0.0012867467894549394,-1.0872429770306834e-07,0.6811685017217277,-0.001286381102550619,1.0873323622495318e-07,-0.6811768796494408,-0.0012869684584132816,1.0871531780394351e-07,-0.6811453693717107
positive_JT,0.6,1.1244704091426978e-05,0.028849051095770465,0.0006442740863122548,1.6529288707449106,-7.325225883113812e-06,0.002557329008657855,-3.1827639968797967e-07,0.32272158138639895,-0.5243145006888595,0.07798373350987396,5.423247917647062,5.423247917647062,4,0.006932202858223809,9.620406924390503e-06,0.3012088298479943,-0.07366832702106876,0.04206940950576767,-0.07798373350987396,0.07367173675927681,0.04207203597496069,-0.07798353740959163,0.07532004497305876,-0.040645636574679456,0.07518895464706184,-0.07532469479178018,-0.04064216611493665,0.07518457600444436,0.0012877829546478663,-1.0825663904239689e-07,0.6816979703634023,0.0012879275743328767,-1.0825665817036955e-07,0.6817127367052265,-0.001287562476428524,1.0826558074527767e-07,-0.6817211211428882,-0.0012881480525522818,1.0824771691157798e-07,-0.6816895859257415
positive_JT,0.61,1.1171674120981998e-05,0.028874490128198253,0.0006400897772277923,1.6543864199379192,-7.275843535927335e-06,0.0025349787650615226,-3.1859473986659367e-07,0.32272316581952415,-0.5247284294555636,0.07804619781127313,5.423881461227291,5.423881461227291,4,0.006932374688714868,9.63270197581549e-06,0.3012100702994358,-0.07372735065777229,0.04210290527418534,-0.07804619781127313,0.07373074754488781,0.04210553514456092,-0.07804600572787199,0.0753799434952907,-0.04067770542055477,0.07524621380751004,-0.075384578666067,-0.040674234509868776,0.07524183617742893,0.0012889529725617016,-1.078036503656077e-07,0.6822374301757856,0.001289098267924697,-1.0780364621489405e-07,0.682252208339766,-0.0012887336494658561,1.078125549074876e-07,-0.6822605992218733,-0.0012893175910205393,1.0779474211710335e-07,-0.6822290392936787
positive_JT,0.62,1.1099133187657397e-05,0.02889970683195666,0.0006359334879063528,1.6558312306365077,-7.227310893268284e-06,0.002512824311506327,-3.1894509391304733e-07,0.3227247320866802,-0.525138740287941,0.07810811689625484,5.424509515207425,5.424509515207425,4,0.0069325463421847835,9.644948591227502e-06,0.30121129649390893,-0.07378586673924489,0.04213611011351989,-0.07810811689625484,0.0737892507862399,0.04213874334451772,-0.07810792882250757,0.07543932206499454,-0.04070949479714885,0.07530296969549187,-0.07544394259041094,-0.04070602341927265,0.07529859312657232,0.0012901128945198256,-1.0736249605021229e-07,0.6827721786304084,0.0012902589311089274,-1.0736246779378702e-07,0.6827869685194632,-0.0012898946977131893,1.07371364284672e-07,-0.6827953657820608,-0.0012904771279155676,1.0735359955932734e-07,-0.6827637813678109
positive_JT,0.63,1.1027073439010406e-05,0.02892470316950891,0.0006318047684361067,1.657263415281536,-7.179522821681982e-06,0.002490866254156675,-3.193228294769647e-07,0.32272628036683676,-0.5255454701856013,0.07816949630047641,5.42513212854922,5.42513212854922,4,0.006932717814380233,9.657147830134262e-06,0.30121250857375925,-0.07384388045071061,0.04216902699403471,-0.07816949630047641,0.07384725166906811,0.04217166354764532,-0.0781693122282506,0.07549818599506987,-0.04074100756254982,0.07535922753497709,-0.07550279187814309,-0.04073753570654647,0.07535485207041627,0.0012912628016605722,-1.0693091467804394e-07,0.6833022638687284,0.0012914096374462057,-1.0693086139629275e-07,0.6833170653860949,-0.0012910457077901158,1.0693974784190264e-07,-0.6833254689666014,-0.0012916267313165814,1.0692202867652326e-07,-0.6832938602882217
positive_JT,0.64,1.0955487956760993e-05,0.02894948110341024,0.0006277032224288067,1.6586830863191364,-7.132393257206852e-06,0.0024691042594231485,-3.19723875818392e-07,0.3227278108342381,-0.5259486541315855,0.07823034126137014,5.425749349173687,5.425749349173687,4,0.006932889103755866,9.669300585257146e-06,0.3012137066771314,-0.07390139669427534,0.0422016587232867,-0.07823034126137014,0.07390475509594957,0.042204298563807426,-0.07823016118172149,0.07555654030880858,-0.04077224641791598,0.07541499226126502,-0.07556113155297399,-0.04076877407731251,0.07541061793963401,0.001292402781320936,-1.0650708160279117e-07,0.6838277314105948,0.0012925504674403392,-1.0650700263111175e-07,0.6838425444598755,-0.0012921867714530614,1.0651588019624802e-07,-0.6838509542969449,-0.001292766477308166,1.0649820448174412e-07,-0.683819321573526
positive_JT,0.65,1.088437058751879e-05,0.028974042589076345,0.0006236284973211548,1.660090355786375,-7.0858517197989995e-06,0.0024475373968770187,-3.2014465751083224e-07,0.3227293236596556,-0.5263483256920054,0.07829065680662795,5.426361224142547,5.426361224142547,4,0.0069330602104443586,9.681407613246583e-06,0.30121489093915216,-0.07395842017316534,0.042234007994830264,-0.07829065680662795,0.07396176577055197,0.042236651088640026,-0.07829048070988624,0.07561438982603051,-0.04080321395449908,0.07547026860647024,-0.07561896643513626,-0.04079974112657208,0.07546589546238867,0.0012935329235499956,-1.0608952552699222e-07,0.6843486249338564,0.0012936815050017968,-1.060894203364725e-07,0.6843634494190629,-0.001293317982309302,1.0609829017435131e-07,-0.6843718654524669,-0.0012938964462425248,1.0608065613320265e-07,-0.6843402089004532
positive_JT,0.66,1.0813715804387133e-05,0.028998389570263364,0.0006195802764452988,1.6614853350522758,-7.0398404751791054e-06,0.002426164368086291,-3.2058203435107816e-07,0.32273081901122247,-0.5267445174233198,0.07835044781434246,5.426967799796802,5.426967799796802,4,0.006933231135584307,9.693469559775653e-06,0.30121606149271674,-0.0740149554489418,0.0422660774212215,-0.07835044781434246,0.07401828825485308,0.04226872373657729,-0.07835027569018896,0.07567173922158726,-0.04083391268550158,0.07552506115765187,-0.07567630119988977,-0.04083043937067352,0.07552068922235436,0.001294653319057091,-1.0567706457784362e-07,0.6848649868038537,0.0012948028353328288,-1.0567693161770017e-07,0.6848798226294526,-0.0012944394339239442,1.0568579547566351e-07,-0.684888244799988,-0.001295016720466019,1.056682016080587e-07,-0.6848565646333186
positive_JT,0.67,1.0743518593802423e-05,0.029022523976340812,0.0006155582725452038,1.6628681346615684,-6.994312206067601e-06,0.0024049836568586073,-3.2103324972301884e-07,0.32273229705497003,-0.527137261145166,0.07840971905332618,5.427569121861103,5.427569121861103,4,0.006933401880890671,9.705486980141756e-06,0.30121721846899274,-0.07407100697982831,0.04229786955607749,-0.07840971905332618,0.07407432700747343,0.04230051906293063,-0.07840955089086331,0.0757285930645531,-0.04086434506735998,0.07557937439580595,-0.07573314041671665,-0.04086087126869129,0.07557500369761928,0.0012957640580570538,-1.0526875065797146e-07,0.6853768584281329,0.0012959145437154316,-1.0526859002846205e-07,0.6853917054990895,-0.0012955512187981131,1.052774476017011e-07,-0.6854001337484958,-0.0012961273829741556,1.0525989264064318e-07,-0.685368430178726
positive_JT,0.68,1.0673774363064196e-05,0.029046447720729597,0.0006115622224785169,1.6642388642451955,-6.9492281088353255e-06,0.0023839936260603755,-3.2149588465094536e-07,0.3227337579551578,-0.527526588120513,0.07846847520975452,5.4281652355213925,5.4281652355213925,4,0.006933572448387216,9.71746035599689e-06,0.30121836199772767,-0.07412657914601826,0.04232938690860453,-0.07846847520975452,0.07412988640898775,0.04233203957843262,-0.07846831099756955,0.07578495584410375,-0.04089451351375614,0.07563321272165208,-0.07578948857519854,-0.04089103923651365,0.07562884328639782,0.0012968652296703727,-1.048638257965412e-07,0.6858842804906553,0.001297016714863719,-1.0486363637840648e-07,0.6858991387124711,-0.0012966534278768935,1.0487248942860283e-07,-0.6859075729833668,-0.0012972285166569755,1.0485497230225567e-07,-0.6858758462197598
positive_JT,0.6900000000000001,1.0604478864779827e-05,0.029070162700082156,0.0006075918828875665,1.665597632473337,-6.904556331127104e-06,0.0023631925786892897,-3.219678177859376e-07,0.32273520187446425,-0.5279125291729165,0.07852672090452358,5.428756185481921,5.428756185481921,4,0.006933742840245092,9.729390109091824e-06,0.30121949220742456,-0.0741816762661454,0.0423606319530244,-0.07852672090452358,0.07418497077839757,0.04236328775868053,-0.0785265606307459,0.07584083198635773,-0.04092442040470102,0.0756865804724506,-0.07584535010186114,-0.04092094565599599,0.07568221232378508,0.0012979569216625827,-1.0446168559285616e-07,0.6863872931042342,0.0012981094326114625,-1.044614674055782e-07,0.6864021623829828,-0.0012977461503778029,1.0447031682109312e-07,-0.6864106026188033,-0.0012983202038962236,1.0445283662143042e-07,-0.6863788528684142
positive_JT,0.7000000000000001,1.053562813516931e-05,0.029093670793923415,0.0006036470266644875,1.6669445470348387,-6.86027070358628e-06,0.0023425787953032773,-3.2244719007389415e-07,0.32273662897408906,-0.5282951147614832,0.07858446070435848,5.429342016006748,5.429342016006748,4,0.0069339130586897725,9.741276612428418e-06,0.3012206092254343,-0.07423630260781361,0.042391607134578485,-0.07858446070435848,0.07423958438366218,0.04239426605015494,-0.07858430435671053,0.07589622586514455,-0.04095406809231806,0.07573948193278159,-0.07590072937094025,-0.040950592880797616,0.07573511509248379,0.0012990392203757137,-1.0406185206098465e-07,0.6868859359079843,0.001299192779797521,-1.0406160443800476e-07,0.6869008161503389,-0.0012988294737906452,1.0407045093744163e-07,-0.6869092622952913,-0.0012994025263826992,1.0405300689381544e-07,-0.6868774897630323
positive_JT,0.71,1.0467218443706615e-05,0.029116973864569014,0.0005997274400658829,1.6682797146325268,-6.816349683502313e-06,0.00232215055617021,-3.229323725736875e-07,0.3227380394138004,-0.5286743750279863,0.0786416991288037,5.42992277094957,5.42992277094957,4,0.006934083105951002,9.75312019939136e-06,0.3012217131779956,-0.0742904623942137,0.04242231487328587,-0.0786416991288037,0.07429373144831804,0.042424976873991764,-0.07864154669464737,0.07595114180877194,-0.040983458904456864,0.07579192134134405,-0.07595563071115054,-0.04097998324004523,0.07578755582955916,0.0013001122107591154,-1.036639472267597e-07,0.6873802481285736,0.0013002668382536692,-1.0366366993723518e-07,0.6873951392418348,-0.0012999034839700943,1.0367251285340165e-07,-0.6874035912408535,-0.001300475565042778,1.0365510431059325e-07,-0.6873717961295552
positive_JT,0.72,1.0399246252022822e-05,0.029140073757202737,0.0005958329203581474,1.6696032409876445,-6.772775510612199e-06,0.0023019061536486665,-3.2342193951531294e-07,0.32273943335195027,-0.5290503398257601,0.07869844065451541,5.430498493775084,5.430498493775084,4,0.00693425298423902,9.764921171228079e-06,0.30122280419024483,-0.07434415980817989,0.04245275756623328,-0.07869844065451541,0.07434741615553689,0.04245542262828482,-0.07869829212089326,0.07600558410417566,-0.04101259514689307,0.07584390289514492,-0.07601005840983287,-0.04100911904057185,0.07583953873059082,0.0013011759764508673,-1.0326767337665407e-07,0.6878702686177749,0.0013013316888463862,-1.0326736581467262e-07,0.6878851705098921,-0.0013009682652629824,1.0327620617373916e-07,-0.6878936283086026,-0.0013015394000340877,1.0325883257349835e-07,-0.6878618108190641
positive_JT,0.73,1.033170818044959e-05,0.029162972300039156,0.0005919632739005487,1.6709152308491708,-6.729533500989407e-06,0.0022818438985230125,-3.239146437590967e-07,0.32274081094547397,-0.5294230387370716,0.07875468971784774,5.431069227574124,5.431069227574124,4,0.006934422695735804,9.776679803020958e-06,0.30122388238621206,-0.0743973989946291,0.04248293758894145,-0.07875468971784774,0.0744006426505643,0.04248560568946236,-0.07875454507152013,0.07605955699941389,-0.04104147910463732,0.0758954307520373,-0.07606401671545039,-0.04103800256825914,0.07589106795218106,0.001302230599877403,-1.0287279811655247e-07,0.6883560358750511,0.0013023874115443996,-1.0287246093221017e-07,0.6883709484546381,-0.0013020239006478174,1.0288129909161029e-07,-0.6883794119993257,-0.0013025941107738504,1.0286395995715238e-07,-0.6883475723303635
positive_JT,0.74,1.0264600980724752e-05,0.02918567130452625,0.000588118314581374,1.6722157880054298,-6.686611478630669e-06,0.0022619621226795937,-3.244093949208401e-07,0.322742172349883,-0.5297925010831771,0.07881045071635182,5.431635015074432,5.431635015074432,4,0.0069345922425950056,9.788396348673954e-06,0.30122494788881016,-0.07445018406197111,0.04251285729614533,-0.07881045071635182,0.07445341504213165,0.042515528413079394,-0.07881030994383009,0.07611306470511031,-0.041070113042680725,0.07594650903220598,-0.07611750983903026,-0.04106663608881294,0.07594214761341209,0.0013032761623556057,-1.0247914295614954e-07,0.6888375880606136,0.0013034340854817556,-1.0247877474212556e-07,0.688852511236967,-0.001303070471866941,1.024876113875901e-07,-0.6888609804745474,-0.0013036397759702506,1.0247030631068503e-07,-0.6888291188230333
positive_JT,0.75,1.019792151380749e-05,0.029208172565561377,0.0005842978625468327,1.6735050152964646,-6.64399930748671e-06,0.0022422591797662725,-3.249052409675649e-07,0.3227435177192567,-0.5301587559301091,0.07886572800964022,5.432195898648521,5.432195898648521,4,0.006934761626945875,9.800071044886162e-06,0.3012260008198239,-0.07450251908291902,0.042542519022238635,-0.07886572800964022,0.0745057374032661,0.04254519313426995,-0.0788655910972163,0.07616611139528545,-0.04109849920641787,0.075997141819036,-0.0761705419549936,-0.04109502184820749,0.07599278179669518,0.001304312744176706,-1.0208656993047197e-07,0.6893149630029392,0.0013044717890186622,-1.0208617129987588e-07,0.6893298966860467,-0.0013041080595352819,1.0209500652225334e-07,-0.6893383715640424,-0.0013046764736601771,1.0207773515218372e-07,-0.6893064881249443
positive_JT,0.76,1.013166673181414e-05,0.029230477861706364,0.0005805017431660544,1.6747830146263618,-6.601688507455165e-06,0.002222733444636461,-3.2540135114777434e-07,0.3227448472062353,-0.5305218320918534,0.07892052591986272,5.432751920319136,5.432751920319136,4,0.006934930850898828,9.811704114437284e-06,0.30122704129990074,-0.07455440809493354,0.042571925081508366,-0.07892052591986272,0.0745576137717368,0.042574602167991145,-0.07892039285363593,0.07621870120781066,-0.041126639821866755,0.0760473331596056,-0.07622311720161093,-0.041123162072929605,0.0760429745482418,0.0013053404246906606,-1.0169497519519123e-07,0.6897881982028982,0.0013055005997942327,-1.0169454516552213e-07,0.6898031423034525,-0.0013051367432489365,1.0170337916304674e-07,-0.6898116227699691,-0.0013057042812360978,1.0168614119766661e-07,-0.6897797177363812
positive_JT,0.77,1.0065833663382203e-05,0.029252588955393916,0.0005767297861925083,1.676049886975077,-6.559671944385594e-06,0.002203383312396208,-3.2589700098139016e-07,0.3227461609620166,-0.5308817581322695,0.07897484873199401,5.433303121763763,5.433303121763763,4,0.006935099916551097,9.823295768783138e-06,0.30122806944854413,-0.07460585510049042,0.04260107776827442,-0.07897484873199401,0.07460904815032084,0.042603757809170126,-0.07897471949789382,0.07627083824468425,-0.04115453709580089,0.07609708706499263,-0.07627523968127614,-0.041151058970125116,0.076092729878357,0.001306359282369254,-1.0130428046690304e-07,0.6902573308362365,0.001306520594765965,-1.013038197829428e-07,0.6902722852656364,-0.001306156601659769,1.0131265231391585e-07,-0.6902807712693473,-0.0013067232754752677,1.0129544749184079e-07,-0.6902488448325259
positive_JT,0.78,1.0000419401768313e-05,0.02927450759312325,0.000572981825082068,1.677305732409644,-6.517943576679818e-06,0.0021842071972301793,-3.263915595585591e-07,0.3227474591363555,-0.5312385623663556,0.07902870069402128,5.433849544318015,5.433849544318015,4,0.006935268825992056,9.83484621019303e-06,0.30122908538411114,-0.07465686406725634,0.042629979356979694,-0.07902870069402128,0.07466004450698153,0.04263266233280069,-0.07902857527782953,0.0763225265722117,-0.04118219321583186,0.07614640751048493,-0.07632691346068747,-0.04117871472769713,0.07614205176163501,0.0013073693948571705,-1.009144287937812e-07,0.6907223977552186,0.0013075318502424296,-1.0091393723108431e-07,0.6907373624255811,-0.0013071677125448423,1.0092276918737938e-07,-0.6907458539157042,-0.001307733532554729,1.0090559728157534e-07,-0.6907139062650965
positive_JT,0.79,9.935421095205296e-06,0.029296235505643725,0.0005692576964405095,1.6785506500946967,-6.476498242256727e-06,0.0021652035312158236,-3.268844791014177e-07,0.3227487418775676,-0.5315922728612368,0.07908208601709044,5.434391228978329,5.434391228978329,4,0.006935437581307558,9.846355633489229e-06,0.3012300892238134,-0.07470743892822557,0.04265863210225831,-0.07908208601709044,0.07471060677500255,0.04266131799401624,-0.07908196440445989,0.07637377022114551,-0.04120961035047313,0.07619529843574686,-0.07637814257098714,-0.041206131514381336,0.07619094413711508,0.00130837083901834,-1.0052538021647549e-07,0.6911834354898991,0.0013085344419109758,-1.005248572748119e-07,0.691198410314055,-0.0013081701528612892,1.0053368833947803e-07,-0.691206907240342,-0.0013087351280679097,1.0051654915180939e-07,-0.6911749385636125
positive_JT,0.8,9.87083593911739e-06,0.02931777440812747,0.0005655572395774789,1.6797847383023592,-6.435331499690775e-06,0.0021463707633175935,-3.2737528264084167e-07,0.32275000933253456,-0.5319429174371482,0.07913500887565009,5.4349282164047095,5.4349282164047095,4,0.006935606184583275,9.857824227428676e-06,0.3012310810837198,-0.07475758358185548,0.04268703823900645,-0.07913500887565009,0.074760738853126,0.042689727028171295,-0.0791348910521204,0.07642457318682805,-0.04123679064920813,0.07624376374498457,-0.07642893100790167,-0.041233311479826285,0.07623941090843576,0.0013093636909699434,-1.0013710719516363e-07,0.6916404802494017,0.0013095284448413846,-1.001365531128082e-07,0.691655465140906,-0.0013091639987868778,1.0014538347564033e-07,-0.6916639674536275,-0.0013097281370245016,1.001282768323315e-07,-0.6916319779366814
positive_JT,0.81,9.806661169805304e-06,0.02933912600033304,0.0005618802961446706,1.6810080944216226,-6.394439481958349e-06,0.002127707358509989,-3.278635573546547e-07,0.3227512616467125,-0.5322905236686893,0.07918747340763484,5.435460546923044,5.435460546923044,4,0.006935774637907431,9.8692521758164e-06,0.3012320610787623,-0.0748073018922411,0.042715199982476915,-0.07918747340763484,0.07481044460572611,0.04271789165093503,-0.07918735935864826,0.07647493942936777,-0.04126373624257814,0.07629180730714535,-0.07647928273192088,-0.041260256754688564,0.07628745594402807,0.0013103480261091635,-9.974959214856653e-08,0.6920935679235336,0.0013105139335135242,-9.974900667881473e-08,0.6921085627966624,-0.0013101493257574469,9.975783676184866e-08,-0.6921170704465927,-0.0013107126338652887,9.974076250962184e-08,-0.6920850602736041
positive_JT,0.8200000000000001,9.742894059352095e-06,0.029360291966760793,0.0005582267098439573,1.6822208149672486,-6.353818788843228e-06,0.0021092117970395287,-3.283489456891351e-07,0.32275249896414154,-0.5326351188860554,0.07923948371464437,5.435988260527392,5.435988260527392,4,0.006935942943372609,9.880639658441863e-06,0.3012330293227432,-0.07485659768928621,0.042743119528373064,-0.07923948371464437,0.07485972786297959,0.04274581405839174,-0.07923937342555885,0.07652487287381675,-0.04129044924227348,0.07633943295611384,-0.07652920166847363,-0.04128696945073133,0.07633508307730419,0.0013113239191338126,-9.936282525254974e-08,0.6925427340843868,0.0013114909818171274,-9.936220910371273e-08,0.6925577388541342,-0.0013111262084910024,9.937103839878333e-08,-0.6925662517925436,-0.0013116886924599855,9.935399640156838e-08,-0.6925342211459781
positive_JT,0.8300000000000001,9.67953191155762e-06,0.029381273976802142,0.0005545963261944496,1.6834229955883189,-6.313466388642611e-06,0.002090882573826031,-3.2883113872039285e-07,0.3227537214274577,-0.532976730176539,0.07929104386216371,5.436511396882255,5.436511396882255,4,0.006936111103076931,9.891986851725111e-06,0.3012339859283438,-0.07490547476891043,0.04277079905296153,-0.07929104386216371,0.07490859242107827,0.04277349642716142,-0.07929093731826393,0.07657437741038375,-0.041316931741243304,0.07638664449094601,-0.07657869170814337,-0.04131345166094136,0.07638229610688431,0.0013122914440705329,-9.897679814010007e-08,0.6929880139882747,0.0013124596630567705,-9.897615047230899e-08,0.6930030285703613,-0.001312094721016078,9.898497946002216e-08,-0.6930115467490023,-0.0013126563861111612,9.896796959647612e-08,-0.6929794958096341
positive_JT,0.84,9.616572058627494e-06,0.02940207368488329,0.0005509889923427891,1.684614731076473,-6.2733795614888666e-06,0.002072718198009553,-3.293098704537478e-07,0.32275492917790416,-0.5333153843861462,0.07934215787979533,5.437029995324829,5.437029995324829,4,0.006936279119125062,9.90329392933005e-06,0.3012349310071335,-0.07495393689328089,0.0427982407132058,-0.07934215787979533,0.07495704204244545,0.042800940914524924,-0.079342055066307,0.07662345689467133,-0.04134318581381661,0.07643344567611672,-0.07662775670689333,-0.04133970545965944,0.07642909879683857,0.001313250674265214,-9.85915215386067e-08,0.6934294425778429,0.0013134200499678465,-9.859084272075404e-08,0.6934444668887043,-0.0013130549366897407,9.859967104931303e-08,-0.6934529902598052,-0.001313615787543229,9.858269321004773e-08,-0.6934209192067423
positive_JT,0.85,9.554011858479324e-06,0.02942269273060493,0.0005474045569088052,1.6857961153739103,-6.233555826007476e-06,0.0020547171925401077,-3.297849122216643e-07,0.32275612235534457,-0.53365110812127,0.07939282976150841,5.43754409486729,5.43754409486729,4,0.006936446993628404,9.914561062671876e-06,0.30123586466958063,-0.07500198779103519,0.042825446646887096,-0.07939282976150841,0.07500508045598138,0.042828149658565205,-0.07939273066360308,0.07667211514790527,-0.04136921351583278,0.07647984024177351,-0.07667640048631577,-0.04136573290270464,0.07647549487694148,0.0013142016824285088,-9.820699226047451e-08,0.6938670544842206,0.001314372214697269,-9.820628215841506e-08,0.6938820884410114,-0.0013140069282016652,9.821510994438343e-08,-0.6938906169572648,-0.0013145669689242326,9.819816403041693e-08,-0.693858525967967
positive_JT,0.86,9.491848692654651e-06,0.02944313273887884,0.0005438428698658796,1.6869672415812176,-6.1939928936903546e-06,0.0020368780939142932,-3.302560680644338e-07,0.32275730109827566,-0.5339839277506411,0.07944306346592017,5.438053734199166,5.438053734199166,4,0.006936614728705398,9.92578842121093e-06,0.30123678702506174,-0.07504963115756126,0.04285241897276498,-0.07944306346592017,0.07505271135732663,0.042855124778317114,-0.07944296806872585,0.07672035595722139,-0.04139501688478492,0.07652583188403332,-0.07672462683390337,-0.041391536027532434,0.07652148804295977,0.0013151445406241681,-9.78232166053289e-08,0.694300884029561,0.0013153162288255182,-9.782247472187278e-08,0.6943159275501474,-0.001314950767601765,9.783130314719004e-08,-0.6943244611647044,-0.0013155100018478747,9.781438906819008e-08,-0.6942923504150047
positive_JT,0.87,9.430079964600655e-06,0.02946339532006156,0.0005403037824424943,1.6881282019650288,-6.1546886333413275e-06,0.002019199451911268,-3.307231707427102e-07,0.32275846554384097,-0.5343138694071585,0.07949286291656359,5.438558951689593,5.438558951689593,4,0.006936782326481478,9.93697617276301e-06,0.3012376981818735,-0.07509687065524999,0.04287915979071941,-0.07949286291656359,0.07509993840912002,0.04288186837391793,-0.0794927712051724,0.07676818307592474,-0.04142059793996276,0.07657142426525719,-0.07677243950331354,-0.04141711685337526,0.0765670819569259,0.0013160793202847054,-9.744020265914196e-08,0.6947309652294076,0.0013162521633577826,-9.743942949686986e-08,0.6947460182323704,-0.001315886526302585,9.74482572415768e-08,-0.6947545568988295,-0.001316444957339893,9.743137491443505e-08,-0.6947224265629484
positive_JT,0.88,9.368703098297615e-06,0.029483482070086095,0.0005367871470435913,1.6892790879655688,-6.115641039304124e-06,0.002001679829392276,-3.311860783700283e-07,0.32275961582784374,-0.5346409589898766,0.07954223200217932,5.439059785389723,5.439059785389723,4,0.006936949789088932,9.9481244837275e-06,0.30123859824724253,-0.07514370991377327,0.04290567118190797,-0.07954223200217932,0.07514676524127664,0.04290838252676454,-0.07954214396165371,0.07681560022377548,-0.041445958682603076,0.07661662101434967,-0.07681984221465293,-0.041442477381398175,0.07661228024743487,0.0013170060922219507,-9.705795861465512e-08,0.6951573317952815,0.001317180088731676,-9.705715423941378e-08,0.6951723941999062,-0.0013168142750947741,9.706598175319039e-08,-0.6951809378723104,-0.0013173719058587766,9.704913110087854e-08,-0.6951487881228766
positive_JT,0.89,9.307715537170303e-06,0.02950339457059162,0.0005332928171882002,1.6904199902040877,-6.076848203796989e-06,0.0019843178021244187,-3.316446709071674e-07,0.32276075208476074,-0.5349652221659688,0.07959117457700118,5.439556273035024,5.439556273035024,4,0.006937117118666617,9.959233519311905e-06,0.3012394873273367,-0.07519015253035741,0.04293195520892146,-0.07959117457700118,0.07519319545126134,0.04293466929967229,-0.07959109019238032,0.07686261108726877,-0.04147110109604117,0.07666142572705203,-0.07686683865475828,-0.04146761959485156,0.07665708650993475,0.0013179249266322987,-9.667649331324139e-08,0.6955800171372197,0.0013181000748147109,-9.667565822233891e-08,0.6955950888634957,-0.0013177340841521263,9.66844855145398e-08,-0.6956036374963255,-0.0013182909172950253,9.66676664651297e-08,-0.6955714685043901
positive_JT,0.9,9.247114743233403e-06,0.029523134389051662,0.0005298206474604739,1.6915509984902024,-6.038308297244218e-06,0.0019671119586320692,-3.3209884760872903e-07,0.3227618744477551,-0.5352866843727395,0.07963969446105094,5.440048452047699,5.440048452047699,4,0.006937284317359713,9.970303443559214e-06,0.30124036552727573,-0.07523620207006453,0.04295801391594314,-0.07963969446105094,0.07523923260436965,0.04296073073703495,-0.07963961371735612,0.0769092193199229,-0.041496027145864464,0.07670584196624283,-0.07691343247748428,-0.04149254545922783,0.07670150430702545,0.001318835893105248,-9.62958170635486e-08,0.6959990543663864,0.0013190121909085115,-9.629495058914721e-08,0.6960141353350027,-0.0013186460230415384,9.630377802752222e-08,-0.6960226888831667,-0.0013192020609721893,9.628699051335203e-08,-0.6959905008182229
positive_JT,0.91,9.186898196380692e-06,0.029542703078900796,0.0005263704934689618,1.6926722018291582,-6.000019557392494e-06,0.0019500609000631134,-3.32548524750249e-07,0.3227629830486902,-0.5356053708196364,0.07968779544043315,5.4405363595390055,5.4405363595390055,4,0.006937451387319396,9.98133441956693e-06,0.3012412329511422,-0.07528186206607362,0.04298384932890855,-0.07968779544043315,0.07528488023400895,0.042986568864987036,-0.0796877183226726,0.07695542854256833,-0.041520738780068296,0.07674987326223873,-0.0769596273039924,-0.04151725692241731,0.0767455371687584,0.0013197390606305968,-9.591593970988303e-08,0.6964144762976888,0.0013199165057496106,-9.59150422287387e-08,0.6964295664300293,-0.0013195501607289961,9.592386854676297e-08,-0.6964381248488608,-0.0013201054056511405,9.590711250368033e-08,-0.6964059178788575
positive_JT,0.92,9.12706339381218e-06,0.029562102179660172,0.0005229422118137875,1.6937836884290196,-5.961980271980579e-06,0.0019331632400597664,-3.329936332247761e-07,0.32276407801814233,-0.5359213064902555,0.07973548126762772,5.4410200323116635,5.4410200323116635,4,0.006937618330702455,9.992326609507155e-06,0.30124208970199173,-0.07532713601995952,0.04300946345566457,-0.07973548126762772,0.07533014184197857,0.043012185691563065,-0.07973540776080104,0.07700124234363433,-0.0415452379292089,0.07679352311309252,-0.07700542672303666,-0.04154175591486454,0.07678918859293249,0.0013206344976040673,-9.553686980846974e-08,0.696826315452371,0.0013208130875133307,-9.55359415804293e-08,0.6968414146705089,-0.0013204465655880346,9.554476801105928e-08,-0.69684997791576,-0.0013210010195294137,9.552804337783979e-08,-0.6968177522071204
positive_JT,0.93,9.067607849604831e-06,0.029581333217061707,0.0005195356600620529,1.6948855457077858,-5.924188768883024e-06,0.0019164176046414566,-3.334341170543519e-07,0.32276515948541357,-0.5362345161443443,0.0797827556617842,5.441499506862221,5.441499506862221,4,0.006937785149670937,1.0003280174734276e-05,0.3012429358818638,-0.07537202740197423,0.0430348582861285,-0.0797827556617842,0.07537502089874963,0.04303758320685882,-0.07978268575088629,0.07704666427943556,-0.04156952650655877,0.07683679498489189,-0.0770508342912523,-0.041566044349723524,0.0768324620453916,0.0013215222718342488,-9.515861742909908e-08,0.6972346040606202,0.0013217020038147564,-9.515765837926892e-08,0.6972497122873151,-0.001321335305405278,9.51664845452556e-08,-0.6972582803151514,-0.0013218889702438204,9.514979126311243e-08,-0.6972260360327842
positive_JT,0.9400000000000001,9.008529094336138e-06,0.029600397703171227,0.0005161506967262705,1.695977860300447,-5.88664340923105e-06,0.001899822632096976,-3.3386993120976016e-07,0.32276622757854523,-0.5365450243197903,0.07982962230901165,5.441974819383371,5.441974819383371,4,0.006937951846391761,1.0014195275763063e-05,0.30124377159179205,-0.0754165396513232,0.04306003579244648,-0.07982962230901165,0.07541952084374255,0.04306276338319001,-0.07982955597903638,0.07709169787445726,-0.04159360640825901,0.07687969231205409,-0.07709585353343892,-0.04159012412301232,0.07687536096031855,0.001322402450547244,-9.478119134860576e-08,0.6976393740641407,0.0013225833217113915,-9.478020110106336e-08,0.6976544912228314,-0.0013222164473865841,9.478902766285059e-08,-0.6976630639898275,-0.001322769324872285,9.477236567499695e-08,-0.6976308012971449
positive_JT,0.9500000000000001,8.949824674811894e-06,0.02961929713651041,0.000512787181248766,1.6970607180659711,-5.8493425799835895e-06,0.0018833769728643617,-3.343010409052132e-07,0.32276728242432995,-0.5368528553346095,0.0798760848626712,5.442446005766373,5.442446005766373,4,0.006938118423036513,1.002507207239096e-05,0.3012445969318144,-0.07546067617644364,0.04308499792915019,-0.0798760848626712,0.07546364508560417,0.043087728175250806,-0.07987602209861419,0.07713634662163932,-0.04161747951347231,0.07692221849762162,-0.07714048794284617,-0.04161399711376611,0.07691788874052967,0.00132327510039597,-9.440460044074806e-08,0.6980406571187342,0.0013234571077078302,-9.440357956453465e-08,0.6980557831335348,-0.0013230900581644304,9.441240515495373e-08,-0.6980643605966691,-0.0013236421499392501,9.439577440623974e-08,-0.6980320796556001
positive_JT,0.96,8.891492153832545e-06,0.0296380330021777,0.0005094449739882909,1.6981342040942309,-5.812284691235476e-06,0.0018670792894310503,-3.34727419574641e-07,0.32276832414832485,-0.5371580332888883,0.0799221469436597,5.442913101603304,5.442913101603304,4,0.006938284881780905,1.003591072363785e-05,0.30124541200098387,-0.07550444035527588,0.04310974663331374,-0.0799221469436597,0.07550739700248148,0.04311247952027086,-0.07992208773052194,0.07718061398265612,-0.04164114768453413,0.07696437691355067,-0.07718474098145178,-0.04163766518418943,0.0769600487577627,0.0013241402874601149,-9.402885205621488e-08,0.6984384845968288,0.0013243234277550847,-9.402780062449466e-08,0.6984536193925253,-0.0013239562038002777,9.403662612206194e-08,-0.6984622015091742,-0.0013245075114150942,9.402002655864763e-08,-0.6984299024801801
positive_JT,0.97,8.83352910996096e-06,0.029656606771968106,0.0005061239362067175,1.6991984027128686,-5.77546817179181e-06,0.0018509282562210704,-3.3514904867185734e-07,0.32276935287486347,-0.5374605820667518,0.07996781214069831,5.443376142189493,5.443376142189493,4,0.006938451224804476,1.00467113878282e-05,0.30124621689737757,-0.0755478355355378,0.043134283824707575,-0.07996781214069831,0.075550779942293,0.04313701933816968,-0.07996775646348814,0.07722450338819588,-0.04166461276710239,0.07700617090100174,-0.0772286160802428,-0.04166113017980665,0.07700184435296631,0.001324998077256824,-9.365395466110725e-08,0.6988328875900178,0.0013251823472589565,-9.365287237712155e-08,0.6988480310920593,-0.0013248149497937856,9.366169773456261e-08,-0.698856617819995,-0.0013253654747221542,9.364512930366619e-08,-0.6988243008620821
positive_JT,0.98,8.77593313739107e-06,0.029675019904492006,0.0005028239300615115,1.7002533974941032,-5.738891464370073e-06,0.0018349225594902403,-3.355659158217028e-07,0.32277036872706866,-0.5377605253382807,0.08001308401061373,5.443835162525732,5.443835162525732,4,0.00693861745429035,1.0057474222592876e-05,0.3012470117181082,-0.07559086503499293,0.04315861140595277,-0.08001308401061373,0.07559379722299923,0.043161349531712495,-0.08001303185434952,0.07726801823823726,-0.041687876590306684,0.07704760377062467,-0.07727211663949118,-0.041684393929611735,0.07704327883658492,0.0013258485347433715,-9.327991514911434e-08,0.69922389691156,0.0013260339310785822,-9.327880252738656e-08,0.6992390490460555,-0.0013256663610857395,9.328762729136896e-08,-0.6992476403434401,-0.0013262161047364,9.327108994104275e-08,-0.699215305614175
positive_JT,0.99,8.718701845809521e-06,0.029693273845292713,0.0004995448185978062,1.7012992712614654,-5.702553025504214e-06,0.0018190608972197921,-3.3597801456637717e-07,0.32277137182686433,-0.5380578865614115,0.08005796607861645,5.444290197320622,5.444290197320622,4,0.0069387835724248025,1.0068199384845417e-05,0.3012477965593322,-0.07563353214171574,0.04318273126267163,-0.08005796607861645,0.07563645213286734,0.043185471986660694,-0.08005791742832899,0.07731116190232085,-0.04171094096689448,0.07708867880283932,-0.07731524602902519,-0.04170745824621493,0.07708435548883873,0.0013266917243228737,-9.290674067948981e-08,0.6996115430988388,0.0013268782435324588,-9.290559737202671e-08,0.6996267037925533,-0.0013265105020638366,9.29144221862981e-08,-0.6996352996179347,-0.001327059465791362,9.289791586521845e-08,-0.6996029472734575
positive_JT,1.0,8.661832860264935e-06,0.029711370026963276,0.0004962864657409109,1.7023361060964906,-5.666451321585376e-06,0.0018033419790262014,-3.3638534328471187e-07,0.3227723622949875,-0.5383526889838707,0.08010246183858481,5.444741280992942,5.444741280992942,4,0.006938949581396975,1.0078887030813069e-05,0.3012485715162606,-0.07567584011436171,0.04320664526364218,-0.08010246183858481,0.07567874793074099,0.04320938857192705,-0.08010241667931858,0.07735393771982577,-0.04173380769338023,0.07712939924812143,-0.07735800758850687,-0.04173032492599247,0.07712507756000865,0.001327527709848038,-9.253443716443497e-08,0.6999958564158761,0.0013277153484000349,-9.253326351648394e-08,0.7000110255962214,-0.0013273474365679606,9.254208801176941e-08,-0.7000196259085312,-0.0013278956216803326,9.252561266914952e-08,-0.6999872561035669
positive_JT,1.01,8.605323821076824e-06,0.029729309869262085,0.0004930487362910928,1.7033639833453427,-5.630584829835358e-06,0.0017877645260387645,-3.36787904808735e-07,0.3227733402510006,-0.5386449556450179,0.08014657475333482,5.445188447673765,5.445188447673765,4,0.006939115483398529,1.0089537316047732e-05,0.30124933668316844,-0.0757177921824249,0.04323035526094415,-0.08014657475333482,0.07572068784629837,0.0432331011397222,-0.08014653307015085,0.07739634900023432,-0.04175647855018769,0.07716976832727522,-0.07740040462769578,-0.04175299574922897,0.0771654482707093,0.0013283565546286479,-9.21630111190128e-08,0.7003768668557206,0.001328545308927652,-9.216180737780974e-08,0.7003920444507555,-0.0013281772278941598,9.217063123367923e-08,-0.7004006492093011,-0.001328724635662004,9.215418681905413e-08,-0.7003682620971745
positive_JT,1.02,8.549172383724371e-06,0.029747094779227386,0.000489831495917204,1.7043829836253745,-5.59495203800545e-06,0.0017723272708110574,-3.371857060021529e-07,0.32277430581330285,-0.5389347093777219,0.08019030825489583,5.4456317312088425,5.4456317312088425,4,0.00693928128062338,1.0100150395393106e-05,0.30125009215340387,-0.07575939154649983,0.04325386309010956,-0.08019030825489583,0.07576227508031393,0.04325661152570489,-0.08019027003287262,0.07743839902340027,-0.0417789553017951,0.07720978923170993,-0.07744244042671826,-0.041775472480262615,0.07720547081216544,0.0013291783214330196,-9.179246743503209e-08,0.7007546041428854,0.0013293681878295666,-9.179123378093901e-08,0.7007697900813046,-0.0013289999387990595,9.180005737641884e-08,-0.7007783992457697,-0.0013295465704634174,9.178364383955228e-08,-0.7007459949784204
positive_JT,1.03,8.493376218762418e-06,0.02976472615129099,0.0004866346111518684,1.7053931868316439,-5.559551440273203e-06,0.0017570289572070863,-3.37578756655696e-07,0.3227752590991423,-0.5392219728101995,0.08023366574478057,5.446071165160817,5.446071165160817,4,0.006939446975267364,1.0110726423024853e-05,0.3012508380193983,-0.07580064137853873,0.043277170570267864,-0.08023366574478057,0.07580351280491571,0.04327992154912884,-0.08023363096901588,0.07748009103981239,-0.041801239696875665,0.07724946512371227,-0.07748411823633028,-0.04179775686762743,0.07724514834648233,0.0013299930724968506,-9.142281181671455e-08,0.7011290977357341,0.001330184047293948,-9.14215478003832e-08,0.7011442919468666,-0.0013298156315083656,9.14303713851698e-08,-0.7011529054773048,-0.0013303614882824752,9.141398867601716e-08,-0.7011204842052962
positive_JT,1.04,8.437933011749194e-06,0.029782205367390676,0.00048345794938734046,1.7063946721433532,-5.524381540616413e-06,0.0017418683403145035,-3.3796706964733017e-07,0.3227762002246272,-0.5395067683678472,0.08027665059425354,5.446506782811457,5.446506782811457,4,0.006939612569527912,1.0121265552419557e-05,0.3012515743726752,-0.07584154482210698,0.04330027950429316,-0.08027665059425354,0.07584440416384057,0.04330303301298901,-0.08027661924986587,0.0775214282708569,-0.041823333468441234,0.0772887991367149,-0.07752544127818023,-0.04181985064419453,0.07728448400691632,0.0013308008695232588,-9.10540489690782e-08,0.701500376828857,0.0013309929489846186,-9.105275512176411e-08,0.7015155792426593,-0.0013306243677140043,9.10615780111644e-08,-0.7015241970994918,-0.0013311694507939318,9.10452260796779e-08,-0.701491758972025
positive_JT,1.05,8.382840463161817e-06,0.02979953379708198,0.00048030137887066437,1.707387518030254,-5.489440849198839e-06,0.0017268441863385752,-3.383506602216482e-07,0.32277712930473756,-0.5397891182750603,0.08031926614459846,5.446938617163851,5.446938617163851,4,0.006939778065603849,1.0131767936380283e-05,0.3012523013038596,-0.07588210499263737,0.04332319167894861,-0.08031926614459846,0.07588495227268899,0.04332594770416677,-0.08031923821672803,0.07756241390907775,-0.04184523833398051,0.07732779437556533,-0.07756641274506923,-0.04184175552731365,0.07732348089814202,0.00133160177369043,-9.068618334399442e-08,0.7018684703554336,0.0013317949540451682,-9.068485962618789e-08,0.7018836809024827,-0.0013314262085857551,9.069368230906053e-08,-0.7018923030464933,-0.0013319705191499605,9.067736110521102e-08,-0.7018598482114236
positive_JT,1.06,8.328096288332045e-06,0.0298167127976486,0.0004771647686999921,1.708371802258974,-5.454727883360371e-06,0.001711955272494593,-3.3872954577400214e-07,0.3227780464533363,-0.5400690445570104,0.08036151570737897,5.4473667009446185,5.4473667009446185,4,0.006939943465694977,1.0142233727029276e-05,0.3012530189026868,-0.07592232497767808,0.043345908865027705,-0.08036151570737897,0.07592516021917328,0.04334866739357182,-0.08036149118118978,0.07760305111843153,-0.041866955995597255,0.0773664539167882,-0.07760703580120613,-0.041863473218949385,0.07736214209651399,0.0013323958456557727,-9.031921918638134e-08,0.7022334069895367,0.0013325901231039526,-9.03178657646615e-08,0.7022486256010316,-0.0013322212147731465,9.032668773865719e-08,-0.7022572519933632,-0.0013327647539865268,9.031039721238565e-08,-0.7022247805972048
positive_JT,1.07,8.273698217352044e-06,0.029833743714211942,0.00047404798881918496,1.7093476018992932,-5.420241170039801e-06,0.0016972003869254986,-3.391037456806692e-07,0.32277895178318056,-0.5403465690414357,0.08040340256470233,5.44779106660614,5.44779106660614,4,0.006940108772001859,1.0152663075753206e-05,0.30125372725801225,-0.07596220783714361,0.04336843281749836,-0.08040340256470233,0.07596503106336758,0.04337119383628511,-0.08040338142538234,0.07764334303454389,-0.04188848814014889,0.07740478080884763,-0.07764731358246411,-0.041885005405820144,0.07740047065033086,0.0013331831455581239,-8.995316005867843e-08,0.7025952151484618,0.0013333785162766103,-8.99517769283971e-08,0.7026104417562091,-0.0013330094464074375,8.996059822093678e-08,-0.7026190723583625,-0.0013335522154272082,8.994433832204953e-08,-0.7025865845463085
positive_JT,1.08,8.219643995011132e-06,0.029850627879840008,0.000470950910014189,1.7103149933303812,-5.3859792427224925e-06,0.0016825783285993293,-3.3947328093326254e-07,0.32277984540593263,-0.5406217133604234,0.08044492996948104,5.448211746328712,5.448211746328712,4,0.0069402739867256225,1.0163056133307205e-05,0.3012544264578193,-0.07600175660356319,0.043390765275643374,-0.08044492996948104,0.07600456783795721,0.043393528771701516,-0.08044491220224356,0.07768329276496505,-0.041909836439383445,0.07744277807240987,-0.07768724919663553,-0.04190635375953572,0.07743846958009618,0.0013339637330253941,-8.958800969357526e-08,0.7029539229950368,0.0013341601931695765,-8.958659676212747e-08,0.7029691575314507,-0.001333790963108949,8.959541811083548e-08,-0.7029777923052789,-0.0013343329630863072,8.95791887889565e-08,-0.702945288221209
positive_JT,1.09,8.165931380726149e-06,0.029867366615654787,0.0004678734039090453,1.7112740522469525,-5.351940641101705e-06,0.0016680879072046714,-3.39838173873699e-07,0.3227807274321713,-0.5408944989521229,0.08048610114568415,5.448628772022639,5.448628772022639,4,0.006940439112067532,1.0173413049723597e-05,0.3012551165892292,-0.07604097428232003,0.043412907963198195,-0.08048610114568415,0.07604377354847752,0.04341567392366622,-0.08048608673576924,0.07772290338941461,-0.04193100255007183,0.07748044870059537,-0.07772684572367784,-0.04192751993672998,0.07747614187877008,0.0013347376671764071,-8.922377183090153e-08,0.7033095584398454,0.0013349352128850718,-8.922232918282145e-08,0.7033248008379438,-0.0013345658239906125,8.923114990455643e-08,-0.7033334397456491,-0.0013351070560707382,8.921495110916656e-08,-0.7033009195321404
positive_JT,1.1,8.112558148438193e-06,0.02988396123093907,0.0004648153429599741,1.7122248536653852,-5.318123915486222e-06,0.001653727943067212,-3.401984478839371e-07,0.32278159797140243,-0.5411649470625003,0.08052691928859611,5.44904217533049,5.44904217533049,4,0.006940604150228838,1.018373397432834e-05,0.30125579773850913,-0.0760798638518967,0.04343486258849078,-0.08052691928859611,0.07608265117355972,0.043437631000614846,-0.08052690822127069,0.07776217796003336,-0.04195198811414344,0.07751779565923579,-0.07776610621596519,-0.04194850557919616,0.07751349051202776,0.001335505006624937,-8.886044887743686e-08,0.7036621491435086,0.001335703634023711,-8.885897652807858e-08,0.7036773993369021,-0.0013353340876616057,8.886779686256246e-08,-0.7036860423410338,-0.0013358745529870142,8.885162854295301e-08,-0.7036535061393775
positive_JT,1.11,8.059522086601516e-06,0.02990041302324216,0.00046177660045473764,1.713167471929778,-5.284527616187557e-06,0.0016394972670337707,-3.4055412763105877e-07,0.32278245713206977,-0.5414330787470455,0.08056738756506701,5.449451987629104,5.449451987629104,4,0.006940769103410491,1.0194019055795773e-05,0.3012564699910815,-0.07611842826411347,0.04345663084457741,-0.08056738756506701,0.0761212036651688,0.04345940169570961,-0.08056737982562667,0.07780111950162809,-0.0419727947588185,0.07755482188712504,-0.07780503369853221,-0.041969312314018084,0.07755051841850928,0.001336265809485597,-8.84980436030103e-08,0.7040117225188955,0.0013364655146901098,-8.849654255694895e-08,0.7040269804417871,-0.001336095812230633,8.850536202738709e-08,-0.7040356275052377,-0.0013366355119448922,8.848922413257218e-08,-0.7040030754554455
positive_JT,1.12,8.006820998038722e-06,0.02991672327848448,0.00045875705050434437,1.714101980717944,-5.25115031257284e-06,0.0016253947203938007,-3.4090523845962775e-07,0.3227833050215655,-0.5416989148724436,0.08060750911375902,5.449858240031759,5.449858240031759,4,0.006940933973812852,1.020426844207378e-05,0.3012571334315318,-0.07615667044436217,0.04347821440937567,-0.08060750911375902,0.07615943394883791,0.043480987686973685,-0.08060750468752804,0.07783973101191043,-0.041993424096735885,0.07759153029626456,-0.07784363116931456,-0.04198994175370066,0.07758722851006496,0.0013370201333775455,-8.813655943901685e-08,0.7043583057333009,0.001337220912492997,-8.813502885626245e-08,0.7043735713204804,-0.001336851055312193,8.814384835235228e-08,-0.7043822224064804,-0.001337389990558428,8.812774083110548e-08,-0.7043496546473014
positive_JT,1.1300000000000001,7.954452699886248e-06,0.029932893271061668,0.00045575656803992486,1.715028453047375,-5.21799057354847e-06,0.001611419154801465,-3.4125180671475684e-07,0.32278414174624065,-0.5419624761183397,0.08064728704540536,5.450260963390324,5.450260963390324,4,0.006941098763635489,1.0214482280427607e-05,0.30125778814361714,-0.07619459329185219,0.04349961494580695,-0.08064728704540536,0.07619734492391401,0.04350239063743049,-0.08064728591773845,0.07787801546174981,-0.04201387772609074,0.07762792377212148,-0.07788190159940112,-0.042010395496305045,0.07762362367201317,0.0013377680354254677,-8.777599856396618e-08,0.7047019257107264,0.0013379698845544634,-8.777443855425888e-08,0.7047171988975638,-0.0013375998740280616,8.778325715868835e-08,-0.7047258539696817,-0.0013381380459517856,8.776717995953673e-08,-0.704693270638608
positive_JT,1.1400000000000001,7.902415023531577e-06,0.029948924263947435,0.0004527750288091345,1.7159469612811336,-5.185046978261443e-06,0.0015975694321593765,-3.415938593498319e-07,0.3227849674114159,-0.5422237829789456,0.08068672659932997,5.450660188297307,5.450660188297307,4,0.0069412634750768915,1.02246607174362e-05,0.3012584342102752,-0.07623219967983531,0.043520834101922506,-0.08068672444304782,0.076234939463783,0.043523612195233416,-0.08068672659932997,0.07791597579540434,-0.04203415723075786,0.07766400517386451,-0.07791984793326467,-0.04203067512557301,0.07765970676337743,0.0013385095722682646,-8.74163628793714e-08,0.7050426091339748,0.0013387124875082763,-8.741477369870992e-08,0.7050578898564142,-0.001338342325012578,8.742359153142114e-08,-0.7050665488785526,-0.0013388797347639427,8.740754460257098e-08,-0.7050339501118368
positive_JT,1.1500000000000001,7.850705814525191e-06,0.029964817508795673,0.0004498123093711087,1.7168575771337056,-5.1523181139639105e-06,0.0015838444245445398,-3.4193142303604074e-07,0.3227857821213915,-0.5424828557647529,0.08072582978793545,5.451055945087904,5.451055945087904,4,0.00694142811033432,1.0234803898959349e-05,0.3012590717136323,-0.07626949245584534,0.04354187351104055,-0.08072582436228892,0.07627222041610948,0.04354465399380324,-0.08072582978793545,0.07795361493076573,-0.042054264180422685,0.07769977733461544,-0.07795747308900688,-0.04205078221106046,0.07769548061713467,0.0013392448000638837,-8.705765461566066e-08,0.705380382446871,0.001339448777504085,-8.705603634206173e-08,0.7053956706414288,-0.0013390784644206864,8.706485383411586e-08,-0.7054043335778191,-0.0013396151131473872,8.704883712360654e-08,-0.7053717195104807
positive_JT,1.16,7.799322932472639e-06,0.02998057424604132,0.00044686828709027896,1.7177603716767778,-5.1198025763550505e-06,0.0015702430140786116,-3.42264526043643e-07,0.32278658597945775,-0.5427397146040522,0.08076459851197308,5.451448263841967,5.451448263841967,4,0.006941592671603389,1.0244911970225317e-05,0.3012597007350113,-0.0763064744419098,0.043562734791870346,-0.0807645898315134,0.07630919060304824,0.043565517651946106,-0.08076459851197308,0.07799093575957675,-0.042074200130702115,0.0777352430616697,-0.07799477995857682,-0.042070718308252014,0.07773094804044046,0.0013399737744826605,-8.669987578366575e-08,0.7057152718562372,0.0013401788102188888,-8.669822833952472e-08,0.7057305674599959,-0.0013398083479206294,8.670704533385691e-08,-0.7057392342751978,-0.0013403442367808528,8.669105878933356e-08,-0.7057066050410359
positive_JT,1.17,7.748264251008107e-06,0.02999619570500072,0.00044394284013485845,1.7186554153449882,-5.087498967462202e-06,0.0015567640928916492,-3.4259319653986603e-07,0.32278737908790495,-0.5429943794447033,0.08080303577290532,5.451837174386236,5.451837174386236,4,0.006941757161078085,1.0254985075710353e-05,0.30126032135494024,-0.07634314843479773,0.043583419548649326,-0.08080302385215203,0.0763458528214918,0.0435862047739988,-0.08080303577290532,0.07802794114768512,-0.04209396662327719,0.07777040513675677,-0.07803177140802384,-0.04209048495870035,0.07776611181488537,0.0013406965507250877,-8.634302829578442e-08,0.7060473033341865,0.0013409026408500576,-8.634135222794151e-08,0.7060626062847872,-0.0013405320307099528,8.635016825540037e-08,-0.706071276943684,-0.0013410671608650843,8.633421182423639e-08,-0.7060386326752901
positive_JT,1.18,7.697527657689851e-06,0.030011683103970902,0.0004410358474708507,1.7195427779416148,-5.0554058971913825e-06,0.0015434065630063002,-3.42917463033397e-07,0.32278816154803325,-0.5432468700556828,0.08084114454546856,5.452222706296231,5.452222706296231,4,0.006941921580950283,1.0265023359244568e-05,0.30126093365315976,-0.07637951720623563,0.04360392937126933,-0.08084112939890777,0.07638220984328777,0.04360671694995015,-0.08084114454546856,0.07806463393526568,-0.04211356518601516,0.07780526631626632,-0.07806845027772005,-0.042110083690144386,0.0778009746967226,0.0013414131835170816,-8.598711319176412e-08,0.7063765026201374,0.0013416203241255187,-8.598540872905568e-08,0.706391812855778,-0.0013412495675130137,8.599422414576283e-08,-0.7064004873235752,-0.001341783940129793,8.5978297775057e-08,-0.7063678281523407
positive_JT,1.19,7.64711105390674e-06,0.03002703765032807,0.0004381471888566952,1.7204225286442185,-5.0235219860028056e-06,0.0015301693362534997,-3.432373542264523e-07,0.32278893346016274,-0.5434972060286881,0.08087892777790824,5.452604888898313,5.452604888898313,4,0.006942085933409794,1.02750269639444e-05,0.3012615377086316,-0.07641558350313178,0.04362426583540359,-0.08087890941999229,0.0764182644154614,0.04362705575556927,-0.08087892777790824,0.07810101693704902,-0.04213299733309214,0.07783982933148137,-0.07810481938258965,-0.04212951601663342,0.07783553941710128,0.0013421237271168064,-8.56321328407745e-08,0.7067028952228901,0.0013423319143063138,-8.563039955873303e-08,0.7067182126823188,-0.0013419610125858569,8.563921415943778e-08,-0.70672689092454,-0.0013424946288372148,8.562331779598053e-08,-0.7066942169806695
positive_JT,1.2,7.5970123548077975e-06,0.03004226054062506,0.0004352767448392299,1.7212947360102269,-4.991845862066979e-06,0.0015170513341807683,-3.4355289895265987e-07,0.32278969492364334,-0.5437454067797107,0.08091638839221132,5.452983751271656,5.452983751271656,4,0.006942250220643881,1.0284996032258243e-05,0.30126213359954646,-0.07645135004779625,0.043644430502632954,-0.08091636683735866,0.0764540192604368,0.04364722275253245,-0.08091638839221132,0.07813709294254874,-0.042152264565115116,0.0778740968888097,-0.07814088151233488,-0.042148783438648973,0.07786980868229718,0.0013428282353178083,-8.52780881493321e-08,0.7070265064226791,0.001343037465188202,-8.5276326275758e-08,0.7070418310451887,-0.0013426664197205022,8.52851404174043e-08,-0.7070505130276732,-0.0013431992807854053,8.526927400768583e-08,-0.7070178244401952
positive_JT,1.21,7.54722948921806e-06,0.030057352960688122,0.0004324243967488709,1.7221594679824788,-4.9603761597915925e-06,0.0015040514879661882,-3.4386412632408735e-07,0.3227904460368642,-0.5439914915506306,0.08095352928434178,5.453359322250204,5.453359322250204,4,0.006942414444837268,1.0294930705940891e-05,0.3012627214033313,-0.07648681953816326,0.043664424920573076,-0.0809535045469354,0.07648947707625933,0.04366721948854902,-0.08095352928434178,0.07817286471628833,-0.042171368369244996,0.07790807167001533,-0.0781766394316646,-0.04216788744322735,0.07790378517394454,0.001343526761451782,-8.492498035810854e-08,0.7073473612732384,0.0013437370301089208,-8.492319042682183e-08,0.7073626929986656,-0.001343365842248322,8.493200364735226e-08,-0.7073713786875642,-0.0013438979493122143,8.491616713757812e-08,-0.7073386755843403
positive_JT,1.22,7.497760399561427e-06,0.030072316085712505,0.0004295900266951915,1.7230167918947026,-4.929111522590841e-06,0.0014911687383266166,-3.4417106549412153e-07,0.32279118689726344,-0.54423547941072,0.08099035332446113,5.453731630424669,5.453731630424669,4,0.00694257860817182,1.0304831126073624e-05,0.30126330119665773,-0.07652199464800162,0.0436842506229939,-0.08099032541884886,0.0765246405368057,0.043687047497482104,-0.08099035332446113,0.07820833499801733,-0.0421903102193121,0.0779417563324386,-0.07821209588050937,-0.042186829504075714,0.07793747154925587,0.0013442193583947824,-8.457281066559053e-08,0.7076654846037521,0.0013444306619490043,-8.457099268643303e-08,0.7076808233724685,-0.00134405933304464,8.457980478591725e-08,-0.7076895127342429,-0.001344590687299209,8.456399812201712e-08,-0.7076567952419781
positive_JT,1.23,7.448603041767637e-06,0.0300871510803576,0.00042677351756159284,1.7238667744769656,-4.898050605927385e-06,0.0014784020354571925,-3.4447374579117906e-07,0.32279191760133746,-0.544477389258253,0.08102686335716608,5.454100704144501,5.454100704144501,4,0.00694274271282635,1.0314697433058721e-05,0.3012638730554489,-0.07655687802713985,0.04370390912994841,-0.08102683229766056,0.0765595122920088,0.04370670829947765,-0.08102686335716608,0.07824350650294179,-0.04220909157594147,0.07797515350922947,-0.07824725357425218,-0.04220561108169672,0.07797087044125617,0.0013449060785698523,-8.422158100776127e-08,0.7079809010209464,0.0013451184131345756,-8.42197338581549e-08,0.7079962467738539,-0.0013447469445296801,8.422854564713378e-08,-0.708004939775272,-0.0013452775471746675,8.421276877469318e-08,-0.7079722080195283
positive_JT,1.24,7.39975538518702e-06,0.030101859098841038,0.00042397475300041905,1.724709481861067,-4.867192067540227e-06,0.001465750338928578,-3.447721963947921e-07,0.3227926382446505,-0.5447172398220098,0.0810630622017123,5.454466571519814,5.454466571519814,4,0.006942906760976478,1.0324529766615822e-05,0.30126443705488765,-0.07659147230167607,0.04372340194789433,-0.08106302800258888,0.07659409496806839,0.04372620340108338,-0.0810630622017123,0.0782783819219408,-0.04222771388666793,0.07800826580956918,-0.07828211520394492,-0.042224233623505206,0.07800398445900247,0.0013455869739471132,-8.387129141245828e-08,0.7082936349110496,0.0013458003356462047,-8.386941671511426e-08,0.7083089875895787,-0.0013454287286769845,8.387822763160071e-08,-0.7083176841977123,-0.0013459585809161287,8.386248049597184e-08,-0.7082849383029162
positive_JT,1.25,7.35121541251844e-06,0.030116441285032002,0.00042119361742882903,1.7255449795858833,-4.836534577859294e-06,0.00145321261759865,-3.4506644672845943e-07,0.32279334892184386,-0.54495504966277,0.08109895265223187,5.454829260423294,5.454829260423294,4,0.006943070754794371,1.0334328265805644e-05,0.30126499326942346,-0.07662578007418676,0.04374273056981073,-0.08109891532772961,0.07662839116765992,0.04374553429536951,-0.08109895265223187,0.07831296392177862,-0.042246178586052376,0.07804109581888516,-0.07831668343652154,-0.04224269856394176,0.07803681618780067,0.0013462620960535447,-8.35219435753008e-08,0.7086037104417208,0.001346476481015791,-8.352004061750357e-08,0.7086190699878236,-0.0013461047370116976,8.352885060124349e-08,-0.708627770170047,-0.0013466338400577116,8.351313314747169e-08,-0.7085950102594976
positive_JT,1.26,7.302981119721535e-06,0.03013089877254357,0.00041842999602376813,1.7263733326026591,-4.806076814081231e-06,0.0014407878495407815,-3.4535652603641116e-07,0.32279404972664527,-0.5451908371748317,0.08113453747795796,5.45518879849211,5.45518879849211,4,0.006943234696448558,1.0344093069009914e-05,0.30126554177278064,-0.07665980392393662,0.04376189647531906,-0.08113449704228134,0.07666240347014838,0.04376470246205097,-0.08113453747795796,0.07834725514532143,-0.042264487095800066,0.07807364609907207,-0.07835096091501847,-0.042261007324589484,0.07806936818942836,0.0013469314959800062,-8.317352990640462e-08,0.708911151564029,0.001347146900328246,-8.317159912158856e-08,0.7089265179201747,-0.0013467750206117234,8.318040842751662e-08,-0.7089352216441591,-0.001347303375696406,8.316472060047657e-08,-0.7089024478400445
positive_JT,1.27,7.255050515934992e-06,0.030145232684824413,0.00041568377471728547,1.7271946052802623,-4.775817461813295e-06,0.001428475021957268,-3.4564246374752956e-07,0.3227947407518775,-0.545424620587498,0.08116981942344882,5.4555452131297875,5.4555452131297875,4,0.006943398588103821,1.0353824313924059e-05,0.30126608263796456,-0.07669354640709548,0.043780901130809076,-0.08116977589076084,0.07669613443178899,0.04378370936759994,-0.08116981942344882,0.07838125821175905,-0.04228264082486928,0.07810591918871271,-0.07838495025877963,-0.04227916131429538,0.07810164300234726,0.0013475952243607037,-8.282606396668045e-08,0.7092159820143877,0.0013478116442463934,-8.282410548919219e-08,0.7092313551235572,-0.0013474396301322927,8.28329140779275e-08,-0.7092400623572714,-0.0013479672384747365,8.281725582203435e-08,-0.7092072747806741
positive_JT,1.28,7.20742162338425e-06,0.030159444135249545,0.00041295484019124583,1.7280088614103817,-4.745755215847446e-06,0.0014162731310963749,-3.4592428899669494e-07,0.32279542208946793,-0.545656417966546,0.08120480120879818,5.455898531508174,5.455898531508174,4,0.006943562431920973,1.0363522137619271e-05,0.30126661593727,-0.07672701005693108,0.04379974598954569,-0.08120475459322521,0.07672958658594298,0.04380255646537205,-0.08120480120879818,0.07841497571680281,-0.04230064116959327,0.07813791760328526,-0.07841865406367785,-0.04229716192927428,0.07813364314192073,0.0013482533314099555,-8.247954115407107e-08,0.7095182253164537,0.0013484707629833788,-8.247755496981951e-08,0.7095336051221389,-0.0013480986157797812,8.248636243219258e-08,-0.7095423158338432,-0.0013486254786134852,8.247073369169802e-08,-0.7095095146047496
positive_JT,1.29,7.160092477308955e-06,0.030173534227210332,0.0004102430798731733,1.728816164212686,-4.715888778227068e-06,0.0014041811821673953,-3.4620203091104134e-07,0.32279609383045726,-0.5458862472156868,0.08123948552985413,5.456248780569211,5.456248780569211,4,0.006943726230056624,1.037318667647132e-05,0.3012671417422875,-0.07676019738402066,0.04381843249179148,-0.08123943584548468,0.07676276244327478,0.04382124519571764,-0.08123948552985413,0.07844841023290258,-0.0423184895137875,0.0781696438353791,-0.07845207490231745,-0.04231501055322666,0.07816537110062434,0.0013489058669072225,-8.213396198395298e-08,0.7098179047830289,0.0013491243063259353,-8.213194808471783e-08,0.7098332912292249,-0.001348752027333636,8.21407542308079e-08,-0.709842005387471,-0.0013492781458995498,8.21251549496845e-08,-0.7098091906247828
positive_JT,1.3,7.11306112587747e-06,0.030187504054203684,0.00040754838193135263,1.729616576339933,-4.686216857147997e-06,0.0013921981892873689,-3.464757188939212e-07,0.322796756065008,-0.546114126078018,0.08127387505843357,5.456595987026832,5.456595987026832,4,0.006943889984663131,1.0382818066206181e-05,0.30126766012391076,-0.07679311087645234,0.04383696206492401,-0.0812738223193169,0.07679566449195754,0.04383977698609922,-0.08127387505843357,0.07848156430945336,-0.04233618722886455,0.07820110035490427,-0.07848521532424452,-0.04233270855745132,0.0781968293482565,0.0013495528801976903,-8.178932585702177e-08,0.7101150435179472,0.0013497723236315315,-8.178728418351874e-08,0.710130436549146,-0.0013493999141412866,8.179609018133027e-08,-0.7101391541227732,-0.0013499252896879543,8.178052030329947e-08,-0.7101063259443202
positive_JT,1.31,7.066325630121541e-06,0.03020135469992046,0.0004048706352710863,1.7304101598830353,-4.6567381724038244e-06,0.0013803231753517183,-3.4674538187785407e-07,0.32279740888241376,-0.5463400721374657,0.08130797244253554,5.45694017736881,5.45694017736881,4,0.006944053697888285,1.0392416441898221e-05,0.3012681711523436,-0.07682575300002702,0.04385533612354592,-0.08130791666268214,0.07682829519787365,0.0438581532512064,-0.08130797244253554,0.07851444047300178,-0.04235373567394254,0.07823228960930297,-0.07851807785615321,-0.04235025730095378,0.07822802033214864,0.0013501944202105826,-8.144563411246403e-08,0.7104096644179495,0.0013504148638350047,-8.144356497523912e-08,0.7104250639791412,-0.0013500423251316374,8.145237003162887e-08,-0.7104337849372738,-0.001350566958913699,8.143682950016351e-08,-0.7104009434598175
positive_JT,1.32,7.019884063812095e-06,0.03021508723833299,0.0004022097295275781,1.7311969763760744,-4.627451454907583e-06,0.0013685551719999313,-3.4701104872725833e-07,0.3227980523711074,-0.546564102820179,0.08134178030654604,5.457281377858552,5.457281377858552,4,0.006944217371875288,1.0401981937964707e-05,0.30126867489710707,-0.07685812619845282,0.043873556069600875,-0.0813417214999273,0.07686065700481017,0.04387637539306784,-0.08134178030654604,0.07854704122744617,-0.04237113619595528,0.07826321402374944,-0.07855066500208531,-0.04236765813055635,0.07825894647736649,0.0013508305354492788,-8.110288735253859e-08,0.7107017901744898,0.001351051975447878,-8.11007906802437e-08,0.7107171962111533,-0.0013506793088088594,8.110959485928673e-08,-0.7107259205231986,-0.0013512032020879805,8.109408361758478e-08,-0.7106930658624445
positive_JT,1.33,6.97373451340419e-06,0.030228702733782045,0.0003995655550627789,1.731977086801285,-4.598355436172421e-06,0.0013568932195364204,-3.472727483027823e-07,0.32279868661866973,-0.5467862353959937,0.0813753012514555,5.457619614536957,5.457619614536957,4,0.006944381008762464,1.0411514688162169e-05,0.30126917142704585,-0.07689023289354957,0.043891623292489565,-0.08137523943200271,0.07689275233466393,0.04389444480116787,-0.0813753012514555,0.07857936905424577,-0.042388390129764475,0.07829387600136334,-0.07858297924364148,-0.04238491238101073,0.07828961018692328,0.0013514612739973489,-8.076108479310718e-08,0.7109914432756408,0.0013516837065650925,-8.075896106183027e-08,0.711006855733741,-0.0013513109132587482,8.07677641539893e-08,-0.7110155833693856,-0.0013518340673036346,8.075228214503738e-08,-0.7109827156399964
positive_JT,1.34,6.927875077951241e-06,0.030242202241062832,0.0003969380029604723,1.73275055159398,-4.569448862459397e-06,0.001345336366822745,-3.47530509459842e-07,0.322799311711838,-0.5470064869797798,0.0814085378550579,5.457954913224209,5.457954913224209,4,0.006944544610683233,1.0421014825632022e-05,0.30126966081033557,-0.07692207548543774,0.04390953916917509,-0.08140847303666265,0.07692458358762917,0.043912362852553725,-0.0814085378550579,0.07861142641261484,-0.04240549879826292,0.07832427792340563,-0.07861502304017255,-0.042402021375100275,0.07832001384197451,0.001352086683529074,-8.042022776055655e-08,0.7112786460078412,0.001352310104868312,-8.041807652114381e-08,0.7112940648338262,-0.0013519371861560677,8.042687833553994e-08,-0.7113027957630349,-0.0013524596022415434,8.041142550207123e-08,-0.7112699150786326
positive_JT,1.35,6.882303869025057e-06,0.03025558680551035,0.00039432696502169305,1.7335174306474437,-4.540730483319646e-06,0.0013338836712318161,-3.47784360826979e-07,0.3227999277365146,-0.5472248745328562,0.08144149267215921,5.4582872995215075,5.4582872995215075,4,0.006944708179765886,1.0430482482834864e-05,0.3012701431144893,-0.07695365635273517,0.043927305064299454,-0.08144142486867233,0.07695615314239555,0.04393013091194953,-0.08144149267215921,0.07864321573972445,-0.04242246351248532,0.07835442214948189,-0.0786467988289836,-0.04241898642375202,0.07835015980202244,0.001352706811302068,-8.008031509528172e-08,0.7115634204577355,0.0013529312176269325,-8.007813685881017e-08,0.7115788455985301,-0.0013525581747607168,8.008693761273043e-08,-0.7115875797915419,-0.001353079854167958,8.007151389727226e-08,-0.7115546862647231
positive_JT,1.36,6.8370190106467605e-06,0.03026885746308379,0.000391732333760769,1.7342777833177652,-4.512199058885009e-06,0.0013225341985452865,-3.4803433103290645e-07,0.32280053477777465,-0.5474414148643278,0.08147416823477663,5.45861679881289,5.45861679881289,4,0.006944871718133385,1.043991779161618e-05,0.30127061840636427,-0.0769849778527456,0.04394492233028791,-0.08147409746000828,0.07698746335633587,0.043947750331862684,-0.08147416823477663,0.07867473945089541,-0.04243928557170999,0.0783843110177385,-0.07867830902552608,-0.04243580882613699,0.07838005040511191,0.001353321704169763,-7.97413472499578e-08,0.7118457885139154,0.0013535470917041199,-7.973914189764059e-08,0.7118612199169192,-0.001353173925928266,7.97479419013809e-08,-0.7118699573442462,-0.0013536948699455298,7.97325472462175e-08,-0.7118370510865883
positive_JT,1.37,6.792018639180529e-06,0.030282015240450384,0.000389154002399233,1.7350316684286438,-4.483853357580681e-06,0.0013112870229040603,-3.4828044829898884e-07,0.3228011329198747,-0.54765612463249,0.0815065670523444,5.458943436266999,5.458943436266999,4,0.006945035227903348,1.044932088316619e-05,0.30127108675216835,-0.07701604232165382,0.04396239230746187,-0.08150649332006453,0.07701851656570091,0.043965222452696656,-0.0815065670523444,0.07870599993979804,-0.04245596626356796,0.07841394684506343,-0.07870955602359792,-0.042452489869780924,0.07840968796803054,0.0013539314085813492,-7.94033242847897e-08,0.7121257718687379,0.0013541577735565681,-7.940109215069763e-08,0.7121412094818168,-0.001353784486108759,7.940989082208497e-08,-0.7121499501142413,-0.0013543046960293296,7.939452516931317e-08,-0.7121170312363131
positive_JT,1.3800000000000001,6.747300903260305e-06,0.030295061155068456,0.00038659186486162365,1.7357791442761474,-4.455692156317898e-06,0.0013001412267167648,-3.485227410642252e-07,0.32280172224626075,-0.5478690203461457,0.08153869161191066,5.45926723683879,5.45926723683879,4,0.00694519871118781,1.0458691888054525e-05,0.3012715482174665,-0.07704685207470967,0.04397971632414486,-0.08153861493584715,0.07704931508580479,0.04398254860285474,-0.08153869161191066,0.07873699957864216,-0.04247250686414486,0.07844333192727791,-0.07874054219553284,-0.04246903083066422,0.0784390747865014,0.001354535970582736,-7.90662464169244e-08,0.7124033920200359,0.0013547633092431655,-7.906398766055243e-08,0.7124188357915231,-0.0013543899013503506,7.90727847268779e-08,-0.7124275796000943,-0.0013549093784752935,7.90574480183313e-08,-0.7123946482114644
positive_JT,1.3900000000000001,6.70286396371302e-06,0.03030799621526964,0.0003840458157710862,1.7365202686334227,-4.427714238523071e-06,0.0012890959005887879,-3.487612373306397e-07,0.3228023028395762,-0.5480801183659461,0.0815705443783343,5.459588225271296,5.459588225271296,4,0.006945362170093137,1.046803093621198e-05,0.30127200286718764,-0.07707740940641629,0.043996895696768894,-0.08157046477217454,0.07707986121121266,0.043999730098849686,-0.0815705443783343,0.07876774071836923,-0.0424889086380836,0.07847246853933094,-0.07877126989239328,-0.04248543297332688,0.07846821313537651,0.0013551354358240625,-7.87301127488652e-08,0.7126786702728702,0.0013553637444216901,-7.872782677113544e-08,0.7126941201515563,-0.001354990217305427,7.873662389336898e-08,-0.7127028671075899,-0.0013555089629402421,7.87213160707209e-08,-0.712669923316837
positive_JT,1.4000000000000001,6.658705993483819e-06,0.030320821420340482,0.00038151575044508863,1.7372550987553719,-4.399918396242345e-06,0.0012781501432546235,-3.489959651306717e-07,0.3228028747816701,-0.5482894349057258,0.08160212779448449,5.459906426097334,5.459906426097334,4,0.006945525606719851,1.047733815695606e-05,0.30127245076563053,-0.07710771659071618,0.044013931729981755,-0.08160204527187306,0.07711015721592622,0.044016768245408205,-0.08160212779448449,0.07879822568884295,-0.04250517283868843,0.07850135893549148,-0.07880174144416137,-0.04250169755097008,0.07849710526882925,0.001355729849559633,-7.839492367090665e-08,0.7129516277412512,0.0013559591243591516,-7.839261135349363e-08,0.7129670836763893,-0.0013555854792308333,7.840140700984955e-08,-0.7129758337514617,-0.0013561034946879876,7.838612801455074e-08,-0.7129428776661797
positive_JT,1.41,6.614825177549411e-06,0.030333537760603227,0.0003790015648904567,1.7379836913832793,-4.372303430703171e-06,0.0012673030615035902,-3.4922695242980974e-07,0.32280343815360424,-0.5484969860338071,0.08163344428143124,5.460221863641214,5.460221863641214,4,0.006945689023162488,1.0486613678945359e-05,0.3012728919764704,-0.07713777588117374,0.04403082571675038,-0.08163335885597182,0.07714020535356696,0.044033664335576636,-0.08163344428143124,0.07882845679903704,-0.042521300708024685,0.07853000534953652,-0.0788319591599254,-0.04251782580555814,0.07852575342054306,0.0013563192566544543,-7.806067870361393e-08,0.713222285349843,0.0013565494939278054,-7.8058339589875e-08,0.7132377472911344,-0.0013561757319924097,7.806713470417847e-08,-0.7132465004570832,-0.0013566930185897074,7.80518844774889e-08,-0.7132135321838948
positive_JT,1.42,6.571219712837191e-06,0.030346146217496008,0.00037650315579873983,1.7387061027494084,-4.344868148106143e-06,0.0012565537701120252,-3.4945422698740957e-07,0.3228039930356619,-0.5487027876743147,0.08166449623864244,5.460534562020465,5.460534562020465,4,0.006945852421509581,1.049585763026898e-05,0.3012733265627648,-0.07716758951115892,0.04404757893846799,-0.08166440792389577,0.07717000785755945,0.04405041965082506,-0.08166449623864244,0.07885843633722305,-0.042537293477021135,0.07855840999494175,-0.07886192532806947,-0.04253381896791933,0.07855415980390149,0.0013569037015812445,-7.77273774912319e-08,0.7134906638356672,0.0013571348976149193,-7.772501228009178e-08,0.7135061317332627,-0.0013567610200677606,7.773380586620303e-08,-0.7135148879621833,-0.0013572775791284193,7.771858434920986e-08,-0.7134819076067468
positive_JT,1.43,6.527887808172802e-06,0.03035864776365217,0.0003740204205432071,1.7394223885815443,-4.317611362212041e-06,0.0012459013917576313,-3.4967781632640903e-07,0.322804539507355,-0.5489068556084351,0.08169528604416902,5.4608445451474505,5.4608445451474505,4,0.0069460158038433745,1.0505070138346174e-05,0.3012737545869603,-0.07719715969402348,0.044064192665051946,-0.08169519485365381,0.07719956694130838,0.04406703546114902,-0.08169528604416902,0.07888816657115168,-0.042553152365566296,0.07858657506506331,-0.07889164221645305,-0.04254967825784296,0.07858232661216961,0.0013574832284324386,-7.739501985978606e-08,0.7137567837497395,0.0013577153795211563,-7.739262784024684e-08,0.713772257554235,-0.0013573413875505199,7.740142028320936e-08,-0.7137810168184795,-0.00135785722040292,7.738622741682357e-08,-0.7137480244854955
positive_JT,1.44,6.484827684174268e-06,0.03037104336297903,0.0003715532571727811,1.7401326041075087,-4.29053189936679e-06,0.0012353450569662315,-3.4989774783437585e-07,0.32280507764743194,-0.5491092054757323,0.08172581605484124,5.461151836731099,5.461151836731099,4,0.006946179172239818,1.051425133000662e-05,0.30127417611089874,-0.07722648862328517,0.04408066815505122,-0.08172572200203328,0.07722888479838175,0.044083513025174194,-0.08172581605484124,0.07891764974824153,-0.04256887858261061,0.07861450273332768,-0.07892111207260051,-0.04256540488418111,0.07861025601868486,0.0013580578809171502,-7.706360534354605e-08,0.7140206654587846,0.0013582909833668095,-7.706118694560382e-08,0.7140361451212185,-0.0013579168781525561,7.706997828211782e-08,-0.71404490739339,-0.0013584319861312776,7.705481400703207e-08,-0.7140119031866129
positive_JT,1.45,6.44203757317263e-06,0.030383333970735768,0.00036910156440749095,1.7408368040596207,-4.263628589916618e-06,0.0012248839040356334,-3.5011404884934653e-07,0.3228056075338849,-0.5493098527753826,0.08175608860644933,5.461456460278545,5.461456460278545,4,0.006946342528768453,1.0523401331481317e-05,0.3012745911958221,-0.07725557847279987,0.0440970066557445,-0.08175599170478251,0.07725796360268343,0.044099853590255714,-0.08175608860644933,0.07894688809575487,-0.042584473326261967,0.07864219515340895,-0.07895033712387796,-0.04258100004494464,0.07863795017703355,0.0013586277023650744,-7.6733133000777e-08,0.7142823291468363,0.0013588617524905235,-7.673068870145069e-08,0.7142978146186789,-0.0013584875352057925,7.673947872272306e-08,-0.7143065798716344,-0.0013590019196498457,7.672434297950464e-08,-0.7142735638938813
positive_JT,1.46,6.399515719142278e-06,0.030395520533610863,0.00036666524163448045,1.7415350426791343,-4.23690027409141e-06,0.0012145170789601202,-3.5032674660500037e-07,0.3228061292439574,-0.5495088128674505,0.08178610601393578,5.46175843909677,5.46175843909677,4,0.006946505875492207,1.053252026835878e-05,0.30127499990237994,-0.07728443139694,0.04411320940324165,-0.08178600627679976,0.07728680550863234,0.04411605839257805,-0.08178610601393578,0.07897588382098153,-0.042599937783882935,0.07866965445941355,-0.07897931957767547,-0.042596464927399574,0.07866541122123588,0.0013591927357311244,-7.640360298420508e-08,0.7145417948168902,0.0013594277298614155,-7.640113226001986e-08,0.7145572860500491,-0.0013590534016691535,7.640992125760612e-08,-0.7145660542568922,-0.0013595670639236532,7.639481398661883e-08,-0.7145330266100479
positive_JT,1.47,6.357260377630045e-06,0.030407603989798547,0.0003642441889039455,1.74222737372062,-4.2103457968676386e-06,0.0012042437353705204,-3.5053586797726903e-07,0.3228066428541521,-0.549706100974113,0.08181587057157395,5.462057796294197,5.462057796294197,4,0.006946669214467391,1.0541608265647087e-05,0.3012754022906346,-0.07731304953076612,0.044129277622582494,-0.0818157680123156,0.07731541265133283,0.04413212865725654,-0.08181587057157395,0.07900463911141449,-0.042615273132186986,0.07869688276605646,-0.07900806162158366,-0.042611800708164525,0.07869264126592146,0.0013597530235976152,-7.607501442685097e-08,0.7147990822925061,0.0013599889580705033,-7.607251783458808e-08,0.7148145792393177,-0.0013596145201270548,7.608130533793876e-08,-0.7148233503733983,-0.0013601274615408366,7.606622647941109e-08,-0.7147903111584256
positive_JT,1.48,6.315269815665555e-06,0.030419585269074827,0.0003618383069239977,1.7429138504563184,-4.1839640132428485e-06,0.0011940630344609883,-3.507414399313847e-07,0.3228071484402375,-0.5499017321809129,0.08184538455315571,5.462354554782392,5.462354554782392,4,0.006946832547743508,1.0550665447759286e-05,0.3012757984200668,-0.07734143499020234,0.04414521252783674,-0.08184527918507879,0.07734378714675098,0.044148065598434656,-0.08184538455315571,0.07903315613492963,-0.04263048053733378,0.07872388216884223,-0.07903656542357357,-0.042627008553304854,0.0787196424065118,0.0013603086081776057,-7.574736646921581e-08,0.715054211219434,0.0013605454793430977,-7.574484399471284e-08,0.7150697138326564,-0.0013601709327963978,7.575363048497104e-08,-0.71507848786757,-0.0013606831547245033,7.573857997895762e-08,-0.7150454371845205
positive_JT,1.49,6.27354231171641e-06,0.030431465292872675,0.0003594474970580962,1.74359452568045,-4.157753782854429e-06,0.001183974144924478,-3.50943489073367e-07,0.32280764607725565,-0.5500957214379674,0.08187465021216983,5.462648737277606,5.462648737277606,4,0.006946995877363174,1.0559691938469582e-05,0.30127618834958236,-0.07736958987220419,0.044161015322199584,-0.08187454204853443,0.07737193109188245,0.04416387041938191,-0.08187465021216983,0.0790614370399582,-0.04264556115502291,0.07875065474423812,-0.07906483313216883,-0.04264208961842733,0.07874641671939138,0.0013608595313195516,-7.542065864665071e-08,0.7153072010671748,0.0013610973355370677,-7.541811038631337e-08,0.715322709299991,-0.0013607226815283786,7.54268954012083e-08,-0.7153314862095744,-0.0013612341853282664,7.541187318766657e-08,-0.7152984241575915
positive_JT,1.5,6.232076155586022e-06,0.030443244974356628,0.0003570716613191945,1.744269451713489,-4.131713975581784e-06,0.0011739762428771066,-3.5114204195473896e-07,0.32280813583952894,-0.5502880835611755,0.08190366978198134,5.462940366302371,5.462940366302371,4,0.0069471592053620985,1.0568687861000955e-05,0.3012765721375171,-0.07739751625492852,0.04417668719809034,-0.08190355883600357,0.0773998465649219,0.044179544312590156,-0.08190366978198134,0.07908948395566093,-0.04266051613058763,0.07877720254984787,-0.07909286687661951,-0.04265704504877278,0.07877296626208362,0.0013614058345060875,-7.509489033378331e-08,0.7155580711305611,0.0013616445681473982,-7.509231643590137e-08,0.715573584936571,-0.0013612698078089604,7.51011003755004e-08,-0.7155823646949004,-0.0013617805948444733,7.508610639418428e-08,-0.7155492913722322
positive_JT,1.51,6.190869648333025e-06,0.03045492521849666,0.0003547107023651225,1.744938680406395,-4.105843471761604e-06,0.0011640685118172345,-3.513371250210546e-07,0.32280861780066755,-0.5504788332334319,0.08193244547601171,5.463229464187144,5.463229464187144,4,0.006947322533768774,1.0577653337961274e-05,0.30127694984164266,-0.07742521619790325,0.04419222933724818,-0.08193233176086412,0.0774275356254333,0.0441950884598713,-0.08193244547601171,0.07911729899210168,-0.04267534659908827,0.07880352762458721,-0.07912066876707671,-0.04267187597930997,0.07879929307342477,0.0013619475588610528,-7.477006074176457e-08,0.7158068405313294,0.0013621872183081504,-7.476746105207096e-08,0.7158223598645457,-0.001361812352765,7.47762440236892e-08,-0.7158311424459353,-0.0013623224244041715,7.476127821423554e-08,-0.7157980579499399
positive_JT,1.52,6.1499211022110695e-06,0.030466506922141617,0.0003523645234951377,1.7456022631448225,-4.080141149963778e-06,0.0011542501425371048,-3.5152876452975e-07,0.32280909203357633,-0.5506679850058418,0.08196097948791921,5.46351605307184,5.46351605307184,4,0.006947485864604652,1.0586588491357902e-05,0.30127732151917275,-0.07745269174219661,0.04420764291082949,-0.08196086301672992,0.07745500031451878,0.044210504032453135,-0.08196097948791921,0.07914488424042157,-0.04269005368540489,0.07882963198885828,-0.07914824089476609,-0.04268658353482943,0.07882539917373838,0.0013624847451509145,-7.44461694073203e-08,0.7160535282197009,0.0013627253267982713,-7.44435438942161e-08,0.7160690530345482,-0.0013623503571678034,7.445232549980046e-08,-0.7160778384135476,-0.0013628597147814006,7.443738780173596e-08,-0.7160447428407015
positive_JT,1.53,6.109228840599406e-06,0.030477990974091602,0.0003500330286459471,1.7462602508532656,-4.054605905313844e-06,0.0011445203330493604,-3.517169865420682e-07,0.3228095586104618,-0.5508555532988162,0.08198927399176115,5.463800154907348,5.463800154907348,4,0.006947649199883833,1.0595493442656096e-05,0.30127768722676795,-0.07747994491057056,0.04422292907949581,-0.08198915477761434,0.07748224265497275,0.04422579219106858,-0.08198927399176115,0.0791722417729964,-0.04270463850432396,0.07885551764470632,-0.07917558533214539,-0.042701168830027565,0.07885128656499356,0.0013630174337877856,-7.412321457444424e-08,0.7162981529758069,0.0013632589340409106,-7.412056394802708e-08,0.7163136832271146,-0.0013628838614316544,7.412934430693853e-08,-0.7163224713785068,-0.0013633925063970987,7.4114434659622e-08,-0.7162893648244151
positive_JT,1.54,6.068791197904746e-06,0.03048937825516997,0.0003477161223860851,1.7469126939991853,-4.0292366364598176e-06,0.0011348782885457587,-3.519018170412483e-07,0.3228100176028389,-0.5510415524033095,0.08201733114217737,5.464081791457146,5.464081791457146,4,0.006947812541613112,1.0604368312676799e-05,0.3012780470205417,-0.0775069777076541,0.044238088993512246,-0.08201720919811303,0.07750926465145414,0.044240954086053746,-0.08201733114217737,0.07919937364361346,-0.04271910216063181,0.07888118657599816,-0.07920270413308128,-0.042715632969602686,0.07887695723098107,0.0013635456648329247,-7.380119662536668e-08,0.7165407334112894,0.0013637880801076019,-7.379852066553125e-08,0.7165562690542913,-0.0013634129056217033,7.380729925206368e-08,-0.7165650599530906,-0.001363920839318893,7.379241759474506e-08,-0.7165319425124904
positive_JT,1.55,6.02860651951987e-06,0.030500669638294717,0.0003454137099135411,1.7475596425970985,-4.00403224891443e-06,0.001125323221324373,-3.5208328186589473e-07,0.32281046908153793,-0.5512259964819748,0.08204515307456291,5.464360984298784,5.464360984298784,4,0.006947975891791829,1.0613213221717109e-05,0.3012784009560655,-0.07753379212010436,0.04425312379284061,-0.08204502841357635,0.07753606829064914,0.0442559908574404,-0.08204515307456291,0.07922628188763818,-0.04273344574920491,0.07890664074858825,-0.07922959933301589,-0.04272997704834382,0.07890241313748114,0.0013640694779994546,-7.348011355134797e-08,0.7167812879708129,0.0013643128047229334,-7.347741245227741e-08,0.716796828961142,-0.0013639375294546125,7.348619008795303e-08,-0.7168056225825918,-0.0013644447532678437,7.347133635976157e-08,-0.7167724943493636
positive_JT,1.56,5.988673161739353e-06,0.030511865988549065,0.0003431256970509316,1.7482011462126228,-3.978991653849834e-06,0.001115854350725137,-3.522614065053053e-07,0.3228109131167113,-0.5514088995702778,0.08207274190523173,5.464637754825471,5.464637754825471,4,0.006948139252411729,1.062202828946266e-05,0.30127874908837454,-0.07756039011676291,0.044268034607228376,-0.08207261454027381,0.07756265554142558,0.044270903635045385,-0.08207274190523173,0.07925296852217227,-0.04274767035509558,0.07893188211047766,-0.07925627294912638,-0.04274420215121701,0.07892765623242186,0.0013645889126533512,-7.315996533951021e-08,0.717019834933504,0.0013648331472650825,-7.315723857422391e-08,0.7170353812271888,-0.001364457772301012,7.31660146648297e-08,-0.7170441775467586,-0.001364964287617255,7.315118880481524e-08,-0.7170110386139339
positive_JT,1.57,5.948989491684968e-06,0.030522968163251604,0.0003408519902412256,1.7488372539664951,-3.954113774632356e-06,0.0011064709030667035,-3.524362165783603e-07,0.32281134977784,-0.5515902755776677,0.08210009973159235,5.464912124247537,5.464912124247537,4,0.006948302625457044,1.063081363502961e-05,0.30127909147197274,-0.07758677364881905,0.04428282255630207,-0.08209996967556933,0.07758902835499784,0.044285693538564146,-0.08210009973159235,0.07927943554622421,-0.0427617770536226,0.07895691259198355,-0.07928272698049256,-0.04275830935345486,0.07895268844604889,0.0013651040078198307,-7.284075005340671e-08,0.7172563924144816,0.0013653491467704008,-7.283799821939452e-08,0.7172719439679417,-0.001364973673189201,7.284677338492025e-08,-0.7172807429613284,-0.001365479481400923,7.283197533197021e-08,-0.7172475934210958
positive_JT,1.58,5.90955388720385e-06,0.03053397701202561,0.0003385924965419103,1.7494680145385435,-3.929397539827648e-06,0.0010971721115810658,-3.5260773742107647e-07,0.3228117791337404,-0.5517701382886709,0.08212722863230955,5.4651841135939145,5.4651841135939145,4,0.006948466012904239,1.0639569376986536e-05,0.3012794281608383,-0.07761294464996352,0.04429748874965543,-0.08212709589808252,0.0776151886650798,0.044300361677659,-0.08212722863230955,0.07930568494086364,-0.04277576691045524,0.07898173410589508,-0.07930896340825437,-0.042772299720642545,0.0789775116910804,0.0013656148021832049,-7.252246741600098e-08,0.7174909783662744,0.0013658608419340925,-7.251969080183803e-08,0.7175065351363213,-0.001365485270807791,7.252846448450016e-08,-0.7175153367794416,-0.0013659903733095151,7.251369417742806e-08,-0.717482176723155
positive_JT,1.59,5.870364736885113e-06,0.030544893376868033,0.00033634712362594295,1.7500934761716394,-3.904841878358804e-06,0.0010879572163816577,-3.527759941556926e-07,0.32281220125257076,-0.551948501364081,0.08215413066748027,5.465453743713749,5.465453743713749,4,0.006948629416722049,1.0648295633288732e-05,0.30127975920842864,-0.07763890503655341,0.04431203428694338,-0.08215399526786561,0.07764113838805012,0.04431490915205245,-0.08215413066748027,0.07933171866939255,-0.042789640981704895,0.07900634854764366,-0.07933498419578147,-0.042786174308807386,0.07900212786287845,0.0013661213340916392,-7.220511625365476e-08,0.7177236105803577,0.0013663682711167386,-7.2202314441427e-08,0.7177391725241864,-0.0013659926035092351,7.221108665877515e-08,-0.7177479767931793,-0.0013664970016990141,7.219634403630662e-08,-0.7177148063113648
positive_JT,1.6,5.8314204399059855e-06,0.03055571809221762,0.00033411577977293487,1.7507136866756012,-3.880445736856297e-06,0.0010788254643485198,-3.5294101181807326e-07,0.3228126162018379,-0.5521253783419622,0.0821808078787843,5.465721035277739,5.465721035277739,4,0.0069487928388713574,1.0656992521384071e-05,0.30128008466768613,-0.07766465670775433,0.04432646025796382,-0.08218066982655353,0.07766687942309397,0.044329337051609845,-0.0821808078787843,0.07935753867749068,-0.0428034003140034,0.07903075779544803,-0.07936079128881869,-0.04279993416449853,0.07902653883959374,0.001366623641558903,-7.188869564645265e-08,0.7179543066884787,0.001366871472342756,-7.188586864542077e-08,0.7179698737636657,-0.0013664957093110514,7.189463942352307e-08,-0.7179786806348898,-0.0013669994045906139,7.187992442426114e-08,-0.717945499817255
positive_JT,1.61,5.792719405975869e-06,0.03056645198502239,0.00033189837386594657,1.7513286934310603,-3.8562080623158334e-06,0.0010697761091041278,-3.5310281534992837e-07,0.3228130240484031,-0.552300782638811,0.08220726228965641,5.465986008779636,5.465986008779636,4,0.0069489562813051355,1.0665660158085236e-05,0.3012804045910427,-0.07769020154570143,0.04434076774274994,-0.08220712159753571,0.07769241365236505,0.04434364645643059,-0.08220726228965641,0.07938314689338045,-0.04281704594459194,0.07905496371047978,-0.07938638661565156,-0.042813580324874985,0.07905074648233093,0.001367121762267084,-7.157320317544538e-08,0.7181830841641526,0.0013673704833071566,-7.157035193683273e-08,0.7181986563286529,-0.0013669946259000035,7.157912171898777e-08,-0.7182074657786826,-0.0013674976196742733,7.156443428146876e-08,-0.7181742747141233
positive_JT,1.62,5.754260055278369e-06,0.030577095874806674,0.00032969481538816633,1.7519385433933021,-3.832127813162727e-06,0.001060808410939925,-3.532614296429223e-07,0.32281342485848896,-0.5524747275506199,0.08223349590544347,5.466248684537693,5.466248684537693,4,0.006949119745968391,1.0674298659732172e-05,0.3012807190304251,-0.07771554141564915,0.04435495781165474,-0.0822333525861141,0.07771774294113402,0.04435783843693482,-0.08223349590544347,0.07940854522797999,-0.042830578901403495,0.0790789681370158,-0.07941177208725929,-0.042827113817788684,0.07907475263530069,0.0013676157335711,-7.125863939374348e-08,0.7184099603240462,0.0013678653413737253,-7.125576335376862e-08,0.718425537536192,-0.001367489390634294,7.126453156446395e-08,-0.7184343495418171,-0.0013679916843106499,7.124987162713737e-08,-0.7184011483184218
positive_JT,1.6300000000000001,5.716040818422115e-06,0.030587650573737468,0.00032750501442009214,1.7525432830960679,-3.8082039481991037e-06,0.0010519216367695647,-3.5341687881896154e-07,0.3228138186976852,-0.5526472262539623,0.08225951071356752,5.466509082696239,5.466509082696239,4,0.0069492832347980435,1.0682908142044231e-05,0.3012810280372596,-0.07774067816612246,0.04436903152543925,-0.0822593647796652,0.0777428691379407,0.04437191405394837,-0.08225951071356752,0.07943373557505927,-0.04284400020314632,0.07910277290259403,-0.07943694959747037,-0.04284053566186732,0.07909855912597648,0.0013681055924980514,-7.094500251305216e-08,0.7186349523293906,0.0013683560835839165,-7.09421017775963e-08,0.7186505345478836,-0.001367980040545918,7.095086839472395e-08,-0.7186593490861067,-0.001368481635536187,7.093623589592454e-08,-0.7186261377911677
positive_JT,1.6400000000000001,5.678060136338809e-06,0.030598116886690386,0.00032532888163369053,1.7531429586553333,-3.7844354387274164e-06,0.0010431150600746489,-3.53569187626167e-07,0.3228142056309554,-0.5528182918071127,0.08228530868369045,5.4667672232269515,5.4667672232269515,4,0.006949446749722899,1.0691488720220575e-05,0.30128133166247767,-0.07776561362907329,0.04438298993536113,-0.0822851601478059,0.07776779407475058,0.04438587435879439,-0.08228530868369045,0.07945871981140001,-0.04285731085939062,0.07912637981817297,-0.07946192102312327,-0.04285384686660211,0.07912216776525322,0.0013685913757531876,-7.063229084153241e-08,0.718858077187438,0.001368842746652852,-7.062936608792413e-08,0.7188736643713494,-0.0013684666123445557,7.063813102571367e-08,-0.7188824814193838,-0.0013689675100615466,7.06235259037429e-08,-0.7188492601394039
positive_JT,1.6500000000000001,5.640316460243549e-06,0.030608495611314755,0.00032316632829012333,1.7537376157730382,-3.760821259632208e-06,0.0010343879608135714,-3.537183804273883e-07,0.3228145857226427,-0.5529879371510149,0.0823108917678602,5.467023125930296,5.467023125930296,4,0.00694961029266367,1.0700040508881754e-05,0.3012816299565203,-0.077790349620017,0.044396834083252366,-0.08231074064253834,0.07779251956709066,0.04439972039336895,-0.0823108917678602,0.0794834997969354,-0.042870511870643065,0.07914979067827164,-0.0794866882242053,-0.04286704843242053,0.07914558034758716,0.0013690731197214911,-7.032050400412075e-08,0.7190793517527221,0.001369325366978854,-7.031755466677314e-08,0.719094943861488,-0.0013689491424197814,7.032631801687888e-08,-0.7191037633967574,-0.0013694493442805496,7.03117402099258e-08,-0.7190705322174522
positive_JT,1.6600000000000001,5.602808251540916e-06,0.030618787538098224,0.0003210172662343666,1.7543272997407886,-3.7373603959343684e-06,0.001025739625392371,-3.5386448119254755e-07,0.32281495903647617,-0.5531561751103706,0.08233626190067021,5.4672768104370295,5.4672768104370295,4,0.006949773865532732,1.070856362212082e-05,0.30128192296934314,-0.07781488793818328,0.04441056500160673,-0.08233610819841086,0.0778170474142012,0.044413453190230476,-0.08233626190067021,0.07950807737490535,-0.04288360422843113,0.07917300726112349,-0.07951125304400906,-0.042880141350772664,0.0791687986511506,0.0013695508604702163,-7.000964000368538e-08,0.719298792728468,0.0013698039806386859,-7.000666576608664e-08,0.7193143897218869,-0.0013694276668426513,7.001542838382774e-08,-0.7193232117220211,-0.0013699271742662854,7.000087783003352e-08,-0.7192899707283336
positive_JT,1.67,5.565533981774e-06,0.030628993450430842,0.00031888160789229024,1.754912055443528,-3.7140518353208646e-06,0.0010171693465977196,-3.540075137654873e-07,0.3228153256355767,-0.5533230183947092,0.08236142099942084,5.467528296209518,5.467528296209518,4,0.006949937470234237,1.071705817349238e-05,0.3012822107504212,-0.07783923036666672,0.0444241837136649,-0.08236126473267817,0.07784137939918523,0.044427073772682756,-0.08236142099942084,0.07953245437201047,-0.04289658891538481,0.07919603132883098,-0.07953561730928575,-0.042893126604211844,0.07919182443798532,0.0013700246337524547,-6.969969731248624e-08,0.7195164166679883,0.0013702786233981167,-6.96966995934882e-08,0.7195320185062164,-0.0013699022213717806,6.970546013424988e-08,-0.7195408429490515,-0.0013704010357787446,6.969093677172459e-08,-0.7195075922251539
positive_JT,1.68,5.528492132540999e-06,0.03063911412466852,0.00031675926626587936,1.755491927363174,-3.690894576673137e-06,0.00100867642355183,-3.5414750245776553e-07,0.3228156855824628,-0.5534884795993531,0.08238637096426087,5.467777602543146,5.467777602543146,4,0.006950101108663936,1.0725524276010758e-05,0.30128249334875334,-0.07786337867256155,0.04443769123349331,-0.08238621214544314,0.07786551728914459,0.044440583154855266,-0.08238637096426087,0.07955663259855028,-0.04290946690531344,0.07921886462750125,-0.07955978283038277,-0.042906005166470675,0.07921465945413934,0.001370494475004288,-6.939067560384775e-08,0.7197322399759338,0.0013707493307051916,-6.938765353616068e-08,0.7197478466194855,-0.0013703728414471777,6.93964126866406e-08,-0.7197566734830594,-0.0013708709642621985,6.938191645336787e-08,-0.7197234131123602
positive_JT,1.69,5.4916811954403554e-06,0.030649150330196096,0.000314650154930091,1.7560669595822298,-3.6678876228532598e-06,0.0010002601616391743,-3.5428447051143525e-07,0.32281603893905697,-0.5536525712065394,0.08241111367835677,5.468024748567782,5.468024748567782,4,0.0069502647827092085,1.0733962042115329e-05,0.30128277081286764,-0.0778873346071187,0.04445108856607087,-0.08241095231982713,0.07788946283533599,0.04445398234178949,-0.08241111367835677,0.07958061384858453,-0.0429222391632882,0.07924150888740977,-0.07958375140140675,-0.042918778002545635,0.07923730542982999,0.0013709604193595567,-6.908257272891293e-08,0.7199462789097557,0.0013712161377047423,-6.907952639415933e-08,0.719961890319495,-0.0013708395622077985,6.908828436660429e-08,-0.7199707195820481,-0.0013713369948566618,6.907381520055717e-08,-0.7199374496472033
positive_JT,1.7,5.455099672014221e-06,0.030659102829489533,0.0003125541880296145,1.7566371957873508,-3.6450299813374173e-06,0.0009919198724544487,-3.5441844155860433e-07,0.3228163857666912,-0.553815305586322,0.08243565100802522,5.468269753249006,5.468269753249006,4,0.006950428494249001,1.074237158376177e-05,0.3012830431908257,-0.0779110999058718,0.044464376707364486,-0.08243548712210083,0.0779132177732974,0.04446727232951421,-0.08243565100802522,0.07960439990006216,-0.042934906645715976,0.07926396582312621,-0.0796075248003509,-0.042931446068768815,0.07925976407956911,0.0013714225016395176,-6.87753878905868e-08,0.7201585495808778,0.001371679079230254,-6.877231722352211e-08,0.7201741657180191,-0.001371302418479652,6.878107341546099e-08,-0.7201829973579923,-0.001371799162390096,6.876663125455874e-08,-0.7201497179409047
positive_JT,1.71,5.418746073669586e-06,0.030668972378177728,0.00031047128027435314,1.7572026792728832,-3.6223206702499355e-06,0.0009836548737567436,-3.545494391201917e-07,0.3228167261261127,-0.5539766949976439,0.08245998480289352,5.468512635389544,5.468512635389544,4,0.006950592245153713,1.0750753012339934e-05,0.30128331053022706,-0.07793467628878707,0.04447755664441325,-0.08245981840184584,0.07793678382299832,0.044480454105129574,-0.08245998480289352,0.07962799251497546,-0.04294747030041981,0.07928623713366842,-0.07963110478925012,-0.04294401031288915,0.07928203710231943,0.0013718807563623818,-6.846911867452335e-08,0.7203690679560899,0.0013721381898124017,-6.84660244206359e-08,0.7203846887821928,-0.0013717614447855224,6.847477915654454e-08,-0.7203935227782239,-0.0013722575013896342,6.846036393861473e-08,-0.720360233960059
positive_JT,1.72,5.382618921627511e-06,0.030678759725103793,0.0003084013469365148,1.757763452944377,-3.599758710962021e-06,0.0009754644893947069,-3.54677486327283e-07,0.3228170600774897,-0.5541367515892882,0.08248411689604004,5.468753413630575,5.468753413630575,4,0.006950756037285252,1.0759106438721298e-05,0.30128357287821406,-0.0779580654603962,0.044490629355404016,-0.08248394799209506,0.07796016268897211,0.04449352864688444,-0.08248411689604004,0.07965139343949564,-0.042959931066712094,0.0793083245026384,-0.0796544931143162,-0.042956471674146936,0.07930412618162667,0.0013723352177456222,-6.816376453449583e-08,0.7205778498587805,0.0013725935036775746,-6.816064658337624e-08,0.7205934753357497,-0.0013722166753473656,6.81693997274928e-08,-0.720602311666673,-0.0013727120460758017,6.81550113903793e-08,-0.7205690135278574
positive_JT,1.73,5.346716746820851e-06,0.030688465612385845,0.00030634430384475226,1.7583195593220682,-3.577343134582714e-06,0.0009673480492937237,-3.5480260629323074e-07,0.3228173876804174,-0.5542954874009406,0.08250804910415493,5.468992106453174,5.468992106453174,4,0.006950919872496888,1.0767431973244364e-05,0.3012838302814764,-0.07798126910994639,0.04450359580975885,-0.0825078777094926,0.07798335606046614,0.044506496924260217,-0.08250804910415493,0.07967460440412692,-0.04297228987547826,0.07933022959837421,-0.07967769150609229,-0.0429688310833546,0.07932603298577534,0.0013727859197049015,-6.785932380001578e-08,0.7207849109703279,0.0013730450547562352,-6.785618217610354e-08,0.7208005410604059,-0.001372668144086401,6.786493374733651e-08,-0.7208093797052504,-0.0013731628303748258,6.785057222878283e-08,-0.7207760723254838
positive_JT,1.74,5.311038089873202e-06,0.03069809077547706,0.0003043000673829569,1.75887104054432,-3.5550729752393715e-06,0.0009593048893479486,-3.5492482184283846e-07,0.32281770899392315,-0.5544529143640677,0.08253178322766833,5.469228732179516,5.469228732179516,4,0.006951083752633272,1.077572972573474e-05,0.3012840827862553,-0.07800428891152102,0.04451645696820263,-0.08253160935442282,0.07800636561156321,0.04451935989804236,-0.08253178322766833,0.07969762712383073,-0.042984547649242845,0.0793519540740742,-0.07970070167957682,-0.04298108946296571,0.07934775916791016,0.0013732328958610796,-6.755579496707587e-08,0.7209902668312331,0.0013734928766792505,-6.7552629298044e-08,0.7210059014970012,-0.0013731158846280829,6.756137951368459e-08,-0.721014742434988,-0.001373609887912268,6.754704475143529e-08,-0.7209814258932463
positive_JT,1.75,5.275581501014329e-06,0.03070763594322531,0.0003022685544854129,1.759417938371039,-3.5329472752155887e-06,0.0009513343513999224,-3.5504415606075256e-07,0.3228180240764723,-0.5546090443029448,0.0825553210509049,5.469463308974207,5.469463308974207,4,0.006951247679530369,1.0783999805477758e-05,0.30128433043834846,-0.07802712652418495,0.04452921378284734,-0.08255514471116454,0.0780291930013257,0.04453211852040162,-0.0825553210509049,0.07972046329817425,-0.042996705302249624,0.07937349956794433,-0.07972352533437231,-0.04299324772715339,0.07936930636618492,0.0013736761795392178,-6.725317607465627e-08,0.721193932842462,0.001373937002785242,-6.724998694965888e-08,0.7212095720468333,-0.0013735599303034418,6.725873554627259e-08,-0.7212184152573756,-0.0013740532520209294,6.724442747804258e-08,-0.7211850896319202
positive_JT,1.76,5.240345540024375e-06,0.030717101837932304,0.0003002496826336009,1.7599602941870651,-3.5109650833625555e-06,0.0009434357831862032,-3.551606314434624e-07,0.32281833298597357,-0.554763888935604,0.08257866434222441,5.469695854845672,5.469695854845672,4,0.006951411655015476,1.0792242321256801e-05,0.301284573283114,-0.0780497835921167,0.04454186719726668,-0.08257848554803193,0.07805183987392869,0.04454477373497155,-0.08257866434222441,0.079743114611466,-0.04300876374053484,0.07939486770333268,-0.07974616415482064,-0.04300530678188408,0.07939067620389634,0.0013741158037735499,-6.6951465922526e-08,0.7213959242666738,0.001374377466117626,-6.694825337133984e-08,0.7214115679728939,-0.0013740003141503223,6.695700058725285e-08,-0.7214204134355922,-0.0013744929557408495,6.69427191507022e-08,-0.7213870788039753
positive_JT,1.77,5.205328776161581e-06,0.030726489175412146,0.0002982433698520566,1.760498149005525,-3.489125453939068e-06,0.0009356085382772358,-3.552742705160281e-07,0.32281863577978437,-0.5549174598747878,0.08260181485416469,5.469926387647384,5.469926387647384,4,0.006951575680907082,1.0800457381340538e-05,0.3012848113654746,-0.07807226174474236,0.04455441814657358,-0.08260163361751685,0.07807430785879314,0.04455732647692303,-0.08260181485416469,0.07976558273289296,-0.0430207238620006,0.07941606008886622,-0.07976861981014072,-0.043017267524990785,0.07941187028962099,0.0013745518013080274,-6.665066347486435e-08,0.7215962562294665,0.0013748142994338354,-6.664742738833328e-08,0.7216119044011087,-0.001374437068918855,6.66561726431666e-08,-0.7216207520957516,-0.0013749290318229484,6.664191777594183e-08,-0.7215874085348233
positive_JT,1.78,5.170529788111586e-06,0.030735798665049455,0.0002962495347054657,1.7610315434711636,-3.467427448329234e-06,0.0009278519760383763,-3.553850954520036e-07,0.32281893251471644,-0.5550697686288953,0.08262477432358127,5.470154925079214,5.470154925079214,4,0.006951739759014901,1.0808645093461004e-05,0.3012850447299225,-0.0780945625968664,0.04456686755749489,-0.08262459065642921,0.07809659857071805,0.04456977767304171,-0.08262477432358127,0.079787869316656,-0.04303258655648802,0.07943707831858432,-0.07979089395456289,-0.043029130846246016,0.07943289021734863,0.0013749842046003806,-6.635076618737616e-08,0.7217949437205992,0.0013752475352011707,-6.634750719452039e-08,0.7218105963215626,-0.0013748702270707392,6.635625087109035e-08,-0.7218194462281253,-0.0013753615127307518,6.634202251080621e-08,-0.7217860938140368
positive_JT,1.79,5.135947163917507e-06,0.03074503100985687,0.000294268096294658,1.761560517863638,-3.4458701303864878e-06,0.0009201654615468936,-3.5549312904609245e-07,0.3228192232470413,-0.555220826602918,0.08264754447178912,5.470381484688537,5.470381484688537,4,0.006951903891139877,1.0816805564877497e-05,0.3012852734205237,-0.07811668774880476,0.044579216348447546,-0.08264735838603735,0.07811871361001203,0.044582128241800266,-0.08264754447178912,0.0798099760021039,-0.04304435270584871,0.07945792397207337,-0.07981298822746513,-0.0430408976274336,0.07945373756661728,0.0013754130458229377,-6.605177285515992e-08,0.721992001595218,0.0013756772056091253,-6.604849039822583e-08,0.7220076585897229,-0.0013752998207858273,6.605723236251678e-08,-0.7220165106883638,-0.0013757904306461906,6.604303044677976e-08,-0.7219831494965775
positive_JT,1.8,5.1015795009233576e-06,0.03075418690653187,0.00029229897425336524,1.7620851121007732,-3.4244525780602305e-06,0.0009125483655559998,-3.555983928928797e-07,0.32281950803249504,-0.5553706450992764,0.08267012700468428,5.470606083871688,5.470606083871688,4,0.006952068079074043,1.0824938902309041e-05,0.30128549748092126,-0.07813863878650043,0.04459146542960448,-0.08266993851219237,0.07814065456260942,0.044594379093430184,-0.08267012700468428,0.07983190441385449,-0.043056023184011125,0.0794785986145844,-0.07983490425349123,-0.04305256874241505,0.07947441390263012,0.0013758383568667984,-6.575368186866821e-08,0.722187444574943,0.0013761033425556532,-6.575037627695765e-08,0.7222031059275286,-0.0013757258819580734,6.57591166175813e-08,-0.7222119601985895,-0.0013762158174641772,6.574494108395535e-08,-0.7221785903038832
positive_JT,1.81,5.067425405694731e-06,0.030763267045513402,0.00029034208874367703,1.7626053657418073,-3.403173868628144e-06,0.0009050000644798274,-3.557009091343459e-07,0.3228197869262837,-0.5555192353188994,0.08269252361290742,5.470828739875185,5.470828739875185,4,0.006952232324600582,1.0833045211987314e-05,0.3012857169543402,-0.07816041728167478,0.0446036157029819,-0.08269233272548869,0.07816242300022246,0.0446065311300043,-0.08269252361290742,0.07985365616194814,-0.043067598857062114,0.07949910379718751,-0.07985664364270682,-0.04306414505721126,0.07949492077641053,0.0013762601693420764,-6.545649133181312e-08,0.7223812872492628,0.0013765259776632591,-6.545316275869467e-08,0.7223969529247871,-0.0013761484422037539,6.546190187426934e-08,-0.722405809348788,-0.0013766377048014368,6.544775266032769e-08,-0.7223724308252624
positive_JT,1.82,5.033483493984246e-06,0.030772272111038154,0.00028839736045406056,1.7631213179906144,-3.3820330869179524e-06,0.000897519940310251,-3.5580069956010365e-07,0.3228200599830887,-0.5556666083620652,0.08271473597196802,5.471049469796918,5.471049469796918,4,0.006952396629493711,1.0841124599642053e-05,0.3012859318835916,-0.0781820247919455,0.044615668062506164,-0.08271454270139005,0.0781840204804577,0.0446185852455043,-0.08271473597196802,0.07987523284196894,-0.04307908058331217,0.07951944105689168,-0.07987820799071989,-0.043075627430067175,0.07951525972492143,0.0013766785145828,-6.516019974008134e-08,0.7225735440766361,0.0013769451422791482,-6.515684820587702e-08,0.7225892140402678,-0.001376567532862861,6.516558567336309e-08,-0.7225980725979101,-0.001377056123998984,6.51514627166845e-08,-0.722564685518994
positive_JT,1.83,4.9997523906427035e-06,0.030781202781195727,0.0002864647105942706,1.7636330076988667,-3.3610293260577723e-06,0.0008901073805380602,-3.558977855920023e-07,0.3228203272570718,-0.5558127752292207,0.08273676574236695,5.471268290587384,5.471268290587384,4,0.006952560995518828,1.0849177170466363e-05,0.3012861423110766,-0.07820346286094094,0.04462762339407917,-0.08273657010035161,0.07820544854693172,0.0446305423258887,-0.08273676574236695,0.07989663603516295,-0.04309046921335944,0.07953961191676076,-0.0798995988787977,-0.043087016711515984,0.0795354322711814,0.0013770934236481702,-6.486480568765753e-08,0.7227642293855596,0.0013773608674722926,-6.486143139720828e-08,0.7227799036027808,-0.0013769831849988262,6.487016714541686e-08,-0.7227887642749428,-0.0013774711061215975,6.485607038353816e-08,-0.7227553687133977
positive_JT,1.84,4.9662307295800685e-06,0.030790059727983713,0.00028454406089311354,1.7641404733691903,-3.3401616840948386e-06,0.0008827617781638585,-3.5599218891427275e-07,0.32282058880188014,-0.5559577468219747,0.0827586145697442,5.471485219050934,5.471485219050934,4,0.006952725424432257,1.0857203029233545e-05,0.3012863482787904,-0.07822473301843927,0.044639482575659535,-0.08275841656796754,0.07822670872940972,0.044642403249170695,-0.0827586145697442,0.07991786730857935,-0.04310176559016617,0.07955961788605413,-0.07992081787401045,-0.043098313744455725,0.07955543992440609,0.0013775049273222245,-6.457030732436354e-08,0.7229533573758522,0.0013777731840396651,-6.456691023047706e-08,0.722969035812451,-0.0013773954294014207,6.457564409218919e-08,-0.7229778985801862,-0.0013778826819603935,6.456157346265143e-08,-0.7229444946081169
positive_JT,1.85,4.932917153708678e-06,0.03079884361736234,0.00028263533359519405,1.7646437531582955,-3.3194292616272606e-06,0.0008754825316141971,-3.560839310042336e-07,0.3228208446706512,-0.5561015339439699,0.08278028408500987,5.47170027184704,5.47170027184704,4,0.006952889917981411,1.0865202280149247e-05,0.30128654982832603,-0.07824583678049006,0.04465124647733,-0.08278008373510187,0.07824780254392769,0.04465416888548777,-0.08278028408500987,0.07993892821519676,-0.043112970549124684,0.07957946046035239,-0.0799418665293553,-0.043109519364215344,0.07957528418013231,0.0013779130561217235,-6.427670262794564e-08,0.7231409421197914,0.0013781821225106266,-6.427328247284638e-08,0.723156624741863,-0.001377804296593622,6.428201483021753e-08,-0.7231654895864001,-0.0013782908820386824,6.426797027057448e-08,-0.7231320772752554
positive_JT,1.86,4.899810314861857e-06,0.030807555109308455,0.00028073845145625145,1.76514288488007,-3.2988311726072715e-06,0.0008682690447035142,-3.5617303293866283e-07,0.32282109491601796,-0.5562441473017281,0.0828017759044692,5.471913465491428,5.471913465491428,4,0.006953054477904628,1.0873175026968275e-05,0.301286747000879,-0.07826677564953352,0.044662915961367226,-0.08280157321801442,0.07826873149291022,0.04466584009717154,-0.0828017759044692,0.07995982029404408,-0.04312408491812471,0.07959914112167547,-0.07996274638387821,-0.04312063439862179,0.07959496652033747,0.0013783178402939993,-6.398399023258063e-08,0.7233269975632188,0.0013785877131419733,-6.398054767869633e-08,0.7233426843371616,-0.0013782098168270106,6.398927800970514e-08,-0.7233515512398998,-0.001378695736609138,6.397525945748262e-08,-0.7233181306604803
positive_JT,1.87,4.866908873743696e-06,0.030816194857869104,0.0002788533377402826,1.7656379060086493,-3.2783665283288177e-06,0.0008611207265858328,-3.5625951607792563e-07,0.3228213395901138,-0.5563855975055431,0.08282309162995607,5.4721248163572875,5.4721248163572875,4,0.0069532191059312794,1.088112137293984e-05,0.30128693983725036,-0.07828755111452401,0.04467449188231298,-0.08282288661849319,0.07828949706529602,0.044677417738816456,-0.08282309162995607,0.07998054507032808,-0.04313510951762099,0.07961866133861031,-0.07998345896280236,-0.0431316596680677,0.07961448841356678,0.0013787193098186007,-6.369216720855765e-08,0.7235115375266912,0.0013789899859283855,-6.368870243550795e-08,0.7235272284191998,-0.001378612020088317,6.369743112563987e-08,-0.7235360973617124,-0.001379097275658676,6.368343851842574e-08,-0.7235026685841786
positive_JT,1.8800000000000001,4.834211499909277e-06,0.03082476351121457,0.00027697991621840893,1.7661288536814552,-3.2580344494945316e-06,0.0008540369916862168,-3.5634340121431546e-07,0.3228215787445771,-0.5565258950703177,0.0828442328489587,5.472334340676496,5.472334340676496,4,0.006953383803781718,1.0889041420831292e-05,0.3012871283778513,-0.07830816465104887,0.04468597508703975,-0.0828440255239808,0.07831010073665491,0.044688902657349185,-0.0828442328489587,0.08000110405555436,-0.043146045160697866,0.07963802256642986,-0.08000400577764763,-0.043142595985576015,0.0796338513150523,0.0013791174944151046,-6.340123350073589e-08,0.7236945757065802,0.0013793889705989945,-6.339774533232764e-08,0.7237102706846488,-0.0013790109361016582,6.34064727788621e-08,-0.7237191416486768,-0.0013794955289124094,6.339250605420144e-08,-0.7236857047425524
positive_JT,1.8900000000000001,4.801716871644327e-06,0.0308332617116909,0.00027511811116198075,1.7666157647022052,-3.2378340661822843e-06,0.0008470172596810447,-3.564247090147612e-07,0.32282181243055624,-0.5566650504164263,0.0828652011347475,5.472542054540786,5.472542054540786,4,0.0069535485731671365,1.0896935272922626e-05,0.3012873126627064,-0.07832861772144722,0.04469736641482106,-0.08286499150770217,0.07833054396930784,0.04470029569209685,-0.0828652011347475,0.08002149874765095,-0.04315689265313624,0.07965722624721529,-0.08002438832635446,-0.04315344415686665,0.07965305666683468,0.001379512423541212,-6.31111859536474e-08,0.7238761256761829,0.0013797846966218607,-6.310767621897599e-08,0.7238918247071016,-0.0013794065943297893,6.311640153858565e-08,-0.7239006976745541,-0.001379890525833598,6.310246063403773e-08,-0.7238672527087304
positive_JT,1.9000000000000001,4.7694236759332025e-06,0.0308416900958722,0.00027326784734074336,1.7670986755439084,-3.217764510046051e-06,0.0008400609554492038,-3.565034604196122e-07,0.3228220406987144,-0.5568030738705925,0.08288599804650677,5.472747973902887,5.472747973902887,4,0.006953713415789744,1.0904803031024758e-05,0.301287492731458,-0.07834891177493442,0.04470866669740285,-0.08288578612879532,0.07835082821245148,0.044711597674856676,-0.08288599804650677,0.08004173063109342,-0.04316765279348174,0.07967627380997991,-0.08004460809341067,-0.043164204980424975,0.07967210589788828,0.0013799041263922165,-6.28220232885169e-08,0.7240562008868723,0.0013801771932074115,-6.28184911281856e-08,0.7240719039382222,-0.0013797990239745607,6.282721478177746e-08,-0.7240807788911752,-0.001380282295625136,6.281329963492505e-08,-0.7240473259339198
positive_JT,1.9100000000000001,4.737330608409201e-06,0.030850049294612224,0.00027142905001998973,1.767577622351823,-3.197824920387218e-06,0.0008331675090139086,-3.565796758645859e-07,0.3228222635992343,-0.5569399756666988,0.0829066251294545,5.472952114577743,5.472952114577743,4,0.006953878333342635,1.0912644796452127e-05,0.3012876686233694,-0.07836904824771469,0.04471987675906583,-0.08290641093243364,0.07837095490226925,0.044722809429962686,-0.0829066251294545,0.08006180117702216,-0.04317832637310585,0.0796951666707851,-0.08006466654996636,-0.043174879247563365,0.07969100042423548,0.0013802926319110233,-6.253374406093539e-08,0.7242348146691466,0.001380566489306801,-6.253018952160567e-08,0.7242505217087974,-0.0013801882539834867,6.253891151705981e-08,-0.724259398629491,-0.0013806708672342073,6.252502206548126e-08,-0.7242259377484526
positive_JT,1.92,4.705436373272703e-06,0.030858339933095648,0.0002696016449558705,1.7680526409463917,-3.1780144401647155e-06,0.0008263363555064023,-3.5665337579209785e-07,0.32282248118182283,-0.5570757659466319,0.08292708391497004,5.473154492243603,5.473154492243603,4,0.00695404332750973,1.0920460670055561e-05,0.3012878403773291,-0.07838902856309879,0.04473099741669591,-0.08292686744995019,0.07839092546205156,0.04473393177435144,-0.08292708391497004,0.08008171184336273,-0.04318891417627249,0.07971390623285952,-0.08008456515395669,-0.04318546774248705,0.07970974164906708,0.0013806779687817194,-6.224634528351092e-08,0.7244119802337274,0.0013809526136189397,-6.224276848661245e-08,0.7244276912298355,-0.0013805743130483523,6.22514887943819e-08,-0.7244365701006743,-0.0013810562693521056,6.22376249757415e-08,-0.724403101362889
positive_JT,1.93,4.673739683281989e-06,0.03086656263088877,0.00026778555839486804,1.768523766826149,-3.158332220150352e-06,0.0008195669350990453,-3.567245804623408e-07,0.3228226934957155,-0.557210454761075,0.08294737592071151,5.473355122443181,5.473355122443181,4,0.0069542083999659466,1.0928250752222273e-05,0.30128800803185407,-0.07840885413161636,0.044742029479845326,-0.08294715719895807,0.07841074130230549,0.04474496551762726,-0.08294737592071151,0.08010146407494079,-0.04319941698019888,0.07973249388671136,-0.08010430535021397,-0.04319597124235435,0.07972833096285434,0.0013810601654395474,-6.195982605633056e-08,0.7245877106725982,0.001381335594588246,-6.195622699324824e-08,0.7246034255936049,-0.001380957229607911,6.196494587088527e-08,-0.7246123063971548,-0.0013814385304196251,6.195110762278275e-08,-0.724578829869049
positive_JT,1.94,4.642239259647732e-06,0.030874718001989765,0.00026598071706775096,1.768991035170599,-3.1387774158441148e-06,0.0008128586929886839,-3.5679331014296153e-07,0.3228229005896813,-0.5573440520703594,0.0829675026507434,5.473554020584818,5.473554020584818,4,0.006954373552377055,1.09360151428357e-05,0.3012881716250934,-0.07842852635113351,0.044752973750802574,-0.08296728168347589,0.0784304038208746,0.044755911462129136,-0.0829675026507434,0.08012105930360272,-0.04320983555512056,0.0797509310102493,-0.08012388857059122,-0.04320639051734356,0.07974676974346934,0.0013814392500669183,-6.167418400841774e-08,0.7247620189600988,0.001381715460410468,-6.167056321617088e-08,0.7247777377747286,-0.0013813370318518088,6.167928020428697e-08,-0.7247866204937152,-0.0013818176786254955,6.166546746439086e-08,-0.7247531362411127
positive_JT,1.95,4.6109338320051255e-06,0.030882806654878667,0.00026418704818797746,1.7694544808430797,-3.119349187380075e-06,0.0008062110793396718,-3.568595847087752e-07,0.32282310251202706,-0.5574765677452703,0.08298746559565617,5.473751201943584,5.473751201943584,4,0.006954538786399611,1.0943753941350356e-05,0.3012883311948325,-0.07844804660696664,0.04476383102465615,-0.08298724239404916,0.07844991440305135,0.04476677040299616,-0.08298746559565617,0.08014049894833232,-0.04322017066435435,0.07976921896889644,-0.08014331623407718,-0.043216726330714474,0.07976505935629948,0.0013818152505995825,-6.138941733948382e-08,0.7249349179539851,0.0013820922390322054,-6.138577455577144e-08,0.7249506406312394,-0.0013817137477207932,6.139448981667138e-08,-0.7249595252485489,-0.0013821937419109397,6.138070252267309e-08,-0.7249260333366765
positive_JT,1.96,4.5798221383528335e-06,0.03089082919256664,0.00026240447944819717,1.769914138393585,-3.100046702841427e-06,0.000799623549235835,-3.5692342401038735e-07,0.32282329931060205,-0.5576080115678251,0.08300726623268372,5.473946681662408,5.473946681662408,4,0.0069547041036810845,1.0951467246716969e-05,0.301288486778496,-0.07846741627199139,0.04477460208935753,-0.08300704080786647,0.07846927442168619,0.04477754312822988,-0.08300726623268372,0.08015978441536255,-0.043230423064358425,0.0797873591157007,-0.08016258974690821,-0.043226979438868794,0.07978320115435773,0.0013821881947264482,-6.110552469053219e-08,0.7251064203964377,0.0013824659581537025,-6.110186003322711e-08,0.7251221469055944,-0.0013820874049094683,6.111057309503598e-08,-0.7251310334042702,-0.0013825667479705067,6.109681118463412e-08,-0.7250975338977628
positive_JT,1.97,4.548902924987006e-06,0.030898786212645073,0.00026063293901647076,1.77037004206158,-3.080869132943035e-06,0.0007930955626490762,-3.569848479576614e-07,0.3228234910328022,-0.5577383932321104,0.08302690602582734,5.474140474753158,5.474140474753158,4,0.006954869505859818,1.095915515745187e-05,0.30128863841315134,-0.07848663670675841,0.044785287725787895,-0.08302667838888368,0.07848848523730503,0.044788230418760885,-0.08302690602582734,0.08017891709829456,-0.04324059350479614,0.07980535279145286,-0.08018171050268812,-0.043237150591414385,0.07980119647840068,0.0013825581098918765,-6.08225031297283e-08,0.7252765389151457,0.0013828366452316248,-6.081881643274558e-08,0.7252922692257577,-0.001382458030868788,6.08275280757569e-08,-0.725301157588998,-0.0013829367242546658,6.081379148671699e-08,-0.7252676505519056
positive_JT,1.98,4.51817494645057e-06,0.030906678307334137,0.00025887235553336436,1.7708222257787811,-3.0618156577741907e-06,0.0007866265843899754,-3.5704387598881906e-07,0.32282367772557496,-0.5578677223450406,0.08304638642596998,5.474332596097793,5.474332596097793,4,0.006955034994564962,1.0966817771607766e-05,0.3012887861355127,-0.0785057092596013,0.04479588870781939,-0.0830461565879383,0.07850754819821486,0.04479883304851046,-0.08304638642596998,0.08019789837820823,-0.04325068272859607,0.07982320132479487,-0.0802006798824978,-0.043247240531224376,0.07981904665703661,0.0013829250232982116,-6.05403506497157e-08,0.7254452860243032,0.0013832043274801776,-6.053664261638337e-08,0.7254610201061965,-0.0013828256528064815,6.054535274208945e-08,-0.7254699103173552,-0.0013833036979719717,6.053164141218804e-08,-0.7254363958131449
positive_JT,1.99,4.487636965493712e-06,0.030914506063530887,0.00025712265810968554,1.7712707231719123,-3.0428854564082685e-06,0.0007802160840469944,-3.571005276496289e-07,0.32282385943542313,-0.5579960084271595,0.083065708870996,5.474523060449384,5.474523060449384,4,0.0069552005714165616,1.097445518676098e-05,0.30128892998194445,-0.0785246352667481,0.04480640580237741,-0.08306547684286981,0.07852646464061612,0.04480935178445318,-0.083065708870996,0.08021672962377568,-0.04326069147201104,0.07984090603233313,-0.08021949925500937,-0.04325724999449722,0.07983675300683886,0.0013832889619127319,-6.025906631905178e-08,0.7256126741256428,0.0013835690318774185,-6.025533697501987e-08,0.7256284119489121,-0.001383190297695821,6.026404493555108e-08,-0.7256373039914962,-0.0013836676960943632,6.02503588026098e-08,-0.725603782083059
